Date,melt_rate,Seconds
2018-08-02 17:30:00,2.4712633333333334,0.0
2018-08-02 17:45:00,2.4977633333333333,900.0
2018-08-02 18:00:00,2.506596666666667,1800.0
2018-08-02 18:15:00,2.5161591666666667,2700.0
2018-08-02 18:30:00,2.52143,3600.0
2018-08-02 18:45:00,2.523805,4500.0
2018-08-02 19:00:00,2.5232357142857142,5400.0
2018-08-02 19:15:00,2.5121004166666667,6300.0
2018-08-02 19:30:00,2.5022544444444446,7200.0
2018-08-02 19:45:00,2.4774693333333335,8100.000000000001
2018-08-02 20:00:00,2.4439330303030307,9000.0
2018-08-02 20:15:00,2.415381944444445,9900.0
2018-08-02 20:30:00,2.359738205128205,10800.0
2018-08-02 20:45:00,2.295702380952381,11700.0
2018-08-02 21:00:00,2.2386380000000003,12600.0
2018-08-02 21:15:00,2.1470991111111113,13500.0
2018-08-02 21:30:00,2.0512602222222225,14400.0
2018-08-02 21:45:00,1.8829760000000002,15300.000000000002
2018-08-02 22:00:00,1.7133195555555558,16200.000000000002
2018-08-02 22:15:00,1.543818666666667,17100.0
2018-08-02 22:30:00,1.3747733333333336,18000.0
2018-08-02 22:45:00,1.2067853333333336,18900.0
2018-08-02 23:00:00,1.0445084444444448,19800.0
2018-08-02 23:15:00,0.8829426666666669,20700.0
2018-08-02 23:30:00,0.7326491111111113,21600.0
2018-08-02 23:45:00,0.5920777777777779,22500.0
2018-08-03 00:00:00,0.4519897777777778,23400.0
2018-08-03 00:15:00,0.33918888888888893,24300.0
2018-08-03 00:30:00,0.24163977777777781,25200.0
2018-08-03 00:45:00,0.14565733333333336,26100.0
2018-08-03 01:00:00,0.07244533333333335,27000.0
2018-08-03 01:15:00,0.0015120000000000023,27900.0
2018-08-03 01:30:00,0.0030777777777777804,28800.0
2018-08-03 01:45:00,0.0030777777777777804,29700.000000000004
2018-08-03 02:00:00,0.0055546666666666696,30600.000000000004
2018-08-03 02:15:00,0.007720444444444448,31500.000000000004
2018-08-03 02:30:00,0.010347333333333339,32400.000000000004
2018-08-03 02:45:00,0.012974222222222227,33300.0
2018-08-03 03:00:00,0.015295555555555562,34200.0
2018-08-03 03:15:00,0.017922444444444453,35100.0
2018-08-03 03:30:00,0.020860444444444452,36000.0
2018-08-03 03:45:00,0.022565111111111116,36900.0
2018-08-03 04:00:00,0.02350311111111112,37800.0
2018-08-03 04:15:00,0.024441111111111122,38700.0
2018-08-03 04:30:00,0.025223555555555565,39600.0
2018-08-03 04:45:00,0.02631711111111112,40500.0
2018-08-03 05:00:00,0.026665333333333343,41400.0
2018-08-03 05:15:00,0.027115333333333345,42300.0
2018-08-03 05:30:00,0.029382888888888903,43200.0
2018-08-03 05:45:00,0.02917355555555557,44100.0
2018-08-03 06:00:00,0.030573555555555573,45000.0
2018-08-03 06:15:00,0.031668000000000016,45900.0
2018-08-03 06:30:00,0.0343068888888889,46800.0
2018-08-03 06:45:00,0.038168000000000014,47700.0
2018-08-03 07:00:00,0.044401333333333355,48600.0
2018-08-03 07:15:00,0.05047355555555558,49500.0
2018-08-03 07:30:00,0.059173555555555576,50400.0
2018-08-03 07:45:00,0.0690957777777778,51300.0
2018-08-03 08:00:00,0.08003644444444445,52200.0
2018-08-03 08:15:00,0.09143822222222224,53100.0
2018-08-03 08:30:00,0.10338266666666668,54000.0
2018-08-03 08:45:00,0.1149677777777778,54900.0
2018-08-03 09:00:00,0.12861955555555557,55800.0
2018-08-03 09:15:00,0.14515288888888891,56700.0
2018-08-03 09:30:00,0.16261955555555557,57600.0
2018-08-03 09:45:00,0.17954911111111113,58500.00000000001
2018-08-03 10:00:00,0.19887133333333334,59400.00000000001
2018-08-03 10:15:00,0.21720644444444445,60300.00000000001
2018-08-03 10:30:00,0.23478044444444446,61200.00000000001
2018-08-03 10:45:00,0.24937111111111113,62100.00000000001
2018-08-03 11:00:00,0.2635822222222223,63000.00000000001
2018-08-03 11:15:00,0.2774600000000001,63900.00000000001
2018-08-03 11:30:00,0.2899711111111112,64800.00000000001
2018-08-03 11:45:00,0.3020693333333334,65700.0
2018-08-03 12:00:00,0.3180360000000001,66600.0
2018-08-03 12:15:00,0.3383044444444446,67500.0
2018-08-03 12:30:00,0.3590711111111113,68400.0
2018-08-03 12:45:00,0.37885444444444455,69300.0
2018-08-03 13:00:00,0.3966915555555557,70200.0
2018-08-03 13:15:00,0.4128397777777779,71100.0
2018-08-03 13:30:00,0.428376888888889,72000.0
2018-08-03 13:45:00,0.44151577777777784,72900.0
2018-08-03 14:00:00,0.4548528888888889,73800.0
2018-08-03 14:15:00,0.46404733333333337,74700.0
2018-08-03 14:30:00,0.4730917777777778,75600.0
2018-08-03 14:45:00,0.4833935555555556,76500.0
2018-08-03 15:00:00,0.4899046666666667,77400.0
2018-08-03 15:15:00,0.49589533333333335,78300.0
2018-08-03 15:30:00,0.5014304444444445,79200.0
2018-08-03 15:45:00,0.5034731111111111,80100.0
2018-08-03 16:00:00,0.5005102222222223,81000.0
2018-08-03 16:15:00,0.49754733333333334,81900.0
2018-08-03 16:30:00,0.49531955555555557,82800.0
2018-08-03 16:45:00,0.4925806666666667,83700.0
2018-08-03 17:00:00,0.4907473333333333,84600.0
2018-08-03 17:15:00,0.49197133333333326,85500.0
2018-08-03 17:30:00,0.4930786666666666,86400.0
2018-08-03 17:45:00,0.4940304444444444,87300.0
2018-08-03 18:00:00,0.5004637777777777,88200.0
2018-08-03 18:15:00,0.5060082222222222,89100.0
2018-08-03 18:30:00,0.5069082222222222,90000.0
2018-08-03 18:45:00,0.5102377777777778,90900.0
2018-08-03 19:00:00,0.5129488888888889,91800.0
2018-08-03 19:15:00,0.5135026666666667,92700.0
2018-08-03 19:30:00,0.5129248888888889,93600.0
2018-08-03 19:45:00,0.5118637777777777,94500.0
2018-08-03 20:00:00,0.5077304444444444,95400.0
2018-08-03 20:15:00,0.501323111111111,96300.0
2018-08-03 20:30:00,0.4948397777777777,97200.0
2018-08-03 20:45:00,0.48850644444444435,98100.0
2018-08-03 21:00:00,0.4786657777777777,99000.0
2018-08-03 21:15:00,0.4695362222222222,99900.0
2018-08-03 21:30:00,0.4604066666666666,100800.0
2018-08-03 21:45:00,0.44978266666666655,101700.0
2018-08-03 22:00:00,0.4410975555555554,102600.0
2018-08-03 22:15:00,0.436329111111111,103500.0
2018-08-03 22:30:00,0.4319662222222221,104400.0
2018-08-03 22:45:00,0.4294644444444443,105300.0
2018-08-03 23:00:00,0.4271088888888887,106200.0
2018-08-03 23:15:00,0.4243828888888887,107100.0
2018-08-03 23:30:00,0.41702733333333314,108000.0
2018-08-03 23:45:00,0.41191244444444425,108900.0
2018-08-04 00:00:00,0.40467355555555534,109800.0
2018-08-04 00:15:00,0.3967957777777776,110700.0
2018-08-04 00:30:00,0.3879846666666665,111600.0
2018-08-04 00:45:00,0.3787586666666665,112500.0
2018-08-04 01:00:00,0.3683364444444443,113400.0
2018-08-04 01:15:00,0.3557548888888888,114300.0
2018-08-04 01:30:00,0.3421715555555555,115200.0
2018-08-04 01:45:00,0.32858822222222217,116100.0
2018-08-04 02:00:00,0.3131771111111111,117000.00000000001
2018-08-04 02:15:00,0.29810488888888886,117900.00000000001
2018-08-04 02:30:00,0.2829271111111111,118800.00000000001
2018-08-04 02:45:00,0.26886599999999994,119700.00000000001
2018-08-04 03:00:00,0.25518088888888885,120600.00000000001
2018-08-04 03:15:00,0.24600866666666663,121500.00000000001
2018-08-04 03:30:00,0.23631799999999994,122400.00000000001
2018-08-04 03:45:00,0.22815688888888885,123300.00000000001
2018-08-04 04:00:00,0.22032911111111106,124200.00000000001
2018-08-04 04:15:00,0.2134346666666666,125100.00000000001
2018-08-04 04:30:00,0.20725511111111103,126000.00000000001
2018-08-04 04:45:00,0.2009328888888888,126900.00000000001
2018-08-04 05:00:00,0.1958699999999999,127800.00000000001
2018-08-04 05:15:00,0.19266066666666656,128700.00000000001
2018-08-04 05:30:00,0.18878844444444437,129600.00000000001
2018-08-04 05:45:00,0.18752733333333324,130500.00000000001
2018-08-04 06:00:00,0.18626244444444437,131400.0
2018-08-04 06:15:00,0.1875697777777777,132300.0
2018-08-04 06:30:00,0.1921197777777777,133200.0
2018-08-04 06:45:00,0.19875866666666658,134100.0
2018-08-04 07:00:00,0.20972533333333324,135000.0
2018-08-04 07:15:00,0.2253437777777777,135900.0
2018-08-04 07:30:00,0.2441177777777777,136800.0
2018-08-04 07:45:00,0.26011955555555544,137700.0
2018-08-04 08:00:00,0.2767917777777777,138600.0
2018-08-04 08:15:00,0.2960324444444444,139500.0
2018-08-04 08:30:00,0.3174953333333333,140400.0
2018-08-04 08:45:00,0.3456248888888888,141300.0
2018-08-04 09:00:00,0.3728397777777777,142200.0
2018-08-04 09:15:00,0.4039342222222222,143100.0
2018-08-04 09:30:00,0.45500644444444444,144000.0
2018-08-04 09:45:00,0.5051935555555555,144900.0
2018-08-04 10:00:00,0.5595195555555555,145800.0
2018-08-04 10:15:00,0.6114473333333333,146700.0
2018-08-04 10:30:00,0.664976888888889,147600.0
2018-08-04 10:45:00,0.7207508888888889,148500.0
2018-08-04 11:00:00,0.7721675555555556,149400.0
2018-08-04 11:15:00,0.8220380000000002,150300.0
2018-08-04 11:30:00,0.8828584444444446,151200.0
2018-08-04 11:45:00,0.9639584444444446,152100.0
2018-08-04 12:00:00,1.0668862222222226,153000.0
2018-08-04 12:15:00,1.1795788888888894,153900.0
2018-08-04 12:30:00,1.2931566666666672,154800.0
2018-08-04 12:45:00,1.410130666666667,155700.0
2018-08-04 13:00:00,1.5238640000000006,156600.0
2018-08-04 13:15:00,1.6231362222222228,157500.0
2018-08-04 13:30:00,1.7218306666666672,158400.0
2018-08-04 13:45:00,1.8142528888888896,159300.0
2018-08-04 14:00:00,1.9044917777777786,160200.0
2018-08-04 14:15:00,1.9893066666666674,161100.0
2018-08-04 14:30:00,2.0684937777777788,162000.0
2018-08-04 14:45:00,2.151164222222223,162900.0
2018-08-04 15:00:00,2.2463420000000007,163800.0
2018-08-04 15:15:00,2.3318753333333344,164700.0
2018-08-04 15:30:00,2.4005326666666678,165600.0
2018-08-04 15:45:00,2.453949333333334,166500.0
2018-08-04 16:00:00,2.501927111111111,167400.0
2018-08-04 16:15:00,2.5444142222222226,168300.0
2018-08-04 16:30:00,2.5825457777777787,169200.0
2018-08-04 16:45:00,2.6205142222222233,170100.0
2018-08-04 17:00:00,2.654510444444446,171000.0
2018-08-04 17:15:00,2.6886882222222237,171900.0
2018-08-04 17:30:00,2.715301111111112,172800.0
2018-08-04 17:45:00,2.7473584444444454,173700.0
2018-08-04 18:00:00,2.7690528888888903,174600.0
2018-08-04 18:15:00,2.7889806666666677,175500.0
2018-08-04 18:30:00,2.7939768888888903,176400.0
2018-08-04 18:45:00,2.784878666666668,177300.0
2018-08-04 19:00:00,2.7749026666666676,178200.0
2018-08-04 19:15:00,2.743519333333334,179100.0
2018-08-04 19:30:00,2.696695333333334,180000.0
2018-08-04 19:45:00,2.643039777777779,180900.0
2018-08-04 20:00:00,2.5855620000000012,181800.0
2018-08-04 20:15:00,2.525817555555556,182700.0
2018-08-04 20:30:00,2.4640602222222228,183600.0
2018-08-04 20:45:00,2.3932584444444456,184500.0
2018-08-04 21:00:00,2.3187973333333343,185400.0
2018-08-04 21:15:00,2.242451111111112,186300.0
2018-08-04 21:30:00,2.1591400000000007,187200.0
2018-08-04 21:45:00,2.0787122222222227,188100.0
2018-08-04 22:00:00,1.9907900000000007,189000.0
2018-08-04 22:15:00,1.9063455555555564,189900.0
2018-08-04 22:30:00,1.816212222222223,190800.0
2018-08-04 22:45:00,1.7186160000000008,191700.0
2018-08-04 23:00:00,1.6241493333333343,192600.0
2018-08-04 23:15:00,1.5317215555555566,193500.0
2018-08-04 23:30:00,1.4216326666666677,194400.0
2018-08-04 23:45:00,1.3121104444444454,195300.0
2018-08-05 00:00:00,1.2056548888888898,196200.0
2018-08-05 00:15:00,1.0978937777777786,197100.0
2018-08-05 00:30:00,0.9963660000000008,198000.0
2018-08-05 00:45:00,0.8952677777777786,198900.0
2018-08-05 01:00:00,0.8008288888888895,199800.0
2018-08-05 01:15:00,0.7068604444444451,200700.0
2018-08-05 01:30:00,0.6209826666666672,201600.0
2018-08-05 01:45:00,0.5423437777777784,202500.0
2018-08-05 02:00:00,0.4726437777777784,203400.0
2018-08-05 02:15:00,0.4065531111111117,204300.0
2018-08-05 02:30:00,0.3480142222222228,205200.0
2018-08-05 02:45:00,0.30307911111111163,206100.0
2018-08-05 03:00:00,0.26314577777777826,207000.0
2018-08-05 03:15:00,0.24129577777777828,207900.0
2018-08-05 03:30:00,0.21988466666666717,208800.0
2018-08-05 03:45:00,0.19869577777777828,209700.0
2018-08-05 04:00:00,0.1790513333333338,210600.0
2018-08-05 04:15:00,0.16080133333333382,211500.0
2018-08-05 04:30:00,0.14632177777777824,212400.0
2018-08-05 04:45:00,0.1328162222222227,213300.0
2018-08-05 05:00:00,0.12345688888888935,214200.0
2018-08-05 05:15:00,0.11497355555555601,215100.0
2018-08-05 05:30:00,0.10659200000000045,216000.0
2018-08-05 05:45:00,0.09669022222222266,216900.0
2018-08-05 06:00:00,0.09030311111111154,217800.0
2018-08-05 06:15:00,0.08763644444444488,218700.0
2018-08-05 06:30:00,0.08466977777777822,219600.0
2018-08-05 06:45:00,0.08203644444444487,220500.0
2018-08-05 07:00:00,0.08026600000000042,221400.0
2018-08-05 07:15:00,0.08360666666666708,222300.0
2018-08-05 07:30:00,0.09008066666666709,223200.0
2018-08-05 07:45:00,0.1046268888888893,224100.0
2018-08-05 08:00:00,0.12460466666666707,225000.0
2018-08-05 08:15:00,0.1506231111111115,225900.0
2018-08-05 08:30:00,0.18543422222222264,226800.0
2018-08-05 08:45:00,0.22782688888888933,227700.0
2018-08-05 09:00:00,0.2773102222222227,228600.0
2018-08-05 09:15:00,0.3342602222222227,229500.0
2018-08-05 09:30:00,0.3997008888888894,230400.0
2018-08-05 09:45:00,0.4723842222222227,231300.0
2018-08-05 10:00:00,0.5463008888888895,232200.0
2018-08-05 10:15:00,0.6279526666666672,233100.0
2018-08-05 10:30:00,0.7160211111111116,234000.00000000003
2018-08-05 10:45:00,0.8101748888888893,234900.00000000003
2018-08-05 11:00:00,0.9082342222222227,235800.00000000003
2018-08-05 11:15:00,1.0110731111111118,236700.00000000003
2018-08-05 11:30:00,1.1148620000000007,237600.00000000003
2018-08-05 11:45:00,1.2190786666666673,238500.00000000003
2018-08-05 12:00:00,1.3274991111111116,239400.00000000003
2018-08-05 12:15:00,1.4407713333333336,240300.00000000003
2018-08-05 12:30:00,1.5520786666666668,241200.00000000003
2018-08-05 12:45:00,1.6625064444444446,242100.00000000003
2018-08-05 13:00:00,1.772965777777778,243000.00000000003
2018-08-05 13:15:00,1.8811880000000003,243900.00000000003
2018-08-05 13:30:00,1.987526888888889,244800.00000000003
2018-08-05 13:45:00,2.094150888888889,245700.00000000003
2018-08-05 14:00:00,2.198339777777778,246600.00000000003
2018-08-05 14:15:00,2.2993842222222227,247500.00000000003
2018-08-05 14:30:00,2.397213777777778,248400.00000000003
2018-08-05 14:45:00,2.489958222222222,249300.00000000003
2018-08-05 15:00:00,2.5773471111111106,250200.00000000003
2018-08-05 15:15:00,2.6582526666666664,251100.00000000003
2018-08-05 15:30:00,2.7302766666666662,252000.00000000003
2018-08-05 15:45:00,2.7913228888888884,252900.00000000003
2018-08-05 16:00:00,2.8412857777777774,253800.00000000003
2018-08-05 16:15:00,2.886969111111111,254700.00000000003
2018-08-05 16:30:00,2.927132,255600.00000000003
2018-08-05 16:45:00,2.9594486666666664,256500.00000000003
2018-08-05 17:00:00,2.9852302222222216,257400.00000000003
2018-08-05 17:15:00,3.0046951111111104,258300.00000000003
2018-08-05 17:30:00,3.018237777777777,259200.00000000003
2018-08-05 17:45:00,3.0234266666666656,260100.00000000003
2018-08-05 18:00:00,3.0207766666666656,261000.00000000003
2018-08-05 18:15:00,3.0117471111111103,261900.00000000003
2018-08-05 18:30:00,2.9951415555555547,262800.0
2018-08-05 18:45:00,2.9712471111111105,263700.0
2018-08-05 19:00:00,2.941806444444444,264600.0
2018-08-05 19:15:00,2.909038,265500.0
2018-08-05 19:30:00,2.8687546666666663,266400.0
2018-08-05 19:45:00,2.821841777777778,267300.0
2018-08-05 20:00:00,2.7650844444444447,268200.0
2018-08-05 20:15:00,2.7009826666666665,269100.0
2018-08-05 20:30:00,2.6328955555555558,270000.0
2018-08-05 20:45:00,2.5535844444444447,270900.0
2018-08-05 21:00:00,2.461564,271800.0
2018-08-05 21:15:00,2.368252888888889,272700.0
2018-08-05 21:30:00,2.2721473333333337,273600.0
2018-08-05 21:45:00,2.171378888888889,274500.0
2018-08-05 22:00:00,2.0708362222222223,275400.0
2018-08-05 22:15:00,1.9639028888888888,276300.0
2018-08-05 22:30:00,1.858786222222222,277200.0
2018-08-05 22:45:00,1.7546935555555554,278100.0
2018-08-05 23:00:00,1.638060222222222,279000.0
2018-08-05 23:15:00,1.5258324444444442,279900.0
2018-08-05 23:30:00,1.4129675555555552,280800.0
2018-08-05 23:45:00,1.3006675555555554,281700.0
2018-08-06 00:00:00,1.1909693333333329,282600.0
2018-08-06 00:15:00,1.0789731111111107,283500.0
2018-08-06 00:30:00,0.9741471111111105,284400.0
2018-08-06 00:45:00,0.8812342222222217,285300.0
2018-08-06 01:00:00,0.7877731111111106,286200.0
2018-08-06 01:15:00,0.6988879999999995,287100.0
2018-08-06 01:30:00,0.6172102222222215,288000.0
2018-08-06 01:45:00,0.5375824444444438,288900.0
2018-08-06 02:00:00,0.4686379999999993,289800.0
2018-08-06 02:15:00,0.4023084444444437,290700.0
2018-08-06 02:30:00,0.3393288888888881,291600.0
2018-08-06 02:45:00,0.2943288888888881,292500.0
2018-08-06 03:00:00,0.2530159999999992,293400.0
2018-08-06 03:15:00,0.21641977777777696,294300.0
2018-08-06 03:30:00,0.18690311111111027,295200.0
2018-08-06 03:45:00,0.16121799999999917,296100.0
2018-08-06 04:00:00,0.14237355555555473,297000.0
2018-08-06 04:15:00,0.12856622222222142,297900.0
2018-08-06 04:30:00,0.11442177777777697,298800.0
2018-08-06 04:45:00,0.10506622222222142,299700.0
2018-08-06 05:00:00,0.09696622222222141,300600.0
2018-08-06 05:15:00,0.08903288888888808,301500.0
2018-08-06 05:30:00,0.08217733333333252,302400.0
2018-08-06 05:45:00,0.07687733333333252,303300.0
2018-08-06 06:00:00,0.07166799999999919,304200.0
2018-08-06 06:15:00,0.06699022222222142,305100.0
2018-08-06 06:30:00,0.06217911111111032,306000.0
2018-08-06 06:45:00,0.05937355555555476,306900.0
2018-08-06 07:00:00,0.05916799999999921,307800.0
2018-08-06 07:15:00,0.062469777777776986,308700.0
2018-08-06 07:30:00,0.07138266666666589,309600.0
2018-08-06 07:45:00,0.08609377777777699,310500.0
2018-08-06 08:00:00,0.10808444444444364,311400.0
2018-08-06 08:15:00,0.13863066666666587,312300.0
2018-08-06 08:30:00,0.1787695555555548,313200.0
2018-08-06 08:45:00,0.2279213333333326,314100.0
2018-08-06 09:00:00,0.2845286666666659,315000.0
2018-08-06 09:15:00,0.34452133333333257,315900.0
2018-08-06 09:30:00,0.41176199999999924,316800.0
2018-08-06 09:45:00,0.48034911111111034,317700.0
2018-08-06 10:00:00,0.5516175555555548,318600.0
2018-08-06 10:15:00,0.6348175555555547,319500.0
2018-08-06 10:30:00,0.7295786666666658,320400.0
2018-08-06 10:45:00,0.8256471111111103,321300.0
2018-08-06 11:00:00,0.927241555555555,322200.0
2018-08-06 11:15:00,1.0405471111111104,323100.0
2018-08-06 11:30:00,1.1494211111111103,324000.0
2018-08-06 11:45:00,1.262902666666666,324900.0
2018-08-06 12:00:00,1.3744953333333327,325800.0
2018-08-06 12:15:00,1.4870193333333328,326700.0
2018-08-06 12:30:00,1.5941748888888883,327600.0
2018-08-06 12:45:00,1.6974748888888882,328500.0
2018-08-06 13:00:00,1.8087433333333327,329400.0
2018-08-06 13:15:00,1.9268915555555552,330300.0
2018-08-06 13:30:00,2.0458193333333328,331200.0
2018-08-06 13:45:00,2.1490637777777772,332100.0
2018-08-06 14:00:00,2.2403599999999995,333000.0
2018-08-06 14:15:00,2.3181006666666657,333900.0
2018-08-06 14:30:00,2.3935951111111105,334800.0
2018-08-06 14:45:00,2.4396839999999993,335700.0
2018-08-06 15:00:00,2.4676895555555545,336600.0
2018-08-06 15:15:00,2.4690173333333325,337500.0
2018-08-06 15:30:00,2.4521673333333327,338400.0
2018-08-06 15:45:00,2.4289062222222215,339300.0
2018-08-06 16:00:00,2.393837777777777,340200.0
2018-08-06 16:15:00,2.3546193333333325,341100.0
2018-08-06 16:30:00,2.306050888888888,342000.0
2018-08-06 16:45:00,2.2429564444444434,342900.0
2018-08-06 17:00:00,2.1608193333333316,343800.0
2018-08-06 17:15:00,2.0770599999999986,344700.0
2018-08-06 17:30:00,2.0027266666666654,345600.0
2018-08-06 17:45:00,1.922865555555554,346500.0
2018-08-06 18:00:00,1.8437359999999987,347400.0
2018-08-06 18:15:00,1.7618119999999986,348300.0
2018-08-06 18:30:00,1.6985435555555541,349200.0
2018-08-06 18:45:00,1.6353195555555542,350100.0
2018-08-06 19:00:00,1.5943066666666652,351000.0
2018-08-06 19:15:00,1.5532362222222207,351900.0
2018-08-06 19:30:00,1.5060491111111096,352800.0
2018-08-06 19:45:00,1.4487657777777763,353700.0
2018-08-06 20:00:00,1.3886508888888873,354600.0
2018-08-06 20:15:00,1.3334859999999986,355500.0
2018-08-06 20:30:00,1.280384222222221,356400.0
2018-08-06 20:45:00,1.2308602222222211,357300.0
2018-08-06 21:00:00,1.1795879999999987,358200.0
2018-08-06 21:15:00,1.1297935555555545,359100.0
2018-08-06 21:30:00,1.0834713333333323,360000.0
2018-08-06 21:45:00,1.03204911111111,360900.0
2018-08-06 22:00:00,0.9767102222222213,361800.0
2018-08-06 22:15:00,0.9191713333333323,362700.0
2018-08-06 22:30:00,0.8603768888888879,363600.0
2018-08-06 22:45:00,0.8053786666666657,364500.0
2018-08-06 23:00:00,0.7568731111111101,365400.0
2018-08-06 23:15:00,0.7137379999999991,366300.0
2018-08-06 23:30:00,0.6771342222222213,367200.0
2018-08-06 23:45:00,0.641350888888888,368100.0
2018-08-07 00:00:00,0.6058991111111102,369000.0
2018-08-07 00:15:00,0.5705213333333323,369900.0
2018-08-07 00:30:00,0.5335397777777768,370800.0
2018-08-07 00:45:00,0.4971842222222212,371700.0
2018-08-07 01:00:00,0.4609046666666657,372600.0
2018-08-07 01:15:00,0.42601022222222124,373500.0
2018-08-07 01:30:00,0.3949324444444435,374400.0
2018-08-07 01:45:00,0.37086022222222126,375300.0
2018-08-07 02:00:00,0.35069911111111013,376200.0
2018-08-07 02:15:00,0.33327688888888785,377100.0
2018-08-07 02:30:00,0.3163751111111101,378000.0
2018-08-07 02:45:00,0.3003622222222212,378900.0
2018-08-07 03:00:00,0.284889999999999,379800.0
2018-08-07 03:15:00,0.2741104444444434,380700.0
2018-08-07 03:30:00,0.2667586666666656,381600.0
2018-08-07 03:45:00,0.2600475555555545,382500.0
2018-08-07 04:00:00,0.2539753333333322,383400.0
2018-08-07 04:15:00,0.24925133333333224,384300.0
2018-08-07 04:30:00,0.24416622222222112,385200.0
2018-08-07 04:45:00,0.24116622222222114,386100.0
2018-08-07 05:00:00,0.23898666666666557,387000.0
2018-08-07 05:15:00,0.23750333333333223,387900.0
2018-08-07 05:30:00,0.23602555555555443,388800.0
2018-08-07 05:45:00,0.2351422222222211,389700.0
2018-08-07 06:00:00,0.23598844444444328,390600.0
2018-08-07 06:15:00,0.23666622222222106,391500.0
2018-08-07 06:30:00,0.23827733333333215,392400.0
2018-08-07 06:45:00,0.24401066666666546,393300.0
2018-08-07 07:00:00,0.25558466666666546,394200.0
2018-08-07 07:15:00,0.26794199999999885,395100.0
2018-08-07 07:30:00,0.2843659999999988,396000.0
2018-08-07 07:45:00,0.3047382222222211,396900.0
2018-08-07 08:00:00,0.3258177777777766,397800.0
2018-08-07 08:15:00,0.3514455555555544,398700.0
2018-08-07 08:30:00,0.38083999999999885,399600.0
2018-08-07 08:45:00,0.4102733333333321,400500.0
2018-08-07 09:00:00,0.44315844444444324,401400.0
2018-08-07 09:15:00,0.47788066666666545,402300.0
2018-08-07 09:30:00,0.5149973333333321,403200.0
2018-08-07 09:45:00,0.5544455555555544,404100.0
2018-08-07 10:00:00,0.5998084444444433,405000.0
2018-08-07 10:15:00,0.6537768888888877,405900.0
2018-08-07 10:30:00,0.7138619999999988,406800.0
2018-08-07 10:45:00,0.7698564444444431,407700.0
2018-08-07 11:00:00,0.8230231111111098,408600.0
2018-08-07 11:15:00,0.8810897777777764,409500.0
2018-08-07 11:30:00,0.9365248888888876,410400.0
2018-08-07 11:45:00,0.9927193333333321,411300.0
2018-08-07 12:00:00,1.03352111111111,412200.0
2018-08-07 12:15:00,1.0705506666666655,413100.0
2018-08-07 12:30:00,1.106207999999999,414000.0
2018-08-07 12:45:00,1.1388635555555546,414900.0
2018-08-07 13:00:00,1.1724024444444434,415800.0
2018-08-07 13:15:00,1.20221911111111,416700.0
2018-08-07 13:30:00,1.2284135555555544,417600.0
2018-08-07 13:45:00,1.241956222222221,418500.0
2018-08-07 14:00:00,1.2438988888888873,419400.0
2018-08-07 14:15:00,1.2399877777777764,420300.0
2018-08-07 14:30:00,1.233876666666665,421200.0
2018-08-07 14:45:00,1.2205099999999982,422100.0
2018-08-07 15:00:00,1.1980693333333317,423000.0
2018-08-07 15:15:00,1.1609637777777762,423900.0
2018-08-07 15:30:00,1.1210693333333317,424800.0
2018-08-07 15:45:00,1.0930953333333315,425700.0
2018-08-07 16:00:00,1.0601213333333315,426600.0
2018-08-07 16:15:00,1.024476888888887,427500.0
2018-08-07 16:30:00,0.9868657777777758,428400.0
2018-08-07 16:45:00,0.9466786666666648,429300.0
2018-08-07 17:00:00,0.9089971111111091,430200.0
2018-08-07 17:15:00,0.8712155555555535,431100.0
2018-08-07 17:30:00,0.8409284444444424,432000.0
2018-08-07 17:45:00,0.8113746666666646,432900.0
2018-08-07 18:00:00,0.793407999999998,433800.0
2018-08-07 18:15:00,0.7834062222222203,434700.0
2018-08-07 18:30:00,0.7835377777777759,435600.0
2018-08-07 18:45:00,0.7860506666666648,436500.0
2018-08-07 19:00:00,0.8048339999999982,437400.0
2018-08-07 19:15:00,0.8259673333333315,438300.0
2018-08-07 19:30:00,0.8466302222222204,439200.0
2018-08-07 19:45:00,0.8714153333333315,440100.0
2018-08-07 20:00:00,0.8990264444444427,441000.0
2018-08-07 20:15:00,0.9241802222222204,441900.0
2018-08-07 20:30:00,0.9494784444444426,442800.0
2018-08-07 20:45:00,0.9711822222222203,443700.0
2018-08-07 21:00:00,0.9858971111111092,444600.0
2018-08-07 21:15:00,1.0000304444444426,445500.0
2018-08-07 21:30:00,1.0096953333333314,446400.0
2018-08-07 21:45:00,1.0004602222222203,447300.0
2018-08-07 22:00:00,0.9756713333333313,448200.0
2018-08-07 22:15:00,0.9509157777777759,449100.0
2018-08-07 22:30:00,0.9172213333333314,450000.0
2018-08-07 22:45:00,0.8759602222222204,450900.0
2018-08-07 23:00:00,0.8324935555555537,451800.0
2018-08-07 23:15:00,0.7851917777777759,452700.0
2018-08-07 23:30:00,0.7369066666666647,453600.0
2018-08-07 23:45:00,0.6902899999999981,454500.0
2018-08-08 00:00:00,0.6459973333333315,455400.0
2018-08-08 00:15:00,0.5995362222222204,456300.0
2018-08-08 00:30:00,0.5552546666666649,457200.0
2018-08-08 00:45:00,0.516839777777776,458100.0
2018-08-08 01:00:00,0.4786564444444427,459000.0
2018-08-08 01:15:00,0.44424533333333155,459900.0
2018-08-08 01:30:00,0.4138008888888871,460800.0
2018-08-08 01:45:00,0.3921231111111093,461700.0
2018-08-08 02:00:00,0.3692842222222204,462600.0
2018-08-08 02:15:00,0.35341022222222035,463500.0
2018-08-08 02:30:00,0.34334733333333145,464400.0
2018-08-08 02:45:00,0.3346177777777759,465300.0
2018-08-08 03:00:00,0.33320666666666476,466200.0
2018-08-08 03:15:00,0.33248999999999806,467100.0
2018-08-08 03:30:00,0.3301104444444425,468000.00000000006
2018-08-08 03:45:00,0.330841999999998,468900.00000000006
2018-08-08 04:00:00,0.3317031111111091,469800.00000000006
2018-08-08 04:15:00,0.33133466666666467,470700.00000000006
2018-08-08 04:30:00,0.3346495555555535,471600.00000000006
2018-08-08 04:45:00,0.33555333333333126,472500.00000000006
2018-08-08 05:00:00,0.3386088888888868,473400.00000000006
2018-08-08 05:15:00,0.3425366666666646,474300.00000000006
2018-08-08 05:30:00,0.34486444444444236,475200.00000000006
2018-08-08 05:45:00,0.34530333333333124,476100.00000000006
2018-08-08 06:00:00,0.3514533333333313,477000.00000000006
2018-08-08 06:15:00,0.3579422222222202,477900.00000000006
2018-08-08 06:30:00,0.3629033333333313,478800.00000000006
2018-08-08 06:45:00,0.3665884444444424,479700.00000000006
2018-08-08 07:00:00,0.37681622222222017,480600.00000000006
2018-08-08 07:15:00,0.38537733333333135,481500.00000000006
2018-08-08 07:30:00,0.3915846666666647,482400.00000000006
2018-08-08 07:45:00,0.399391999999998,483300.00000000006
2018-08-08 08:00:00,0.40690488888888693,484200.00000000006
2018-08-08 08:15:00,0.41366777777777586,485100.00000000006
2018-08-08 08:30:00,0.4256511111111092,486000.00000000006
2018-08-08 08:45:00,0.4389344444444426,486900.00000000006
2018-08-08 09:00:00,0.45280111111110927,487800.00000000006
2018-08-08 09:15:00,0.4640399999999981,488700.00000000006
2018-08-08 09:30:00,0.47833999999999816,489600.00000000006
2018-08-08 09:45:00,0.48645844444444264,490500.00000000006
2018-08-08 10:00:00,0.4958973333333316,491400.00000000006
2018-08-08 10:15:00,0.5140473333333315,492300.00000000006
2018-08-08 10:30:00,0.5323084444444427,493200.00000000006
2018-08-08 10:45:00,0.5478195555555538,494100.00000000006
2018-08-08 11:00:00,0.5661639999999983,495000.00000000006
2018-08-08 11:15:00,0.5909399999999982,495900.00000000006
2018-08-08 11:30:00,0.6264382222222206,496800.00000000006
2018-08-08 11:45:00,0.6849364444444427,497700.00000000006
2018-08-08 12:00:00,0.7446753333333316,498600.00000000006
2018-08-08 12:15:00,0.8148642222222205,499500.00000000006
2018-08-08 12:30:00,0.8880253333333317,500400.00000000006
2018-08-08 12:45:00,0.9680159999999983,501300.00000000006
2018-08-08 13:00:00,1.050917777777776,502200.00000000006
2018-08-08 13:15:00,1.1394344444444426,503100.00000000006
2018-08-08 13:30:00,1.2294548888888872,504000.00000000006
2018-08-08 13:45:00,1.321117777777776,504900.00000000006
2018-08-08 14:00:00,1.4072399999999983,505800.00000000006
2018-08-08 14:15:00,1.508628888888887,506700.00000000006
2018-08-08 14:30:00,1.6506251111111092,507600.00000000006
2018-08-08 14:45:00,1.7914435555555537,508500.00000000006
2018-08-08 15:00:00,1.9283453333333318,509400.00000000006
2018-08-08 15:15:00,2.0213119999999987,510300.00000000006
2018-08-08 15:30:00,2.091706444444443,511200.00000000006
2018-08-08 15:45:00,2.1987602222222207,512100.00000000006
2018-08-08 16:00:00,2.3004564444444426,513000.00000000006
2018-08-08 16:15:00,2.3875453333333314,513900.00000000006
2018-08-08 16:30:00,2.442737999999998,514800.00000000006
2018-08-08 16:45:00,2.501019555555554,515700.00000000006
2018-08-08 17:00:00,2.5510528888888877,516600.00000000006
2018-08-08 17:15:00,2.600197333333332,517500.00000000006
2018-08-08 17:30:00,2.642836222222221,518400.00000000006
2018-08-08 17:45:00,2.6829435555555543,519300.00000000006
2018-08-08 18:00:00,2.709558444444443,520200.00000000006
2018-08-08 18:15:00,2.6889862222222205,521100.00000000006
2018-08-08 18:30:00,2.647889999999998,522000.00000000006
2018-08-08 18:45:00,2.590543777777776,522900.00000000006
2018-08-08 19:00:00,2.565815999999998,523800.00000000006
2018-08-08 19:15:00,2.5385733333333316,524700.0
2018-08-08 19:30:00,2.454362222222221,525600.0
2018-08-08 19:45:00,2.3558677777777763,526500.0
2018-08-08 20:00:00,2.2655455555555544,527400.0
2018-08-08 20:15:00,2.1752899999999986,528300.0
2018-08-08 20:30:00,2.0706417777777766,529200.0
2018-08-08 20:45:00,1.9659324444444433,530100.0
2018-08-08 21:00:00,1.8601008888888875,531000.0
2018-08-08 21:15:00,1.7544768888888875,531900.0
2018-08-08 21:30:00,1.6356362222222207,532800.0
2018-08-08 21:45:00,1.4959473333333315,533700.0
2018-08-08 22:00:00,1.3557751111111094,534600.0
2018-08-08 22:15:00,1.2359695555555537,535500.0
2018-08-08 22:30:00,1.128930666666665,536400.0
2018-08-08 22:45:00,1.0208084444444427,537300.0
2018-08-08 23:00:00,0.9156751111111094,538200.0
2018-08-08 23:15:00,0.8267528888888871,539100.0
2018-08-08 23:30:00,0.7419622222222204,540000.0
2018-08-08 23:45:00,0.6579473333333314,540900.0
2018-08-09 00:00:00,0.5963879999999981,541800.0
2018-08-09 00:15:00,0.5430306666666649,542700.0
2018-08-09 00:30:00,0.487167777777776,543600.0
2018-08-09 00:45:00,0.431493777777776,544500.0
2018-08-09 01:00:00,0.377267777777776,545400.0
2018-08-09 01:15:00,0.3361344444444426,546300.0
2018-08-09 01:30:00,0.3133844444444426,547200.0
2018-08-09 01:45:00,0.29313822222222036,548100.0
2018-08-09 02:00:00,0.2737826666666648,549000.0
2018-08-09 02:15:00,0.25538822222222035,549900.0
2018-08-09 02:30:00,0.23791599999999816,550800.0
2018-08-09 02:45:00,0.22281977777777595,551700.0
2018-08-09 03:00:00,0.20601977777777594,552600.0
2018-08-09 03:15:00,0.19153088888888706,553500.0
2018-08-09 03:30:00,0.17756799999999817,554400.0
2018-08-09 03:45:00,0.16483288888888706,555300.0
2018-08-09 04:00:00,0.15608844444444261,556200.0
2018-08-09 04:15:00,0.15152733333333152,557100.0
2018-08-09 04:30:00,0.1478939999999982,558000.0
2018-08-09 04:45:00,0.14418666666666488,558900.0
2018-08-09 05:00:00,0.14117555555555375,559800.0
2018-08-09 05:15:00,0.1369699999999982,560700.0
2018-08-09 05:30:00,0.1344088888888871,561600.0
2018-08-09 05:45:00,0.1306366666666649,562500.0
2018-08-09 06:00:00,0.12715888888888713,563400.0
2018-08-09 06:15:00,0.1244366666666649,564300.0
2018-08-09 06:30:00,0.11948111111110934,565200.0
2018-08-09 06:45:00,0.11646999999999824,566100.0
2018-08-09 07:00:00,0.11341622222222046,567000.0
2018-08-09 07:15:00,0.11119022222222048,567900.0
2018-08-09 07:30:00,0.1122253333333316,568800.0
2018-08-09 07:45:00,0.1138364444444427,569700.0
2018-08-09 08:00:00,0.11743266666666494,570600.0
2018-08-09 08:15:00,0.12809555555555383,571500.0
2018-08-09 08:30:00,0.13889733333333162,572400.0
2018-08-09 08:45:00,0.15209177777777605,573300.0
2018-08-09 09:00:00,0.1683491111111094,574200.0
2018-08-09 09:15:00,0.19072866666666494,575100.0
2018-08-09 09:30:00,0.21703977777777606,576000.0
2018-08-09 09:45:00,0.2451359999999983,576900.0
2018-08-09 10:00:00,0.2740859999999984,577800.0
2018-08-09 10:15:00,0.26807577777777614,578700.0
2018-08-09 10:30:00,0.26267666666666506,579600.0
2018-08-09 10:45:00,0.2570202222222206,580500.0
2018-08-09 11:00:00,0.2502359999999984,581400.0
2018-08-09 11:15:00,0.24049066666666502,582300.0
2018-08-09 11:30:00,0.2297193333333317,583200.0
2018-08-09 11:45:00,0.2168073333333317,584100.0
2018-08-09 12:00:00,0.19698422222222056,585000.0
2018-08-09 12:15:00,0.17762222222222054,585900.0
2018-08-09 12:30:00,0.15647311111110943,586800.0
2018-08-09 12:45:00,0.13241111111110943,587700.0
2018-08-09 13:00:00,0.10192688888888721,588600.0
2018-08-09 13:15:00,0.06887222222222053,589500.0
2018-08-09 13:30:00,0.0349379999999983,590400.0
2018-08-09 13:45:00,0.0,591300.0
2018-08-09 14:00:00,0.0,592200.0
2018-08-09 14:15:00,0.0,593100.0
2018-08-09 14:30:00,0.0,594000.0
2018-08-09 14:45:00,0.0,594900.0
2018-08-09 15:00:00,0.0,595800.0
2018-08-09 15:15:00,0.0,596700.0
2018-08-09 15:30:00,0.0,597600.0
2018-08-09 15:45:00,0.0,598500.0
2018-08-09 16:00:00,0.0,599400.0
2018-08-09 16:15:00,0.0,600300.0
2018-08-09 16:30:00,0.0,601200.0
2018-08-09 16:45:00,0.0,602100.0
2018-08-09 17:00:00,0.0,603000.0
2018-08-09 17:15:00,0.0,603900.0
2018-08-09 17:30:00,0.0,604800.0
2018-08-09 17:45:00,0.0,605700.0
2018-08-09 18:00:00,0.0,606600.0
2018-08-09 18:15:00,0.0,607500.0
2018-08-09 18:30:00,0.0,608400.0
2018-08-09 18:45:00,0.0,609300.0
2018-08-09 19:00:00,0.0,610200.0
2018-08-09 19:15:00,0.0,611100.0
2018-08-09 19:30:00,0.0,612000.0
2018-08-09 19:45:00,0.0,612900.0
2018-08-09 20:00:00,0.0,613800.0
2018-08-09 20:15:00,0.0,614700.0
2018-08-09 20:30:00,0.0,615600.0
2018-08-09 20:45:00,0.0,616500.0
2018-08-09 21:00:00,0.0,617400.0
2018-08-09 21:15:00,0.0,618300.0
2018-08-09 21:30:00,0.0,619200.0
2018-08-09 21:45:00,0.0,620100.0
2018-08-09 22:00:00,0.0,621000.0
2018-08-09 22:15:00,0.0,621900.0
2018-08-09 22:30:00,0.0,622800.0
2018-08-09 22:45:00,0.0,623700.0
2018-08-09 23:00:00,0.016137999999998303,624600.0
2018-08-09 23:15:00,0.03048888888888719,625500.0
2018-08-09 23:30:00,0.04176577777777609,626400.0
2018-08-09 23:45:00,0.0507777777777761,627300.0
2018-08-10 00:00:00,0.059006444444442765,628200.0
2018-08-10 00:15:00,0.06442399999999832,629100.0
2018-08-10 00:30:00,0.06442399999999832,630000.0
2018-08-10 00:45:00,0.06442399999999832,630900.0
2018-08-10 01:00:00,0.06442399999999832,631800.0
2018-08-10 01:15:00,0.06442399999999832,632700.0
2018-08-10 01:30:00,0.06442399999999832,633600.0
2018-08-10 01:45:00,0.06442399999999832,634500.0
2018-08-10 02:00:00,0.06442399999999832,635400.0
2018-08-10 02:15:00,0.06442399999999832,636300.0
2018-08-10 02:30:00,0.06442399999999832,637200.0
2018-08-10 02:45:00,0.048285999999998316,638100.0
2018-08-10 03:00:00,0.03393511111110943,639000.0
2018-08-10 03:15:00,0.022658222222220536,639900.0
2018-08-10 03:30:00,0.013646222222220535,640800.0
2018-08-10 03:45:00,0.005417555555553867,641700.0
2018-08-10 04:00:00,0.0,642600.0
2018-08-10 04:15:00,0.0,643500.0
2018-08-10 04:30:00,0.0,644400.0
2018-08-10 04:45:00,0.0,645300.0
2018-08-10 05:00:00,0.0,646200.0
2018-08-10 05:15:00,0.0,647100.0
2018-08-10 05:30:00,0.0,648000.0
2018-08-10 05:45:00,0.0,648900.0
2018-08-10 06:00:00,0.0,649800.0
2018-08-10 06:15:00,0.0,650700.0
2018-08-10 06:30:00,0.0,651600.0
2018-08-10 06:45:00,0.0,652500.0
2018-08-10 07:00:00,0.0,653400.0
2018-08-10 07:15:00,0.0,654300.0
2018-08-10 07:30:00,0.0075842222222205335,655200.0
2018-08-10 07:45:00,0.01867777777777609,656100.0
2018-08-10 08:00:00,0.03819911111110943,657000.0
2018-08-10 08:15:00,0.06469999999999833,657900.0
2018-08-10 08:30:00,0.09984355555555388,658800.0
2018-08-10 08:45:00,0.1434315555555539,659700.0
2018-08-10 09:00:00,0.19581022222222055,660600.0
2018-08-10 09:15:00,0.2553611111111095,661500.0
2018-08-10 09:30:00,0.3216008888888872,662400.0
2018-08-10 09:45:00,0.3958277777777761,663300.0
2018-08-10 10:00:00,0.47792311111110947,664200.0
2018-08-10 10:15:00,0.5669611111111095,665100.0
2018-08-10 10:30:00,0.6644953333333317,666000.0
2018-08-10 10:45:00,0.7712333333333317,666900.0
2018-08-10 11:00:00,0.8854897777777762,667800.0
2018-08-10 11:15:00,0.998178666666665,668700.0
2018-08-10 11:30:00,1.1148471111111093,669600.0
2018-08-10 11:45:00,1.2280266666666648,670500.0
2018-08-10 12:00:00,1.3410193333333316,671400.0
2018-08-10 12:15:00,1.4514859999999983,672300.0
2018-08-10 12:30:00,1.5591044444444428,673200.0
2018-08-10 12:45:00,1.6647248888888873,674100.0
2018-08-10 13:00:00,1.7689508888888874,675000.0
2018-08-10 13:15:00,1.8725602222222206,675900.0
2018-08-10 13:30:00,1.9714286666666652,676800.0
2018-08-10 13:45:00,2.068545333333332,677700.0
2018-08-10 14:00:00,2.16282311111111,678600.0
2018-08-10 14:15:00,2.2522897777777766,679500.0
2018-08-10 14:30:00,2.3332731111111102,680400.0
2018-08-10 14:45:00,2.409187999999999,681300.0
2018-08-10 15:00:00,2.4812102222222214,682200.0
2018-08-10 15:15:00,2.5478751111111104,683100.0
2018-08-10 15:30:00,2.609456666666666,684000.0
2018-08-10 15:45:00,2.6648344444444443,684900.0
2018-08-10 16:00:00,2.71454,685800.0
2018-08-10 16:15:00,2.757910444444444,686700.0
2018-08-10 16:30:00,2.794782666666667,687600.0
2018-08-10 16:45:00,2.8261715555555553,688500.0
2018-08-10 17:00:00,2.8505733333333336,689400.0
2018-08-10 17:15:00,2.871773333333334,690300.0
2018-08-10 17:30:00,2.8845066666666668,691200.0
2018-08-10 17:45:00,2.8889622222222218,692100.0
2018-08-10 18:00:00,2.8870882222222223,693000.0
2018-08-10 18:15:00,2.8788344444444443,693900.0
2018-08-10 18:30:00,2.8623844444444444,694800.0
2018-08-10 18:45:00,2.8394677777777777,695700.0
2018-08-10 19:00:00,2.8085288888888886,696600.0
2018-08-10 19:15:00,2.7764251111111107,697500.0
2018-08-10 19:30:00,2.7390324444444443,698400.0
2018-08-10 19:45:00,2.694032444444444,699300.0
2018-08-10 20:00:00,2.6416119999999994,700200.0
2018-08-10 20:15:00,2.5696582222222215,701100.0
2018-08-10 20:30:00,2.4926599999999994,702000.0
2018-08-10 20:45:00,2.4104471111111105,702900.0
2018-08-10 21:00:00,2.321835999999999,703800.0
2018-08-10 21:15:00,2.232785999999999,704700.0
2018-08-10 21:30:00,2.1369933333333324,705600.0
2018-08-10 21:45:00,2.0421284444444434,706500.0
2018-08-10 22:00:00,1.9436099999999992,707400.0
2018-08-10 22:15:00,1.8414377777777768,708300.0
2018-08-10 22:30:00,1.7370915555555546,709200.0
2018-08-10 22:45:00,1.6381099999999988,710100.0
2018-08-10 23:00:00,1.5377248888888877,711000.0
2018-08-10 23:15:00,1.438761999999999,711900.0
2018-08-10 23:30:00,1.3358453333333322,712800.0
2018-08-10 23:45:00,1.2263935555555545,713700.0
2018-08-11 00:00:00,1.1250268888888881,714600.0
2018-08-11 00:15:00,1.0257657777777769,715500.0
2018-08-11 00:30:00,0.9306602222222212,716400.0
2018-08-11 00:45:00,0.8401917777777769,717300.0
2018-08-11 01:00:00,0.7515788888888879,718200.0
2018-08-11 01:15:00,0.6727622222222213,719100.0
2018-08-11 01:30:00,0.5951104444444435,720000.0
2018-08-11 01:45:00,0.5263215555555545,720900.0
2018-08-11 02:00:00,0.4666326666666657,721800.0
2018-08-11 02:15:00,0.41361044444444345,722700.0
2018-08-11 02:30:00,0.3609642222222212,723600.0
2018-08-11 02:45:00,0.3101364444444434,724500.0
2018-08-11 03:00:00,0.26303644444444335,725400.0
2018-08-11 03:15:00,0.22660311111111,726300.0
2018-08-11 03:30:00,0.2057586666666656,727200.0
2018-08-11 03:45:00,0.19562355555555447,728100.0
2018-08-11 04:00:00,0.18813288888888782,729000.0
2018-08-11 04:15:00,0.18156622222222116,729900.0
2018-08-11 04:30:00,0.17626622222222116,730800.0
2018-08-11 04:45:00,0.17204955555555448,731700.0
2018-08-11 05:00:00,0.16820333333333226,732600.0
2018-08-11 05:15:00,0.16490888888888783,733500.0
2018-08-11 05:30:00,0.16299777777777671,734400.0
2018-08-11 05:45:00,0.1613866666666656,735300.0
2018-08-11 06:00:00,0.16010333333333227,736200.0
2018-08-11 06:15:00,0.15990888888888782,737100.0
2018-08-11 06:30:00,0.16254955555555448,738000.0
2018-08-11 06:45:00,0.1666495555555545,738900.0
2018-08-11 07:00:00,0.1704828888888878,739800.0
2018-08-11 07:15:00,0.17513844444444335,740700.0
2018-08-11 07:30:00,0.18192177777777668,741600.0
2018-08-11 07:45:00,0.18974577777777668,742500.0
2018-08-11 08:00:00,0.20596977777777667,743400.0
2018-08-11 08:15:00,0.22746044444444335,744300.0
2018-08-11 08:30:00,0.24880111111111003,745200.0
2018-08-11 08:45:00,0.27190111111111004,746100.0
2018-08-11 09:00:00,0.2976122222222211,747000.0
2018-08-11 09:15:00,0.3270473333333322,747900.0
2018-08-11 09:30:00,0.3572657777777766,748800.0
2018-08-11 09:45:00,0.39051577777777663,749700.0
2018-08-11 10:00:00,0.42361022222222106,750600.0
2018-08-11 10:15:00,0.4592806666666655,751500.0
2018-08-11 10:30:00,0.4962046666666655,752400.0
2018-08-11 10:45:00,0.5351175555555545,753300.0
2018-08-11 11:00:00,0.5756342222222213,754200.0
2018-08-11 11:15:00,0.6152897777777768,755100.0
2018-08-11 11:30:00,0.6612102222222213,756000.0
2018-08-11 11:45:00,0.700563999999999,756900.0
2018-08-11 12:00:00,0.7617344444444435,757800.0
2018-08-11 12:15:00,0.8323659999999992,758700.0
2018-08-11 12:30:00,0.9025826666666659,759600.0
2018-08-11 12:45:00,0.9820826666666659,760500.0
2018-08-11 13:00:00,1.0694642222222215,761400.0
2018-08-11 13:15:00,1.1771124444444436,762300.0
2018-08-11 13:30:00,1.2999697777777768,763200.0
2018-08-11 13:45:00,1.4358993333333323,764100.0
2018-08-11 14:00:00,1.5702455555555546,765000.0
2018-08-11 14:15:00,1.7002566666666654,765900.0
2018-08-11 14:30:00,1.7971548888888877,766800.0
2018-08-11 14:45:00,1.8910215555555543,767700.0
2018-08-11 15:00:00,1.9846493333333322,768600.0
2018-08-11 15:15:00,2.065699333333332,769500.0
2018-08-11 15:30:00,2.14537711111111,770400.0
2018-08-11 15:45:00,2.199010444444444,771300.0
2018-08-11 16:00:00,2.2368344444444435,772200.0
2018-08-11 16:15:00,2.2714195555555547,773100.0
2018-08-11 16:30:00,2.296015777777777,774000.0
2018-08-11 16:45:00,2.308367555555555,774900.0
2018-08-11 17:00:00,2.2999637777777773,775800.0
2018-08-11 17:15:00,2.288150888888888,776700.0
2018-08-11 17:30:00,2.261449111111111,777600.0
2018-08-11 17:45:00,2.2322584444444447,778500.0
2018-08-11 18:00:00,2.17794,779400.0
2018-08-11 18:15:00,2.1545288888888887,780300.0
2018-08-11 18:30:00,2.12604,781200.0
2018-08-11 18:45:00,2.0879806666666663,782100.0
2018-08-11 19:00:00,2.033536222222222,783000.0
2018-08-11 19:15:00,1.968288,783900.0
2018-08-11 19:30:00,1.899199111111111,784800.0
2018-08-11 19:45:00,1.8297473333333334,785700.0
2018-08-11 20:00:00,1.7619306666666668,786600.0
2018-08-11 20:15:00,1.6898455555555556,787500.0
2018-08-11 20:30:00,1.6060233333333331,788400.0
2018-08-11 20:45:00,1.506284444444444,789300.0
2018-08-11 21:00:00,1.3886306666666663,790200.0
2018-08-11 21:15:00,1.2664584444444438,791100.0
2018-08-11 21:30:00,1.1436157777777773,792000.0
2018-08-11 21:45:00,1.0462157777777772,792900.0
2018-08-11 22:00:00,0.9493731111111104,793800.0
2018-08-11 22:15:00,0.8568359999999993,794700.0
2018-08-11 22:30:00,0.7687008888888881,795600.0
2018-08-11 22:45:00,0.7003915555555548,796500.0
2018-08-11 23:00:00,0.6392637777777769,797400.0
2018-08-11 23:15:00,0.5806044444444436,798300.0
2018-08-11 23:30:00,0.5282488888888881,799200.0
2018-08-11 23:45:00,0.47633777777777697,800100.0
2018-08-12 00:00:00,0.4248155555555548,801000.0
2018-08-12 00:15:00,0.3840971111111103,801900.0
2018-08-12 00:30:00,0.35818044444444364,802800.0
2018-08-12 00:45:00,0.33356755555555473,803700.0
2018-08-12 01:00:00,0.3143619999999992,804600.0
2018-08-12 01:15:00,0.29612688888888805,805500.0
2018-08-12 01:30:00,0.2791935555555547,806400.0
2018-08-12 01:45:00,0.2629306666666658,807300.0
2018-08-12 02:00:00,0.24730111111111025,808200.0
2018-08-12 02:15:00,0.23596222222222135,809100.0
2018-08-12 02:30:00,0.22630488888888803,810000.0
2018-08-12 02:45:00,0.2210086666666658,810900.0
2018-08-12 03:00:00,0.21545133333333244,811800.0
2018-08-12 03:15:00,0.21045133333333244,812700.0
2018-08-12 03:30:00,0.20646066666666577,813600.0
2018-08-12 03:45:00,0.2045939999999991,814500.0
2018-08-12 04:00:00,0.20321622222222133,815400.0
2018-08-12 04:15:00,0.20280888888888798,816300.0
2018-08-12 04:30:00,0.20385333333333244,817200.0
2018-08-12 04:45:00,0.20533666666666575,818100.0
2018-08-12 05:00:00,0.2057811111111102,819000.0
2018-08-12 05:15:00,0.20533666666666575,819900.0
2018-08-12 05:30:00,0.20474222222222133,820800.0
2018-08-12 05:45:00,0.2034033333333324,821700.0
2018-08-12 06:00:00,0.20310333333333244,822600.0
2018-08-12 06:15:00,0.2031422222222213,823500.0
2018-08-12 06:30:00,0.2028811111111102,824400.0
2018-08-12 06:45:00,0.20385333333333244,825300.0
2018-08-12 07:00:00,0.20609222222222134,826200.0
2018-08-12 07:15:00,0.2089699999999991,827100.0
2018-08-12 07:30:00,0.21311444444444355,828000.0
2018-08-12 07:45:00,0.21941622222222135,828900.0
2018-08-12 08:00:00,0.22542355555555468,829800.0
2018-08-12 08:15:00,0.23392533333333246,830700.0
2018-08-12 08:30:00,0.24369933333333246,831600.0
2018-08-12 08:45:00,0.26003444444444357,832500.0
2018-08-12 09:00:00,0.27860666666666584,833400.0
2018-08-12 09:15:00,0.3001306666666659,834300.0
2018-08-12 09:30:00,0.32426022222222145,835200.0
2018-08-12 09:45:00,0.36074355555555476,836100.0
2018-08-12 10:00:00,0.4021064444444437,837000.0
2018-08-12 10:15:00,0.4494786666666659,837900.0
2018-08-12 10:30:00,0.5011359999999992,838800.0
2018-08-12 10:45:00,0.5577933333333325,839700.0
2018-08-12 11:00:00,0.617287777777777,840600.0
2018-08-12 11:15:00,0.6818506666666658,841500.0
2018-08-12 11:30:00,0.7480655555555547,842400.0
2018-08-12 11:45:00,0.813937777777777,843300.0
2018-08-12 12:00:00,0.882648888888888,844200.0
2018-08-12 12:15:00,0.9542359999999992,845100.0
2018-08-12 12:30:00,1.0212304444444436,846000.0
2018-08-12 12:45:00,1.1007933333333324,846900.0
2018-08-12 13:00:00,1.1804304444444436,847800.0
2018-08-12 13:15:00,1.260889777777777,848700.0
2018-08-12 13:30:00,1.3442175555555549,849600.0
2018-08-12 13:45:00,1.423365777777777,850500.0
2018-08-12 14:00:00,1.495765777777777,851400.0
2018-08-12 14:15:00,1.5648751111111106,852300.0
2018-08-12 14:30:00,1.6278622222222219,853200.0
2018-08-12 14:45:00,1.6875233333333328,854100.0
2018-08-12 15:00:00,1.7375215555555552,855000.0
2018-08-12 15:15:00,1.780899333333333,855900.0
2018-08-12 15:30:00,1.8247642222222218,856800.0
2018-08-12 15:45:00,1.863740222222222,857700.0
2018-08-12 16:00:00,1.8985679999999998,858600.0
2018-08-12 16:15:00,1.9320217777777775,859500.0
2018-08-12 16:30:00,1.9531811111111108,860400.0
2018-08-12 16:45:00,1.9952088888888886,861300.0
2018-08-12 17:00:00,2.0320477777777777,862200.0
2018-08-12 17:15:00,2.0523255555555555,863100.0
2018-08-12 17:30:00,2.0714199999999994,864000.0
2018-08-12 17:45:00,2.050964444444444,864900.0
2018-08-12 18:00:00,2.0283606666666665,865800.0
2018-08-12 18:15:00,2.004271777777777,866700.0
2018-08-12 18:30:00,1.973623555555555,867600.0
2018-08-12 18:45:00,1.946597555555555,868500.0
2018-08-12 19:00:00,1.9156697777777771,869400.0
2018-08-12 19:15:00,1.870386444444444,870300.0
2018-08-12 19:30:00,1.823499333333333,871200.0
2018-08-12 19:45:00,1.7581899999999995,872100.0
2018-08-12 20:00:00,1.6874362222222217,873000.0
2018-08-12 20:15:00,1.6129751111111108,873900.0
2018-08-12 20:30:00,1.5104824444444442,874800.0
2018-08-12 20:45:00,1.4109397777777775,875700.0
2018-08-12 21:00:00,1.3115082222222219,876600.0
2018-08-12 21:15:00,1.2116933333333328,877500.0
2018-08-12 21:30:00,1.148250666666666,878400.0
2018-08-12 21:45:00,1.0850339999999996,879300.0
2018-08-12 22:00:00,1.0142413333333329,880200.0
2018-08-12 22:15:00,0.9485191111111105,881100.0
2018-08-12 22:30:00,0.8793302222222217,882000.0
2018-08-12 22:45:00,0.8111524444444438,882900.0
2018-08-12 23:00:00,0.7528875555555549,883800.0
2018-08-12 23:15:00,0.6928375555555549,884700.0
2018-08-12 23:30:00,0.6475208888888883,885600.0
2018-08-12 23:45:00,0.6065653333333327,886500.0
2018-08-13 00:00:00,0.5679948888888883,887400.0
2018-08-13 00:15:00,0.5334171111111105,888300.0
2018-08-13 00:30:00,0.4945542222222216,889200.0
2018-08-13 00:45:00,0.4530802222222216,890100.0
2018-08-13 01:00:00,0.41120066666666605,891000.0
2018-08-13 01:15:00,0.37271177777777714,891900.0
2018-08-13 01:30:00,0.3345544444444438,892800.0
2018-08-13 01:45:00,0.30396377777777717,893700.0
2018-08-13 02:00:00,0.274267555555555,894600.0
2018-08-13 02:15:00,0.247743555555555,895500.0
2018-08-13 02:30:00,0.22797133333333275,896400.0
2018-08-13 02:45:00,0.2126417777777772,897300.0
2018-08-13 03:00:00,0.1993566666666661,898200.0
2018-08-13 03:15:00,0.18991599999999942,899100.0
2018-08-13 03:30:00,0.18110866666666608,900000.0
2018-08-13 03:45:00,0.17050133333333276,900900.0
2018-08-13 04:00:00,0.160649555555555,901800.0
2018-08-13 04:15:00,0.15403844444444387,902700.0
2018-08-13 04:30:00,0.1508217777777772,903600.0
2018-08-13 04:45:00,0.14838844444444385,904500.0
2018-08-13 05:00:00,0.1469311111111105,905400.0
2018-08-13 05:15:00,0.14482555555555496,906300.0
2018-08-13 05:30:00,0.14361999999999941,907200.0
2018-08-13 05:45:00,0.14251622222222166,908100.0
2018-08-13 06:00:00,0.14103288888888832,909000.0
2018-08-13 06:15:00,0.1405957777777772,909900.0
2018-08-13 06:30:00,0.14157533333333278,910800.0
2018-08-13 06:45:00,0.1453697777777772,911700.0
2018-08-13 07:00:00,0.15148644444444384,912600.0
2018-08-13 07:15:00,0.15984377777777717,913500.0
2018-08-13 07:30:00,0.16798266666666606,914400.0
2018-08-13 07:45:00,0.1814493333333327,915300.0
2018-08-13 08:00:00,0.19798266666666603,916200.0
2018-08-13 08:15:00,0.21529933333333273,917100.0
2018-08-13 08:30:00,0.2401844444444438,918000.0
2018-08-13 08:45:00,0.27484555555555495,918900.0
2018-08-13 09:00:00,0.3144788888888883,919800.0
2018-08-13 09:15:00,0.35787511111111053,920700.0
2018-08-13 09:30:00,0.40586955555555504,921600.0
2018-08-13 09:45:00,0.47793066666666617,922500.0
2018-08-13 10:00:00,0.5486028888888884,923400.0
2018-08-13 10:15:00,0.6269955555555551,924300.0
2018-08-13 10:30:00,0.7138455555555551,925200.0
2018-08-13 10:45:00,0.7998955555555551,926100.0
2018-08-13 11:00:00,0.8893771111111107,927000.0
2018-08-13 11:15:00,0.9910604444444441,927900.0
2018-08-13 11:30:00,1.0886659999999997,928800.0
2018-08-13 11:45:00,1.1841437777777775,929700.0
2018-08-13 12:00:00,1.2789826666666664,930600.0
2018-08-13 12:15:00,1.3923586666666663,931500.0
2018-08-13 12:30:00,1.4968048888888885,932400.0
2018-08-13 12:45:00,1.6006437777777773,933300.0
2018-08-13 13:00:00,1.7076808888888886,934200.0
2018-08-13 13:15:00,1.8181086666666664,935100.0000000001
2018-08-13 13:30:00,1.9075197777777775,936000.0000000001
2018-08-13 13:45:00,2.0023586666666664,936900.0000000001
2018-08-13 14:00:00,2.0913437777777775,937800.0000000001
2018-08-13 14:15:00,2.174851111111111,938700.0000000001
2018-08-13 14:30:00,2.259664,939600.0000000001
2018-08-13 14:45:00,2.3399379999999996,940500.0000000001
2018-08-13 15:00:00,2.4140157777777773,941400.0000000001
2018-08-13 15:15:00,2.4872231111111107,942300.0000000001
2018-08-13 15:30:00,2.5593582222222215,943200.0000000001
2018-08-13 15:45:00,2.6309044444444436,944100.0000000001
2018-08-13 16:00:00,2.676206222222221,945000.0000000001
2018-08-13 16:15:00,2.7215284444444436,945900.0000000001
2018-08-13 16:30:00,2.7650135555555546,946800.0000000001
2018-08-13 16:45:00,2.802715333333332,947700.0000000001
2018-08-13 17:00:00,2.8232708888888873,948600.0000000001
2018-08-13 17:15:00,2.8369837777777764,949500.0000000001
2018-08-13 17:30:00,2.840755999999999,950400.0000000001
2018-08-13 17:45:00,2.84226711111111,951300.0000000001
2018-08-13 18:00:00,2.8409115555555546,952200.0000000001
2018-08-13 18:15:00,2.8364226666666656,953100.0000000001
2018-08-13 18:30:00,2.8279004444444436,954000.0000000001
2018-08-13 18:45:00,2.814329999999999,954900.0000000001
2018-08-13 19:00:00,2.796057777777777,955800.0000000001
2018-08-13 19:15:00,2.781263333333333,956700.0000000001
2018-08-13 19:30:00,2.756617111111111,957600.0000000001
2018-08-13 19:45:00,2.7123764444444443,958500.0000000001
2018-08-13 20:00:00,2.6594024444444444,959400.0000000001
2018-08-13 20:15:00,2.6028117777777777,960300.0000000001
2018-08-13 20:30:00,2.54421,961200.0000000001
2018-08-13 20:45:00,2.491963777777778,962100.0000000001
2018-08-13 21:00:00,2.4374453333333337,963000.0000000001
2018-08-13 21:15:00,2.3868824444444448,963900.0000000001
2018-08-13 21:30:00,2.3353251111111115,964800.0000000001
2018-08-13 21:45:00,2.226814,965700.0000000001
2018-08-13 22:00:00,2.1093973333333333,966600.0000000001
2018-08-13 22:15:00,1.9937862222222225,967500.0000000001
2018-08-13 22:30:00,1.8705695555555555,968400.0000000001
2018-08-13 22:45:00,1.749001111111111,969300.0000000001
2018-08-13 23:00:00,1.622627111111111,970200.0000000001
2018-08-13 23:15:00,1.506249333333333,971100.0000000001
2018-08-13 23:30:00,1.4010493333333331,972000.0000000001
2018-08-13 23:45:00,1.2919159999999998,972900.0000000001
2018-08-14 00:00:00,1.1834604444444443,973800.0000000001
2018-08-14 00:15:00,1.0678659999999998,974700.0000000001
2018-08-14 00:30:00,0.9555104444444441,975600.0000000001
2018-08-14 00:45:00,0.8477326666666662,976500.0000000001
2018-08-14 01:00:00,0.7387955555555552,977400.0000000001
2018-08-14 01:15:00,0.629047333333333,978300.0000000001
2018-08-14 01:30:00,0.5735233333333329,979200.0000000001
2018-08-14 01:45:00,0.5261715555555552,980100.0000000001
2018-08-14 02:00:00,0.4806531111111107,981000.0000000001
2018-08-14 02:15:00,0.44231799999999954,981900.0000000001
2018-08-14 02:30:00,0.40854022222222175,982800.0000000001
2018-08-14 02:45:00,0.37389022222222174,983700.0000000001
2018-08-14 03:00:00,0.3411457777777773,984600.0000000001
2018-08-14 03:15:00,0.3157902222222218,985500.0000000001
2018-08-14 03:30:00,0.3020846666666663,986400.0000000001
2018-08-14 03:45:00,0.2892568888888885,987300.0000000001
2018-08-14 04:00:00,0.28426244444444404,988200.0000000001
2018-08-14 04:15:00,0.2785791111111107,989100.0000000001
2018-08-14 04:30:00,0.2765235555555552,990000.0000000001
2018-08-14 04:45:00,0.2747439999999996,990900.0000000001
2018-08-14 05:00:00,0.273453333333333,991800.0000000001
2018-08-14 05:15:00,0.27256999999999965,992700.0000000001
2018-08-14 05:30:00,0.2718366666666663,993600.0000000001
2018-08-14 05:45:00,0.2699199999999996,994500.0000000001
2018-08-14 06:00:00,0.26914955555555514,995400.0000000001
2018-08-14 06:15:00,0.2662662222222218,996300.0000000001
2018-08-14 06:30:00,0.267288444444444,997200.0000000001
2018-08-14 06:45:00,0.2668568888888884,998100.0000000001
2018-08-14 07:00:00,0.2711308888888884,999000.0000000001
2018-08-14 07:15:00,0.277160444444444,999900.0000000001
2018-08-14 07:30:00,0.2877955555555551,1000800.0000000001
2018-08-14 07:45:00,0.30497888888888836,1001700.0000000001
2018-08-14 08:00:00,0.3279528888888884,1002600.0000000001
2018-08-14 08:15:00,0.3559213333333328,1003500.0000000001
2018-08-14 08:30:00,0.38471022222222173,1004400.0000000001
2018-08-14 08:45:00,0.41364911111111063,1005300.0000000001
2018-08-14 09:00:00,0.4409657777777773,1006200.0000000001
2018-08-14 09:15:00,0.4679897777777773,1007100.0000000001
2018-08-14 09:30:00,0.49840266666666616,1008000.0000000001
2018-08-14 09:45:00,0.5315786666666662,1008900.0000000001
2018-08-14 10:00:00,0.5652693333333328,1009800.0000000001
2018-08-14 10:15:00,0.6003822222222218,1010700.0000000001
2018-08-14 10:30:00,0.6393599999999996,1011600.0000000001
2018-08-14 10:45:00,0.6791599999999997,1012500.0000000001
2018-08-14 11:00:00,0.7209266666666664,1013400.0000000001
2018-08-14 11:15:00,0.762819333333333,1014300.0000000001
2018-08-14 11:30:00,0.802193333333333,1015200.0000000001
2018-08-14 11:45:00,0.8396248888888884,1016100.0000000001
2018-08-14 12:00:00,0.8733526666666661,1017000.0000000001
2018-08-14 12:15:00,0.911141555555555,1017900.0000000001
2018-08-14 12:30:00,0.9527599999999995,1018800.0000000001
2018-08-14 12:45:00,0.9984951111111106,1019700.0000000001
2018-08-14 13:00:00,1.0493673333333329,1020600.0000000001
2018-08-14 13:15:00,1.0999006666666662,1021500.0000000001
2018-08-14 13:30:00,1.1487617777777774,1022400.0000000001
2018-08-14 13:45:00,1.1996339999999994,1023300.0000000001
2018-08-14 14:00:00,1.2510506666666663,1024200.0000000001
2018-08-14 14:15:00,1.3032266666666663,1025100.0000000001
2018-08-14 14:30:00,1.3580155555555549,1026000.0000000001
2018-08-14 14:45:00,1.4095211111111106,1026900.0000000001
2018-08-14 15:00:00,1.4602617777777773,1027800.0000000001
2018-08-14 15:15:00,1.5074117777777774,1028700.0000000001
2018-08-14 15:30:00,1.5520357777777773,1029600.0000000001
2018-08-14 15:45:00,1.594178444444444,1030500.0000000001
2018-08-14 16:00:00,1.6319339999999998,1031400.0000000001
2018-08-14 16:15:00,1.665271111111111,1032300.0000000001
2018-08-14 16:30:00,1.700024888888889,1033200.0000000001
2018-08-14 16:45:00,1.731400888888889,1034100.0000000001
2018-08-14 17:00:00,1.7604713333333337,1035000.0000000001
2018-08-14 17:15:00,1.7938842222222224,1035900.0000000001
2018-08-14 17:30:00,1.8266768888888893,1036800.0000000001
2018-08-14 17:45:00,1.8589935555555561,1037700.0000000001
2018-08-14 18:00:00,1.8919620000000004,1038600.0000000001
2018-08-14 18:15:00,1.917517555555556,1039500.0000000001
2018-08-14 18:30:00,1.9338546666666672,1040400.0000000001
2018-08-14 18:45:00,1.945165777777778,1041300.0000000001
2018-08-14 19:00:00,1.952743555555556,1042200.0000000001
2018-08-14 19:15:00,1.958704666666667,1043100.0000000001
2018-08-14 19:30:00,1.9624620000000006,1044000.0000000001
2018-08-14 19:45:00,1.9338953333333337,1044900.0000000001
2018-08-14 20:00:00,1.8914582222222227,1045800.0000000001
2018-08-14 20:15:00,1.8456360000000003,1046700.0000000001
2018-08-14 20:30:00,1.7776804444444447,1047600.0000000001
2018-08-14 20:45:00,1.699824888888889,1048500.0000000001
2018-08-14 21:00:00,1.6134842222222223,1049400.0
2018-08-14 21:15:00,1.519839777777778,1050300.0
2018-08-14 21:30:00,1.4244935555555558,1051200.0
2018-08-14 21:45:00,1.3208751111111112,1052100.0
2018-08-14 22:00:00,1.214214,1053000.0
2018-08-14 22:15:00,1.1118602222222222,1053900.0
2018-08-14 22:30:00,1.0078751111111113,1054800.0
2018-08-14 22:45:00,0.9059362222222223,1055700.0
2018-08-14 23:00:00,0.8021695555555556,1056600.0
2018-08-14 23:15:00,0.6986566666666666,1057500.0
2018-08-14 23:30:00,0.6250622222222222,1058400.0
2018-08-14 23:45:00,0.5638288888888888,1059300.0
2018-08-15 00:00:00,0.4994528888888888,1060200.0
2018-08-15 00:15:00,0.45529177777777774,1061100.0
2018-08-15 00:30:00,0.4188268888888888,1062000.0
2018-08-15 00:45:00,0.383923111111111,1062900.0
2018-08-15 01:00:00,0.3533342222222221,1063800.0
2018-08-15 01:15:00,0.3236286666666665,1064700.0
2018-08-15 01:30:00,0.294523111111111,1065600.0
2018-08-15 01:45:00,0.269499111111111,1066500.0
2018-08-15 02:00:00,0.24714177777777768,1067400.0
2018-08-15 02:15:00,0.22956955555555544,1068300.0
2018-08-15 02:30:00,0.21112333333333322,1069200.0
2018-08-15 02:45:00,0.1934382222222221,1070100.0
2018-08-15 03:00:00,0.17789377777777765,1071000.0
2018-08-15 03:15:00,0.16514377777777764,1071900.0
2018-08-15 03:30:00,0.15629199999999982,1072800.0
2018-08-15 03:45:00,0.15050688888888872,1073700.0
2018-08-15 04:00:00,0.14455688888888873,1074600.0
2018-08-15 04:15:00,0.1411106666666665,1075500.0
2018-08-15 04:30:00,0.13904777777777758,1076400.0
2018-08-15 04:45:00,0.13512555555555536,1077300.0
2018-08-15 05:00:00,0.1291088888888887,1078200.0
2018-08-15 05:15:00,0.12533666666666649,1079100.0
2018-08-15 05:30:00,0.12096444444444424,1080000.0
2018-08-15 05:45:00,0.1171811111111109,1080900.0
2018-08-15 06:00:00,0.11113111111111089,1081800.0
2018-08-15 06:15:00,0.10927177777777757,1082700.0
2018-08-15 06:30:00,0.11031244444444423,1083600.0
2018-08-15 06:45:00,0.11038466666666644,1084500.0
2018-08-15 07:00:00,0.11329199999999977,1085400.0
2018-08-15 07:15:00,0.11562711111111089,1086300.0
2018-08-15 07:30:00,0.11934555555555533,1087200.0
2018-08-15 07:45:00,0.12749177777777757,1088100.0
2018-08-15 08:00:00,0.1375251111111109,1089000.0
2018-08-15 08:15:00,0.15230466666666645,1089900.0
2018-08-15 08:30:00,0.17502688888888868,1090800.0
2018-08-15 08:45:00,0.20983799999999983,1091700.0
2018-08-15 09:00:00,0.2522508888888887,1092600.0
2018-08-15 09:15:00,0.3017193333333332,1093500.0
2018-08-15 09:30:00,0.35773777777777765,1094400.0
2018-08-15 09:45:00,0.4212284444444443,1095300.0
2018-08-15 10:00:00,0.48906177777777765,1096200.0
2018-08-15 10:15:00,0.5625933333333333,1097100.0
2018-08-15 10:30:00,0.6418117777777776,1098000.0
2018-08-15 10:45:00,0.7239433333333332,1098900.0
2018-08-15 11:00:00,0.8124915555555554,1099800.0
2018-08-15 11:15:00,0.9048304444444444,1100700.0
2018-08-15 11:30:00,1.0007397777777778,1101600.0
2018-08-15 11:45:00,1.102474888888889,1102500.0
2018-08-15 12:00:00,1.204536,1103400.0
2018-08-15 12:15:00,1.307037777777778,1104300.0
2018-08-15 12:30:00,1.4053617777777778,1105200.0
2018-08-15 12:45:00,1.5024933333333335,1106100.0
2018-08-15 13:00:00,1.5993915555555558,1107000.0
2018-08-15 13:15:00,1.6958082222222226,1107900.0
2018-08-15 13:30:00,1.7924304444444448,1108800.0
2018-08-15 13:45:00,1.8845620000000003,1109700.0
2018-08-15 14:00:00,1.9729971111111118,1110600.0
2018-08-15 14:15:00,2.0572860000000004,1111500.0
2018-08-15 14:30:00,2.1352377777777787,1112400.0
2018-08-15 14:45:00,2.2099617777777785,1113300.0
2018-08-15 15:00:00,2.279056222222223,1114200.0
2018-08-15 15:15:00,2.336935777777778,1115100.0
2018-08-15 15:30:00,2.3291395555555563,1116000.0
2018-08-15 15:45:00,2.3038117777777787,1116900.0
2018-08-15 16:00:00,2.264234000000001,1117800.0
2018-08-15 16:15:00,2.2093655555555567,1118700.0
2018-08-15 16:30:00,2.1449377777777787,1119600.0
2018-08-15 16:45:00,2.072045111111112,1120500.0
2018-08-15 17:00:00,1.9944562222222229,1121400.0
2018-08-15 17:15:00,1.9145840000000007,1122300.0
2018-08-15 17:30:00,1.8328840000000006,1123200.0
2018-08-15 17:45:00,1.7455711111111119,1124100.0
2018-08-15 18:00:00,1.6548360000000006,1125000.0
2018-08-15 18:15:00,1.5660637777777784,1125900.0
2018-08-15 18:30:00,1.476447111111112,1126800.0
2018-08-15 18:45:00,1.386158222222223,1127700.0
2018-08-15 19:00:00,1.2989897777777784,1128600.0
2018-08-15 19:15:00,1.2600120000000006,1129500.0
2018-08-15 19:30:00,1.2204286666666673,1130400.0
2018-08-15 19:45:00,1.1894286666666674,1131300.0
2018-08-15 20:00:00,1.162445333333334,1132200.0
2018-08-15 20:15:00,1.1260842222222227,1133100.0
2018-08-15 20:30:00,1.0793102222222228,1134000.0
2018-08-15 20:45:00,1.0281213333333339,1134900.0
2018-08-15 21:00:00,0.9714084444444452,1135800.0
2018-08-15 21:15:00,0.9147417777777785,1136700.0
2018-08-15 21:30:00,0.8553195555555563,1137600.0
2018-08-15 21:45:00,0.7959417777777785,1138500.0
2018-08-15 22:00:00,0.7337733333333339,1139400.0
2018-08-15 22:15:00,0.6646955555555562,1140300.0
2018-08-15 22:30:00,0.5948455555555563,1141200.0
2018-08-15 22:45:00,0.5248344444444452,1142100.0
2018-08-15 23:00:00,0.46320666666666727,1143000.0
2018-08-15 23:15:00,0.4124771111111117,1143900.0
2018-08-15 23:30:00,0.3605882222222228,1144800.0
2018-08-15 23:45:00,0.31102155555555616,1145700.0
2018-08-16 00:00:00,0.27345666666666724,1146600.0
2018-08-16 00:15:00,0.247084444444445,1147500.0
2018-08-16 00:30:00,0.22497155555555612,1148400.0
2018-08-16 00:45:00,0.20291777777777834,1149300.0
2018-08-16 01:00:00,0.18060666666666722,1150200.0
2018-08-16 01:15:00,0.16296777777777832,1151100.0
2018-08-16 01:30:00,0.14661222222222275,1152000.0
2018-08-16 01:45:00,0.13274000000000055,1152900.0
2018-08-16 02:00:00,0.12189377777777831,1153800.0
2018-08-16 02:15:00,0.11340311111111165,1154700.0
2018-08-16 02:30:00,0.10515866666666722,1155600.0
2018-08-16 02:45:00,0.09891977777777833,1156500.0
2018-08-16 03:00:00,0.09606422222222277,1157400.0
2018-08-16 03:15:00,0.0927013333333339,1158300.0
2018-08-16 03:30:00,0.08991800000000055,1159200.0
2018-08-16 03:45:00,0.08918288888888944,1160100.0
2018-08-16 04:00:00,0.0882495555555561,1161000.0
2018-08-16 04:15:00,0.08502733333333387,1161900.0
2018-08-16 04:30:00,0.08294222222222276,1162800.0
2018-08-16 04:45:00,0.08157000000000054,1163700.0
2018-08-16 05:00:00,0.08080888888888943,1164600.0
2018-08-16 05:15:00,0.08157000000000054,1165500.0
2018-08-16 05:30:00,0.08035333333333389,1166400.0
2018-08-16 05:45:00,0.08065888888888945,1167300.0
2018-08-16 06:00:00,0.07989777777777833,1168200.0
2018-08-16 06:15:00,0.080814444444445,1169100.0
2018-08-16 06:30:00,0.08190333333333388,1170000.0
2018-08-16 06:45:00,0.08278844444444498,1170900.0
2018-08-16 07:00:00,0.0859735555555561,1171800.0
2018-08-16 07:15:00,0.0930735555555561,1172700.0
2018-08-16 07:30:00,0.09939200000000055,1173600.0
2018-08-16 07:45:00,0.10959933333333388,1174500.0
2018-08-16 08:00:00,0.13291222222222276,1175400.0
2018-08-16 08:15:00,0.16637888888888944,1176300.0
2018-08-16 08:30:00,0.2030233333333339,1177200.0
2018-08-16 08:45:00,0.24353066666666726,1178100.0
2018-08-16 09:00:00,0.28683066666666723,1179000.0
2018-08-16 09:15:00,0.33277511111111174,1179900.0
2018-08-16 09:30:00,0.3814306666666673,1180800.0
2018-08-16 09:45:00,0.4357251111111118,1181700.0
2018-08-16 10:00:00,0.4898157777777784,1182600.0
2018-08-16 10:15:00,0.5486935555555562,1183500.0
2018-08-16 10:30:00,0.5403037777777785,1184400.0
2018-08-16 10:45:00,0.5309806666666674,1185300.0
2018-08-16 11:00:00,0.5185037777777785,1186200.0
2018-08-16 11:15:00,0.5049862222222229,1187100.0
2018-08-16 11:30:00,0.4889408888888896,1188000.0
2018-08-16 11:45:00,0.4619288888888896,1188900.0
2018-08-16 12:00:00,0.5381955555555563,1189800.0
2018-08-16 12:15:00,0.6188640000000006,1190700.0
2018-08-16 12:30:00,0.7008788888888896,1191600.0
2018-08-16 12:45:00,0.787697333333334,1192500.0
2018-08-16 13:00:00,0.8799751111111118,1193400.0
2018-08-16 13:15:00,0.9760268888888896,1194300.0
2018-08-16 13:30:00,1.0726453333333341,1195200.0
2018-08-16 13:45:00,1.1748268888888898,1196100.0
2018-08-16 14:00:00,1.275649111111112,1197000.0
2018-08-16 14:15:00,1.4456277777777786,1197900.0
2018-08-16 14:30:00,1.619710222222223,1198800.0
2018-08-16 14:45:00,1.7948388888888898,1199700.0
2018-08-16 15:00:00,1.9729880000000009,1200600.0
2018-08-16 15:15:00,2.152922222222223,1201500.0
2018-08-16 15:30:00,2.33330088888889,1202400.0
2018-08-16 15:45:00,2.3997971111111123,1203300.0
2018-08-16 16:00:00,2.4581082222222235,1204200.0
2018-08-16 16:15:00,2.5098655555555567,1205100.0
2018-08-16 16:30:00,2.553415555555557,1206000.0
2018-08-16 16:45:00,2.58962288888889,1206900.0
2018-08-16 17:00:00,2.615710000000001,1207800.0
2018-08-16 17:15:00,2.6339155555555562,1208700.0
2018-08-16 17:30:00,2.643800666666667,1209600.0
2018-08-16 17:45:00,2.648746888888889,1210500.0
2018-08-16 18:00:00,2.6456117777777783,1211400.0
2018-08-16 18:15:00,2.634161777777778,1212300.0
2018-08-16 18:30:00,2.6180433333333335,1213200.0
2018-08-16 18:45:00,2.594656222222222,1214100.0
2018-08-16 19:00:00,2.569145111111111,1215000.0
2018-08-16 19:15:00,2.538084,1215900.0
2018-08-16 19:30:00,2.5070544444444445,1216800.0
2018-08-16 19:45:00,2.466886,1217700.0
2018-08-16 20:00:00,2.3938804444444446,1218600.0
2018-08-16 20:15:00,2.2711508888888896,1219500.0
2018-08-16 20:30:00,2.1383397777777784,1220400.0
2018-08-16 20:45:00,2.002763777777778,1221300.0
2018-08-16 21:00:00,1.8670731111111114,1222200.0
2018-08-16 21:15:00,1.7302508888888892,1223100.0
2018-08-16 21:30:00,1.5895120000000003,1224000.0
2018-08-16 21:45:00,1.4527064444444446,1224900.0
2018-08-16 22:00:00,1.3104675555555556,1225800.0
2018-08-16 22:15:00,1.170536,1226700.0
2018-08-16 22:30:00,1.0293915555555557,1227600.0
2018-08-16 22:45:00,0.887550888888889,1228500.0
2018-08-16 23:00:00,0.7487935555555557,1229400.0
2018-08-16 23:15:00,0.6076435555555556,1230300.0
2018-08-16 23:30:00,0.47509533333333337,1231200.0
2018-08-16 23:45:00,0.37540466666666666,1232100.0
2018-08-17 00:00:00,0.32342133333333334,1233000.0
2018-08-17 00:15:00,0.281514,1233900.0
2018-08-17 00:30:00,0.24400666666666665,1234800.0
2018-08-17 00:45:00,0.20797888888888888,1235700.0
2018-08-17 01:00:00,0.1751271111111111,1236600.0
2018-08-17 01:15:00,0.14661977777777774,1237500.0
2018-08-17 01:30:00,0.11905866666666665,1238400.0
2018-08-17 01:45:00,0.10083088888888889,1239300.0
2018-08-17 02:00:00,0.083918,1240200.0
2018-08-17 02:15:00,0.07216066666666669,1241100.0
2018-08-17 02:30:00,0.061282888888888915,1242000.0
2018-08-17 02:45:00,0.052582888888888915,1242900.0
2018-08-17 03:00:00,0.045927333333333355,1243800.0
2018-08-17 03:15:00,0.04025888888888892,1244700.0
2018-08-17 03:30:00,0.03545333333333336,1245600.0
2018-08-17 03:45:00,0.03267555555555558,1246500.0
2018-08-17 04:00:00,0.030053333333333362,1247400.0
2018-08-17 04:15:00,0.02851444444444447,1248300.0
2018-08-17 04:30:00,0.027747777777777805,1249200.0
2018-08-17 04:45:00,0.02744222222222225,1250100.0
2018-08-17 05:00:00,0.027286666666666695,1251000.0
2018-08-17 05:15:00,0.027286666666666695,1251900.0
2018-08-17 05:30:00,0.027442222222222253,1252800.0
2018-08-17 05:45:00,0.027903333333333367,1253700.0
2018-08-17 06:00:00,0.029286666666666697,1254600.0
2018-08-17 06:15:00,0.03097555555555559,1255500.0
2018-08-17 06:30:00,0.03307177777777782,1256400.0
2018-08-17 06:45:00,0.036412444444444476,1257300.0
2018-08-17 07:00:00,0.040434666666666695,1258200.0
2018-08-17 07:15:00,0.04554577777777781,1259100.0
2018-08-17 07:30:00,0.050142000000000034,1260000.0
2018-08-17 07:45:00,0.05511422222222226,1260900.0
2018-08-17 08:00:00,0.06087533333333337,1261800.0
2018-08-17 08:15:00,0.0665826666666667,1262700.0
2018-08-17 08:30:00,0.07346044444444448,1263600.0
2018-08-17 08:45:00,0.08029000000000003,1264500.0
2018-08-17 09:00:00,0.08835844444444448,1265400.0
2018-08-17 09:15:00,0.09814911111111115,1266300.0
2018-08-17 09:30:00,0.10786022222222226,1267200.0
2018-08-17 09:45:00,0.11603244444444448,1268100.0
2018-08-17 10:00:00,0.13011200000000003,1269000.0
2018-08-17 10:15:00,0.15083422222222223,1269900.0
2018-08-17 10:30:00,0.17599911111111113,1270800.0
2018-08-17 10:45:00,0.20167311111111114,1271700.0
2018-08-17 11:00:00,0.23220822222222226,1272600.0
2018-08-17 11:15:00,0.26309711111111117,1273500.0
2018-08-17 11:30:00,0.2953322222222223,1274400.0
2018-08-17 11:45:00,0.3271711111111112,1275300.0
2018-08-17 12:00:00,0.3618211111111112,1276200.0
2018-08-17 12:15:00,0.4002211111111112,1277100.0
2018-08-17 12:30:00,0.44754333333333335,1278000.0
2018-08-17 12:45:00,0.4942544444444445,1278900.0
2018-08-17 13:00:00,0.5397044444444445,1279800.0
2018-08-17 13:15:00,0.5869562222222223,1280700.0
2018-08-17 13:30:00,0.635285777777778,1281600.0
2018-08-17 13:45:00,0.6777080000000002,1282500.0
2018-08-17 14:00:00,0.7126191111111113,1283400.0
2018-08-17 14:15:00,0.744959777777778,1284300.0
2018-08-17 14:30:00,0.7743931111111113,1285200.0
2018-08-17 14:45:00,0.7981820000000003,1286100.0
2018-08-17 15:00:00,0.8221264444444447,1287000.0
2018-08-17 15:15:00,0.8449597777777781,1287900.0
2018-08-17 15:30:00,0.8674060000000003,1288800.0
2018-08-17 15:45:00,0.8861560000000003,1289700.0
2018-08-17 16:00:00,0.8996744444444448,1290600.0
2018-08-17 16:15:00,0.9049522222222225,1291500.0
2018-08-17 16:30:00,0.9099244444444446,1292400.0
2018-08-17 16:45:00,0.9145911111111112,1293300.0
2018-08-17 17:00:00,0.9178577777777779,1294200.0
2018-08-17 17:15:00,0.924156,1295100.0
2018-08-17 17:30:00,0.9306097777777776,1296000.0
2018-08-17 17:45:00,0.936908,1296900.0
2018-08-17 18:00:00,0.9404006666666666,1297800.0
2018-08-17 18:15:00,0.9516506666666664,1298700.0
2018-08-17 18:30:00,0.9624451111111109,1299600.0
2018-08-17 18:45:00,0.9671988888888887,1300500.0
2018-08-17 19:00:00,0.9719693333333331,1301400.0
2018-08-17 19:15:00,0.9736064444444442,1302300.0
2018-08-17 19:30:00,0.9741324444444442,1303200.0
2018-08-17 19:45:00,0.9731991111111109,1304100.0
2018-08-17 20:00:00,0.9711713333333332,1305000.0
2018-08-17 20:15:00,0.9691268888888888,1305900.0
2018-08-17 20:30:00,0.9629084444444443,1306800.0
2018-08-17 20:45:00,0.9396344444444443,1307700.0
2018-08-17 21:00:00,0.9073844444444444,1308600.0
2018-08-17 21:15:00,0.8686417777777778,1309500.0
2018-08-17 21:30:00,0.8236862222222222,1310400.0
2018-08-17 21:45:00,0.7787306666666667,1311300.0
2018-08-17 22:00:00,0.7260122222222223,1312200.0
2018-08-17 22:15:00,0.6715548888888889,1313100.0
2018-08-17 22:30:00,0.6225104444444445,1314000.0
2018-08-17 22:45:00,0.5726122222222223,1314900.0
2018-08-17 23:00:00,0.52559,1315800.0
2018-08-17 23:15:00,0.48024177777777777,1316700.0
2018-08-17 23:30:00,0.43494177777777776,1317600.0
2018-08-17 23:45:00,0.38327333333333335,1318500.0
2018-08-18 00:00:00,0.32879377777777774,1319400.0
2018-08-18 00:15:00,0.2785677777777778,1320300.0
2018-08-18 00:30:00,0.24466777777777782,1321200.0
2018-08-18 00:45:00,0.21655666666666668,1322100.0
2018-08-18 01:00:00,0.1944826666666667,1323000.0
2018-08-18 01:15:00,0.17953822222222227,1323900.0
2018-08-18 01:30:00,0.16519933333333336,1324800.0
2018-08-18 01:45:00,0.15212711111111113,1325700.0
2018-08-18 02:00:00,0.14109933333333335,1326600.0
2018-08-18 02:15:00,0.13069933333333333,1327500.0
2018-08-18 02:30:00,0.1212808888888889,1328400.0
2018-08-18 02:45:00,0.11196422222222221,1329300.0
2018-08-18 03:00:00,0.10256244444444444,1330200.0
2018-08-18 03:15:00,0.0953328888888889,1331100.0
2018-08-18 03:30:00,0.09523288888888891,1332000.0
2018-08-18 03:45:00,0.09687733333333336,1332900.0
2018-08-18 04:00:00,0.09859777777777781,1333800.0
2018-08-18 04:15:00,0.10072000000000005,1334700.0
2018-08-18 04:30:00,0.10299222222222228,1335600.0
2018-08-18 04:45:00,0.10541444444444449,1336500.0
2018-08-18 05:00:00,0.10723111111111115,1337400.0
2018-08-18 05:15:00,0.10859222222222227,1338300.0
2018-08-18 05:30:00,0.11010888888888895,1339200.0
2018-08-18 05:45:00,0.11268111111111118,1340100.0
2018-08-18 06:00:00,0.11464777777777783,1341000.0
2018-08-18 06:15:00,0.11494777777777784,1341900.0
2018-08-18 06:30:00,0.11479777777777785,1342800.0
2018-08-18 06:45:00,0.11543111111111118,1343700.0
2018-08-18 07:00:00,0.1180384444444445,1344600.0
2018-08-18 07:15:00,0.12294400000000007,1345500.0
2018-08-18 07:30:00,0.12934577777777784,1346400.0
2018-08-18 07:45:00,0.1363753333333334,1347300.0
2018-08-18 08:00:00,0.1465382222222223,1348200.0
2018-08-18 08:15:00,0.16029000000000007,1349100.0
2018-08-18 08:30:00,0.17520111111111117,1350000.0
2018-08-18 08:45:00,0.19071777777777785,1350900.0
2018-08-18 09:00:00,0.20739733333333338,1351800.0
2018-08-18 09:15:00,0.22743066666666675,1352700.0
2018-08-18 09:30:00,0.2479473333333334,1353600.0
2018-08-18 09:45:00,0.27495466666666674,1354500.0
2018-08-18 10:00:00,0.30881200000000014,1355400.0
2018-08-18 10:15:00,0.3509526666666668,1356300.0
2018-08-18 10:30:00,0.3931971111111112,1357200.0
2018-08-18 10:45:00,0.4400471111111113,1358100.0
2018-08-18 11:00:00,0.4854322222222224,1359000.0
2018-08-18 11:15:00,0.5423582222222224,1359900.0
2018-08-18 11:30:00,0.600850888888889,1360800.0
2018-08-18 11:45:00,0.6581620000000001,1361700.0
2018-08-18 12:00:00,0.7126675555555557,1362600.0
2018-08-18 12:15:00,0.7701564444444446,1363500.0
2018-08-18 12:30:00,0.8357786666666669,1364400.0
2018-08-18 12:45:00,0.9050546666666669,1365300.0
2018-08-18 13:00:00,0.9721824444444447,1366200.0
2018-08-18 13:15:00,1.0404546666666667,1367100.0
2018-08-18 13:30:00,1.1019306666666668,1368000.0
2018-08-18 13:45:00,1.1586733333333334,1368900.0
2018-08-18 14:00:00,1.2089233333333336,1369800.0
2018-08-18 14:15:00,1.2590417777777778,1370700.0
2018-08-18 14:30:00,1.302275111111111,1371600.0
2018-08-18 14:45:00,1.3447455555555554,1372500.0
2018-08-18 15:00:00,1.3835084444444443,1373400.0
2018-08-18 15:15:00,1.4224584444444444,1374300.0
2018-08-18 15:30:00,1.458412222222222,1375200.0
2018-08-18 15:45:00,1.494777111111111,1376100.0
2018-08-18 16:00:00,1.530651111111111,1377000.0
2018-08-18 16:15:00,1.558086222222222,1377900.0
2018-08-18 16:30:00,1.582386222222222,1378800.0
2018-08-18 16:45:00,1.6057806666666665,1379700.0
2018-08-18 17:00:00,1.6252935555555552,1380600.0
2018-08-18 17:15:00,1.6458564444444441,1381500.0
2018-08-18 17:30:00,1.6647304444444442,1382400.0
2018-08-18 17:45:00,1.6821137777777777,1383300.0
2018-08-18 18:00:00,1.699197111111111,1384200.0
2018-08-18 18:15:00,1.7167248888888886,1385100.0
2018-08-18 18:30:00,1.71511,1386000.0
2018-08-18 18:45:00,1.70611,1386900.0
2018-08-18 19:00:00,1.6908933333333336,1387800.0
2018-08-18 19:15:00,1.6752266666666669,1388700.0
2018-08-18 19:30:00,1.6551006666666668,1389600.0
2018-08-18 19:45:00,1.6323784444444447,1390500.0
2018-08-18 20:00:00,1.6064062222222224,1391400.0
2018-08-18 20:15:00,1.581146888888889,1392300.0
2018-08-18 20:30:00,1.5554431111111113,1393200.0
2018-08-18 20:45:00,1.522776444444445,1394100.0
2018-08-18 21:00:00,1.4801431111111114,1395000.0
2018-08-18 21:15:00,1.4177468888888891,1395900.0
2018-08-18 21:30:00,1.3378284444444446,1396800.0
2018-08-18 21:45:00,1.258371111111111,1397700.0
2018-08-18 22:00:00,1.1755637777777779,1398600.0
2018-08-18 22:15:00,1.109684222222222,1399500.0
2018-08-18 22:30:00,1.0092444444444444,1400400.0
2018-08-18 22:45:00,0.9124842222222221,1401300.0
2018-08-18 23:00:00,0.8169184444444444,1402200.0
2018-08-18 23:15:00,0.7244675555555555,1403100.0
2018-08-18 23:30:00,0.630961111111111,1404000.0
2018-08-18 23:45:00,0.5405546666666666,1404900.0
2018-08-19 00:00:00,0.44775377777777775,1405800.0
2018-08-19 00:15:00,0.3553973333333333,1406700.0
2018-08-19 00:30:00,0.27120199999999994,1407600.0
2018-08-19 00:45:00,0.19652888888888884,1408500.0
2018-08-19 01:00:00,0.14210199999999992,1409400.0
2018-08-19 01:15:00,0.10534733333333325,1410300.0
2018-08-19 01:30:00,0.06798155555555546,1411200.0
2018-08-19 01:45:00,0.033221333333333235,1412100.0
2018-08-19 02:00:00,0.0,1413000.0
2018-08-19 02:15:00,0.0,1413900.0
2018-08-19 02:30:00,0.0,1414800.0
2018-08-19 02:45:00,0.0,1415700.0
2018-08-19 03:00:00,0.0,1416600.0
2018-08-19 03:15:00,0.0,1417500.0
2018-08-19 03:30:00,0.0,1418400.0
2018-08-19 03:45:00,0.0,1419300.0
2018-08-19 04:00:00,0.0,1420200.0
2018-08-19 04:15:00,0.0,1421100.0
2018-08-19 04:30:00,0.0,1422000.0
2018-08-19 04:45:00,0.0,1422900.0
2018-08-19 05:00:00,0.0,1423800.0
2018-08-19 05:15:00,0.0,1424700.0
2018-08-19 05:30:00,0.0,1425600.0
2018-08-19 05:45:00,0.0,1426500.0
2018-08-19 06:00:00,0.0,1427400.0
2018-08-19 06:15:00,0.0,1428300.0
2018-08-19 06:30:00,0.0,1429200.0
2018-08-19 06:45:00,0.0,1430100.0
2018-08-19 07:00:00,0.0,1431000.0
2018-08-19 07:15:00,0.0,1431900.0
2018-08-19 07:30:00,0.0,1432800.0
2018-08-19 07:45:00,0.0,1433700.0
2018-08-19 08:00:00,0.0,1434600.0
2018-08-19 08:15:00,0.0,1435500.0
2018-08-19 08:30:00,0.0,1436400.0
2018-08-19 08:45:00,0.0,1437300.0
2018-08-19 09:00:00,0.0,1438200.0
2018-08-19 09:15:00,0.0,1439100.0
2018-08-19 09:30:00,0.0,1440000.0
2018-08-19 09:45:00,0.0,1440900.0
2018-08-19 10:00:00,0.0,1441800.0
2018-08-19 10:15:00,0.0,1442700.0
2018-08-19 10:30:00,0.0,1443600.0
2018-08-19 10:45:00,0.0,1444500.0
2018-08-19 11:00:00,0.0,1445400.0
2018-08-19 11:15:00,0.0,1446300.0
2018-08-19 11:30:00,0.0,1447200.0
2018-08-19 11:45:00,0.0,1448100.0
2018-08-19 12:00:00,0.0,1449000.0
2018-08-19 12:15:00,0.0,1449900.0
2018-08-19 12:30:00,0.0,1450800.0
2018-08-19 12:45:00,0.0,1451700.0
2018-08-19 13:00:00,0.0,1452600.0
2018-08-19 13:15:00,0.0,1453500.0
2018-08-19 13:30:00,0.0,1454400.0
2018-08-19 13:45:00,0.10292688888888879,1455300.0
2018-08-19 14:00:00,0.21069266666666658,1456200.0
2018-08-19 14:15:00,0.3209473333333333,1457100.0
2018-08-19 14:30:00,0.4359982222222222,1458000.0
2018-08-19 14:45:00,0.5663862222222222,1458900.0
2018-08-19 15:00:00,0.6981631111111111,1459800.0
2018-08-19 15:15:00,0.8308028888888889,1460700.0
2018-08-19 15:30:00,0.9703853333333333,1461600.0
2018-08-19 15:45:00,1.1121400000000001,1462500.0
2018-08-19 16:00:00,1.2560946666666668,1463400.0
2018-08-19 16:15:00,1.4035900000000003,1464300.0
2018-08-19 16:30:00,1.5520186666666669,1465200.0
2018-08-19 16:45:00,1.7017288888888893,1466100.0
2018-08-19 17:00:00,1.854544666666667,1467000.0
2018-08-19 17:15:00,2.0082937777777783,1467900.0
2018-08-19 17:30:00,2.0594160000000006,1468800.0
2018-08-19 17:45:00,2.106299333333334,1469700.0
2018-08-19 18:00:00,2.151101111111112,1470600.0
2018-08-19 18:15:00,2.1909566666666676,1471500.0
2018-08-19 18:30:00,2.215775111111112,1472400.0
2018-08-19 18:45:00,2.2393546666666677,1473300.0
2018-08-19 19:00:00,2.259904666666668,1474200.0
2018-08-19 19:15:00,2.2607824444444455,1475100.0
2018-08-19 19:30:00,2.2265453333333345,1476000.0
2018-08-19 19:45:00,2.1898026666666675,1476900.0
2018-08-19 20:00:00,2.140423111111112,1477800.0
2018-08-19 20:15:00,2.0866453333333346,1478700.0
2018-08-19 20:30:00,2.029628666666668,1479600.0
2018-08-19 20:45:00,1.9684175555555565,1480500.0
2018-08-19 21:00:00,1.8921897777777787,1481400.0
2018-08-19 21:15:00,1.8099693333333342,1482300.0
2018-08-19 21:30:00,1.7043582222222229,1483200.0
2018-08-19 21:45:00,1.5916971111111118,1484100.0
2018-08-19 22:00:00,1.473134222222223,1485000.0
2018-08-19 22:15:00,1.3441731111111117,1485900.0
2018-08-19 22:30:00,1.210582444444445,1486800.0
2018-08-19 22:45:00,1.0770713333333337,1487700.0
2018-08-19 23:00:00,0.9366111111111116,1488600.0
2018-08-19 23:15:00,0.829093555555556,1489500.0
2018-08-19 23:30:00,0.7218815555555559,1490400.0
2018-08-19 23:45:00,0.6237657777777782,1491300.0
2018-08-20 00:00:00,0.5291148888888892,1492200.0
2018-08-20 00:15:00,0.43642133333333366,1493100.0
2018-08-20 00:30:00,0.34481666666666694,1494000.0
2018-08-20 00:45:00,0.2672953333333336,1494900.0
2018-08-20 01:00:00,0.19546666666666693,1495800.0
2018-08-20 01:15:00,0.14642866666666693,1496700.0
2018-08-20 01:30:00,0.10403333333333359,1497600.0
2018-08-20 01:45:00,0.06768977777777803,1498500.0
2018-08-20 02:00:00,0.04144444444444469,1499400.0
2018-08-20 02:15:00,0.01967866666666691,1500300.0
2018-08-20 02:30:00,2.4424906541753446e-16,1501200.0
2018-08-20 02:45:00,2.4424906541753446e-16,1502100.0
2018-08-20 03:00:00,2.4424906541753446e-16,1503000.0
2018-08-20 03:15:00,2.4424906541753446e-16,1503900.0
2018-08-20 03:30:00,2.4424906541753446e-16,1504800.0
2018-08-20 03:45:00,2.4424906541753446e-16,1505700.0
2018-08-20 04:00:00,2.4424906541753446e-16,1506600.0
2018-08-20 04:15:00,2.4424906541753446e-16,1507500.0
2018-08-20 04:30:00,2.4424906541753446e-16,1508400.0
2018-08-20 04:45:00,2.4424906541753446e-16,1509300.0
2018-08-20 05:00:00,2.4424906541753446e-16,1510200.0
2018-08-20 05:15:00,2.4424906541753446e-16,1511100.0
2018-08-20 05:30:00,2.4424906541753446e-16,1512000.0
2018-08-20 05:45:00,2.4424906541753446e-16,1512900.0
2018-08-20 06:00:00,2.4424906541753446e-16,1513800.0
2018-08-20 06:15:00,2.4424906541753446e-16,1514700.0
2018-08-20 06:30:00,2.4424906541753446e-16,1515600.0
2018-08-20 06:45:00,2.4424906541753446e-16,1516500.0
2018-08-20 07:00:00,2.4424906541753446e-16,1517400.0
2018-08-20 07:15:00,2.4424906541753446e-16,1518300.0
2018-08-20 07:30:00,2.4424906541753446e-16,1519200.0
2018-08-20 07:45:00,2.4424906541753446e-16,1520100.0
2018-08-20 08:00:00,2.4424906541753446e-16,1521000.0
2018-08-20 08:15:00,2.4424906541753446e-16,1521900.0
2018-08-20 08:30:00,2.4424906541753446e-16,1522800.0
2018-08-20 08:45:00,2.4424906541753446e-16,1523700.0
2018-08-20 09:00:00,2.4424906541753446e-16,1524600.0
2018-08-20 09:15:00,2.4424906541753446e-16,1525500.0
2018-08-20 09:30:00,2.4424906541753446e-16,1526400.0
2018-08-20 09:45:00,2.4424906541753446e-16,1527300.0
2018-08-20 10:00:00,2.4424906541753446e-16,1528200.0
2018-08-20 10:15:00,2.4424906541753446e-16,1529100.0
2018-08-20 10:30:00,2.4424906541753446e-16,1530000.0
2018-08-20 10:45:00,2.4424906541753446e-16,1530900.0
2018-08-20 11:00:00,2.4424906541753446e-16,1531800.0
2018-08-20 11:15:00,2.4424906541753446e-16,1532700.0
2018-08-20 11:30:00,2.4424906541753446e-16,1533600.0
2018-08-20 11:45:00,2.4424906541753446e-16,1534500.0
2018-08-20 12:00:00,2.4424906541753446e-16,1535400.0
2018-08-20 12:15:00,2.4424906541753446e-16,1536300.0
2018-08-20 12:30:00,2.4424906541753446e-16,1537200.0
2018-08-20 12:45:00,2.4424906541753446e-16,1538100.0
2018-08-20 13:00:00,2.4424906541753446e-16,1539000.0
2018-08-20 13:15:00,2.4424906541753446e-16,1539900.0
2018-08-20 13:30:00,2.4424906541753446e-16,1540800.0
2018-08-20 13:45:00,2.4424906541753446e-16,1541700.0
2018-08-20 14:00:00,2.4424906541753446e-16,1542600.0
2018-08-20 14:15:00,2.4424906541753446e-16,1543500.0
2018-08-20 14:30:00,0.12840088888888915,1544400.0
2018-08-20 14:45:00,0.2571073333333336,1545300.0
2018-08-20 15:00:00,0.39665088888888916,1546200.0
2018-08-20 15:15:00,0.5399017777777781,1547100.0
2018-08-20 15:30:00,0.6935231111111115,1548000.0
2018-08-20 15:45:00,0.8489777777777782,1548900.0
2018-08-20 16:00:00,1.0024491111111116,1549800.0
2018-08-20 16:15:00,1.1572926666666672,1550700.0
2018-08-20 16:30:00,1.3144157777777783,1551600.0
2018-08-20 16:45:00,1.4716888888888893,1552500.0
2018-08-20 17:00:00,1.6299713333333339,1553400.0
2018-08-20 17:15:00,1.7882537777777785,1554300.0
2018-08-20 17:30:00,1.946686222222223,1555200.0
2018-08-20 17:45:00,2.106513111111112,1556100.0
2018-08-20 18:00:00,2.266340000000001,1557000.0
2018-08-20 18:15:00,2.298371555555556,1557900.0
2018-08-20 18:30:00,2.331153111111112,1558800.0
2018-08-20 18:45:00,2.3537031111111117,1559700.0
2018-08-20 19:00:00,2.3728457777777785,1560600.0
2018-08-20 19:15:00,2.3813920000000004,1561500.0
2018-08-20 19:30:00,2.387064222222223,1562400.0
2018-08-20 19:45:00,2.3922197777777785,1563300.0
2018-08-20 20:00:00,2.3950697777777785,1564200.0
2018-08-20 20:15:00,2.389964222222223,1565100.0
2018-08-20 20:30:00,2.3808420000000003,1566000.0
2018-08-20 20:45:00,2.367454888888889,1566900.0
2018-08-20 21:00:00,2.3445344444444447,1567800.0
2018-08-20 21:15:00,2.316958444444445,1568700.0
2018-08-20 21:30:00,2.280564,1569600.0
2018-08-20 21:45:00,2.234404666666667,1570500.0
2018-08-20 22:00:00,2.1809119999999997,1571400.0
2018-08-20 22:15:00,2.019424,1572300.0
2018-08-20 22:30:00,1.857330444444444,1573200.0
2018-08-20 22:45:00,1.6949368888888885,1574100.0
2018-08-20 23:00:00,1.532769333333333,1575000.0
2018-08-20 23:15:00,1.371642444444444,1575900.0
2018-08-20 23:30:00,1.213015555555555,1576800.0
2018-08-20 23:45:00,1.0553219999999996,1577700.0
2018-08-21 00:00:00,0.903304444444444,1578600.0
2018-08-21 00:15:00,0.7551535555555551,1579500.0
2018-08-21 00:30:00,0.6102582222222217,1580400.0
2018-08-21 00:45:00,0.4748962222222218,1581300.0
2018-08-21 01:00:00,0.34403977777777733,1582200.0
2018-08-21 01:15:00,0.22060733333333282,1583100.0
2018-08-21 01:30:00,0.10693977777777726,1584000.0
2018-08-21 01:45:00,0.0,1584900.0
2018-08-21 02:00:00,0.0,1585800.0
2018-08-21 02:15:00,0.0,1586700.0
2018-08-21 02:30:00,0.0,1587600.0
2018-08-21 02:45:00,0.0,1588500.0
2018-08-21 03:00:00,0.0,1589400.0
2018-08-21 03:15:00,0.0,1590300.0
2018-08-21 03:30:00,0.0,1591200.0
2018-08-21 03:45:00,0.0,1592100.0
2018-08-21 04:00:00,0.0,1593000.0
2018-08-21 04:15:00,0.0,1593900.0
2018-08-21 04:30:00,0.0,1594800.0
2018-08-21 04:45:00,0.0,1595700.0
2018-08-21 05:00:00,0.0,1596600.0
2018-08-21 05:15:00,0.0,1597500.0
2018-08-21 05:30:00,0.0,1598400.0
2018-08-21 05:45:00,0.0,1599300.0
2018-08-21 06:00:00,0.0,1600200.0
2018-08-21 06:15:00,0.0,1601100.0
2018-08-21 06:30:00,0.0,1602000.0
2018-08-21 06:45:00,0.0,1602900.0
2018-08-21 07:00:00,0.0,1603800.0
2018-08-21 07:15:00,0.0,1604700.0
2018-08-21 07:30:00,0.0,1605600.0
2018-08-21 07:45:00,0.0,1606500.0
2018-08-21 08:00:00,0.0,1607400.0
2018-08-21 08:15:00,0.0,1608300.0
2018-08-21 08:30:00,0.0,1609200.0
2018-08-21 08:45:00,0.0,1610100.0
2018-08-21 09:00:00,0.0,1611000.0
2018-08-21 09:15:00,0.0,1611900.0
2018-08-21 09:30:00,0.0,1612800.0
2018-08-21 09:45:00,0.0,1613700.0
2018-08-21 10:00:00,0.0,1614600.0
2018-08-21 10:15:00,0.0,1615500.0
2018-08-21 10:30:00,0.0,1616400.0
2018-08-21 10:45:00,0.0,1617300.0
2018-08-21 11:00:00,0.0,1618200.0
2018-08-21 11:15:00,0.0,1619100.0
2018-08-21 11:30:00,0.0,1620000.0
2018-08-21 11:45:00,0.0,1620900.0
2018-08-21 12:00:00,0.043028666666666174,1621800.0
2018-08-21 12:15:00,0.09069622222222175,1622700.0
2018-08-21 12:30:00,0.14000088888888843,1623600.0
2018-08-21 12:45:00,0.19431111111111068,1624500.0
2018-08-21 13:00:00,0.2546453333333329,1625400.0
2018-08-21 13:15:00,0.3159351111111107,1626300.0
2018-08-21 13:30:00,0.37584711111111074,1627200.0
2018-08-21 13:45:00,0.4363757777777774,1628100.0
2018-08-21 14:00:00,0.4976655555555552,1629000.0
2018-08-21 14:15:00,0.5717775555555552,1629900.0
2018-08-21 14:30:00,0.6449728888888886,1630800.0
2018-08-21 14:45:00,0.7187793333333331,1631700.0
2018-08-21 15:00:00,0.7898246666666664,1632600.0
2018-08-21 15:15:00,0.8602588888888886,1633500.0
2018-08-21 15:30:00,0.9306931111111109,1634400.0
2018-08-21 15:45:00,0.9576319999999998,1635300.0
2018-08-21 16:00:00,0.9699691111111108,1636200.0
2018-08-21 16:15:00,0.9206644444444442,1637100.0
2018-08-21 16:30:00,0.8663542222222219,1638000.0
2018-08-21 16:45:00,0.8060199999999997,1638900.0
2018-08-21 17:00:00,0.7447302222222218,1639800.0
2018-08-21 17:15:00,0.6848182222222218,1640700.0
2018-08-21 17:30:00,0.6242895555555551,1641600.0
2018-08-21 17:45:00,0.5629997777777773,1642500.0
2018-08-21 18:00:00,0.4888877777777773,1643400.0
2018-08-21 18:15:00,0.415692444444444,1644300.0
2018-08-21 18:30:00,0.3418859999999995,1645200.0
2018-08-21 18:45:00,0.2708406666666662,1646100.0
2018-08-21 19:00:00,0.20040644444444392,1647000.0
2018-08-21 19:15:00,0.19132311111111058,1647900.0
2018-08-21 19:30:00,0.17393422222222168,1648800.0
2018-08-21 19:45:00,0.16656755555555502,1649700.0
2018-08-21 20:00:00,0.21716111111111058,1650600.0
2018-08-21 20:15:00,0.26305466666666616,1651500.0
2018-08-21 20:30:00,0.3091888888888884,1652400.0
2018-08-21 20:45:00,0.35396577777777727,1653300.0
2018-08-21 21:00:00,0.3988926666666662,1654200.0
2018-08-21 21:15:00,0.4431917777777773,1655100.0
2018-08-21 21:30:00,0.48600933333333285,1656000.0
2018-08-21 21:45:00,0.5191695555555551,1656900.0
2018-08-21 22:00:00,0.5418408888888885,1657800.0
2018-08-21 22:15:00,0.5638844444444441,1658700.0
2018-08-21 22:30:00,0.5854668888888885,1659600.0
2018-08-21 22:45:00,0.6028271111111108,1660500.0
2018-08-21 23:00:00,0.5518826666666663,1661400.0
2018-08-21 23:15:00,0.5078382222222219,1662300.0
2018-08-21 23:30:00,0.46129933333333295,1663200.0
2018-08-21 23:45:00,0.4163271111111107,1664100.0
2018-08-22 00:00:00,0.3735548888888885,1665000.0
2018-08-22 00:15:00,0.3285142222222219,1665900.0
2018-08-22 00:30:00,0.2845197777777774,1666800.0
2018-08-22 00:45:00,0.24006422222222182,1667700.0
2018-08-22 01:00:00,0.1957651111111107,1668600.0
2018-08-22 01:15:00,0.15294755555555511,1669500.0
2018-08-22 01:30:00,0.11978733333333288,1670400.0
2018-08-22 01:45:00,0.09711599999999955,1671300.0
2018-08-22 02:00:00,0.07507244444444398,1672200.0
2018-08-22 02:15:00,0.05348999999999953,1673100.0
2018-08-22 02:30:00,0.03612977777777731,1674000.0
2018-08-22 02:45:00,0.02572333333333287,1674900.0
2018-08-22 03:00:00,0.017189111111110645,1675800.0
2018-08-22 03:15:00,0.011089999999999534,1676700.0
2018-08-22 03:30:00,0.005468666666666199,1677600.0
2018-08-22 03:45:00,0.0023473333333328657,1678500.0
2018-08-22 04:00:00,0.0012537777777773098,1679400.0
2018-08-22 04:15:00,0.0004713333333328653,1680300.0
2018-08-22 04:30:00,0.0,1681200.0
2018-08-22 04:45:00,0.0,1682100.0
2018-08-22 05:00:00,0.0,1683000.0
2018-08-22 05:15:00,0.0,1683900.0
2018-08-22 05:30:00,0.0,1684800.0
2018-08-22 05:45:00,0.0,1685700.0
2018-08-22 06:00:00,0.0,1686600.0
2018-08-22 06:15:00,0.0,1687500.0
2018-08-22 06:30:00,0.0,1688400.0
2018-08-22 06:45:00,0.0,1689300.0
2018-08-22 07:00:00,0.0,1690200.0
2018-08-22 07:15:00,0.0,1691100.0
2018-08-22 07:30:00,0.0,1692000.0
2018-08-22 07:45:00,0.0,1692900.0
2018-08-22 08:00:00,0.0,1693800.0
2018-08-22 08:15:00,0.0,1694700.0
2018-08-22 08:30:00,0.0,1695600.0
2018-08-22 08:45:00,0.0,1696500.0
2018-08-22 09:00:00,0.0,1697400.0
2018-08-22 09:15:00,0.0,1698300.0
2018-08-22 09:30:00,0.0,1699200.0
2018-08-22 09:45:00,0.0,1700100.0
2018-08-22 10:00:00,0.0,1701000.0
2018-08-22 10:15:00,0.0,1701900.0
2018-08-22 10:30:00,0.0,1702800.0
2018-08-22 10:45:00,0.0,1703700.0
2018-08-22 11:00:00,0.0,1704600.0
2018-08-22 11:15:00,0.0,1705500.0
2018-08-22 11:30:00,0.0,1706400.0
2018-08-22 11:45:00,0.0,1707300.0
2018-08-22 12:00:00,0.0,1708200.0
2018-08-22 12:15:00,0.0,1709100.0
2018-08-22 12:30:00,0.0,1710000.0
2018-08-22 12:45:00,0.0,1710900.0
2018-08-22 13:00:00,0.0,1711800.0
2018-08-22 13:15:00,0.07513422222222177,1712700.0
2018-08-22 13:30:00,0.07513422222222177,1713600.0
2018-08-22 13:45:00,0.16341288888888844,1714500.0
2018-08-22 14:00:00,0.16341288888888844,1715400.0
2018-08-22 14:15:00,0.26470266666666625,1716300.0
2018-08-22 14:30:00,0.3729295555555552,1717200.0
2018-08-22 14:45:00,0.48895088888888855,1718100.0
2018-08-22 15:00:00,0.6122573333333329,1719000.0
2018-08-22 15:15:00,0.741069333333333,1719900.0
2018-08-22 15:30:00,0.8750591111111107,1720800.0
2018-08-22 15:45:00,1.0146026666666663,1721700.0
2018-08-22 16:00:00,1.159731333333333,1722600.0
2018-08-22 16:15:00,1.308943333333333,1723500.0
2018-08-22 16:30:00,1.462394222222222,1724400.0
2018-08-22 16:45:00,1.6212155555555552,1725300.0
2018-08-22 17:00:00,1.7088822222222217,1726200.0
2018-08-22 17:15:00,1.8751219999999995,1727100.0
2018-08-22 17:30:00,1.9555831111111104,1728000.0
2018-08-22 17:45:00,2.1265711111111103,1728900.0
2018-08-22 18:00:00,2.198469333333333,1729800.0
2018-08-22 18:15:00,2.2622082222222217,1730700.0
2018-08-22 18:30:00,2.319069333333333,1731600.0
2018-08-22 18:45:00,2.3697120000000003,1732500.0
2018-08-22 19:00:00,2.4139324444444443,1733400.0
2018-08-22 19:15:00,2.4528251111111112,1734300.0
2018-08-22 19:30:00,2.485632444444444,1735200.0
2018-08-22 19:45:00,2.5112084444444442,1736100.0
2018-08-22 20:00:00,2.529364,1737000.0
2018-08-22 20:15:00,2.375913111111111,1737900.0
2018-08-22 20:30:00,2.2170917777777777,1738800.0
2018-08-22 20:45:00,2.054290888888889,1739700.0
2018-08-22 21:00:00,1.8880511111111113,1740600.0
2018-08-22 21:15:00,1.7193113333333336,1741500.0
2018-08-22 21:30:00,1.5483233333333335,1742400.0
2018-08-22 21:45:00,1.3751353333333336,1743300.0
2018-08-22 22:00:00,1.2031695555555557,1744200.0
2018-08-22 22:15:00,1.0302871111111114,1745100.0
2018-08-22 22:30:00,0.8563380000000002,1746000.0
2018-08-22 22:45:00,0.6833055555555556,1746900.0
2018-08-22 23:00:00,0.510423111111111,1747800.0
2018-08-22 23:15:00,0.33807222222222216,1748700.0
2018-08-22 23:30:00,0.16736755555555546,1749600.0
2018-08-22 23:45:00,0.0,1750500.0
2018-08-23 00:00:00,0.0,1751400.0
2018-08-23 00:15:00,0.0,1752300.0
2018-08-23 00:30:00,0.0,1753200.0
2018-08-23 00:45:00,0.0,1754100.0
2018-08-23 01:00:00,0.0,1755000.0
2018-08-23 01:15:00,0.0,1755900.0
2018-08-23 01:30:00,0.0,1756800.0
2018-08-23 01:45:00,0.0,1757700.0
2018-08-23 02:00:00,0.0,1758600.0
2018-08-23 02:15:00,0.0,1759500.0
2018-08-23 02:30:00,0.0,1760400.0
2018-08-23 02:45:00,0.0,1761300.0
2018-08-23 03:00:00,0.0,1762200.0
2018-08-23 03:15:00,0.0,1763100.0
2018-08-23 03:30:00,0.0,1764000.0
2018-08-23 03:45:00,0.0,1764900.0
2018-08-23 04:00:00,0.0,1765800.0
2018-08-23 04:15:00,0.0,1766700.0
2018-08-23 04:30:00,0.0,1767600.0
2018-08-23 04:45:00,0.0,1768500.0
2018-08-23 05:00:00,0.0,1769400.0
2018-08-23 05:15:00,0.0,1770300.0
2018-08-23 05:30:00,0.0,1771200.0
2018-08-23 05:45:00,0.0,1772100.0
2018-08-23 06:00:00,0.0,1773000.0
2018-08-23 06:15:00,0.0,1773900.0
2018-08-23 06:30:00,0.0,1774800.0
2018-08-23 06:45:00,0.0,1775700.0
2018-08-23 07:00:00,0.0,1776600.0
2018-08-23 07:15:00,0.0,1777500.0
2018-08-23 07:30:00,0.0,1778400.0
2018-08-23 07:45:00,0.0,1779300.0
2018-08-23 08:00:00,0.0,1780200.0
2018-08-23 08:15:00,0.0,1781100.0
2018-08-23 08:30:00,0.0,1782000.0
2018-08-23 08:45:00,0.0,1782900.0
2018-08-23 09:00:00,0.0,1783800.0
2018-08-23 09:15:00,0.0,1784700.0
2018-08-23 09:30:00,0.0,1785600.0
2018-08-23 09:45:00,0.0,1786500.0
2018-08-23 10:00:00,0.0,1787400.0
2018-08-23 10:15:00,0.0,1788300.0
2018-08-23 10:30:00,0.0,1789200.0
2018-08-23 10:45:00,0.0,1790100.0
2018-08-23 11:00:00,0.0,1791000.0
2018-08-23 11:15:00,0.0,1791900.0
2018-08-23 11:30:00,0.0,1792800.0
2018-08-23 11:45:00,0.0,1793700.0
2018-08-23 12:00:00,0.0,1794600.0
2018-08-23 12:15:00,0.0,1795500.0
2018-08-23 12:30:00,0.07357866666666656,1796400.0
2018-08-23 12:45:00,0.07357866666666656,1797300.0
2018-08-23 13:00:00,0.07357866666666656,1798200.0
2018-08-23 13:15:00,0.07357866666666656,1799100.0
2018-08-23 13:30:00,0.15676666666666658,1800000.0
2018-08-23 13:45:00,0.15676666666666658,1800900.0
2018-08-23 14:00:00,0.24036199999999994,1801800.0
2018-08-23 14:15:00,0.32698888888888883,1802700.0
2018-08-23 14:30:00,0.420988,1803600.0
2018-08-23 14:45:00,0.420988,1804500.0
2018-08-23 15:00:00,0.5207222222222222,1805400.0
2018-08-23 15:15:00,0.6220824444444445,1806300.0
2018-08-23 15:30:00,0.7273944444444445,1807200.0
2018-08-23 15:45:00,0.8357342222222222,1808100.0
2018-08-23 16:00:00,0.9652073333333333,1809000.0
2018-08-23 16:15:00,0.8916286666666665,1809900.0
2018-08-23 16:30:00,0.8916286666666665,1810800.0
2018-08-23 16:45:00,1.072888888888889,1811700.0
2018-08-23 17:00:00,1.255376888888889,1812600.0
2018-08-23 17:15:00,1.3565324444444444,1813500.0
2018-08-23 17:30:00,1.5442537777777778,1814400.0
2018-08-23 17:45:00,1.648026,1815300.0
2018-08-23 18:00:00,1.749426,1816200.0
2018-08-23 18:15:00,1.8435555555555554,1817100.0
