Date,melt_rate
2018-08-02 17:30:00,
2018-08-02 17:45:00,
2018-08-02 18:00:00,
2018-08-02 18:15:00,
2018-08-02 18:30:00,
2018-08-02 18:45:00,
2018-08-02 19:00:00,
2018-08-02 19:15:00,
2018-08-02 19:30:00,
2018-08-02 19:45:00,1.4864816
2018-08-02 20:00:00,1.4647200000000002
2018-08-02 20:15:00,1.4393434000000003
2018-08-02 20:30:00,1.3894084000000002
2018-08-02 20:45:00,1.3245118000000002
2018-08-02 21:00:00,1.2583452000000004
2018-08-02 21:15:00,1.1720952000000004
2018-08-02 21:30:00,1.0861068000000003
2018-08-02 21:45:00,0.9400576000000003
2018-08-02 22:00:00,0.7946484000000003
2018-08-02 22:15:00,0.6593842000000002
2018-08-02 22:30:00,0.5328700000000002
2018-08-02 22:45:00,0.4067908000000001
2018-08-02 23:00:00,0.30527000000000004
2018-08-02 23:15:00,0.21747580000000005
2018-08-02 23:30:00,0.13109160000000003
2018-08-02 23:45:00,0.06520080000000003
2018-08-03 00:00:00,1.1102230246251566e-17
2018-08-03 00:15:00,1.1102230246251566e-17
2018-08-03 00:30:00,1.1102230246251566e-17
2018-08-03 00:45:00,1.1102230246251566e-17
2018-08-03 01:00:00,1.1102230246251566e-17
2018-08-03 01:15:00,0.0013608000000000114
2018-08-03 01:30:00,0.002770000000000011
2018-08-03 01:45:00,0.002770000000000011
2018-08-03 02:00:00,0.004999200000000012
2018-08-03 02:15:00,0.0069484000000000126
2018-08-03 02:30:00,0.009312600000000013
2018-08-03 02:45:00,0.011676800000000011
2018-08-03 03:00:00,0.01376600000000001
2018-08-03 03:15:00,0.01613020000000001
2018-08-03 03:30:00,0.01877440000000001
2018-08-03 03:45:00,0.018947800000000008
2018-08-03 04:00:00,0.01838280000000001
2018-08-03 04:15:00,0.01922700000000001
2018-08-03 04:30:00,0.01770200000000001
2018-08-03 04:45:00,0.01673700000000001
2018-08-03 05:00:00,0.01604700000000001
2018-08-03 05:15:00,0.015497000000000007
2018-08-03 05:30:00,0.01544860000000001
2018-08-03 05:45:00,0.01512520000000001
2018-08-03 06:00:00,0.015690200000000012
2018-08-03 06:15:00,0.017505200000000012
2018-08-03 06:30:00,0.021400200000000015
2018-08-03 06:45:00,0.026120200000000017
2018-08-03 07:00:00,0.033390200000000016
2018-08-03 07:15:00,0.040515200000000015
2018-08-03 07:30:00,0.04820520000000002
2018-08-03 07:45:00,0.05616520000000001
2018-08-03 08:00:00,0.06481520000000002
2018-08-03 08:15:00,0.07374020000000002
2018-08-03 08:30:00,0.08226520000000002
2018-08-03 08:45:00,0.09101680000000004
2018-08-03 09:00:00,0.10037840000000002
2018-08-03 09:15:00,0.11173500000000003
2018-08-03 09:30:00,0.12152160000000004
2018-08-03 09:45:00,0.13185820000000004
2018-08-03 10:00:00,0.14323320000000003
2018-08-03 10:15:00,0.15469980000000003
2018-08-03 10:30:00,0.16538980000000003
2018-08-03 10:45:00,0.1755298
2018-08-03 11:00:00,0.18469480000000002
2018-08-03 11:15:00,0.19444820000000004
2018-08-03 11:30:00,0.20138160000000002
2018-08-03 11:45:00,0.20604000000000006
2018-08-03 12:00:00,0.21361500000000003
2018-08-03 12:15:00,0.225145
2018-08-03 12:30:00,0.23519660000000003
2018-08-03 12:45:00,0.24586160000000007
2018-08-03 13:00:00,0.25745500000000004
2018-08-03 13:15:00,0.2686434000000001
2018-08-03 13:30:00,0.28017340000000013
2018-08-03 13:45:00,0.2908834000000001
2018-08-03 14:00:00,0.3030934000000001
2018-08-03 14:15:00,0.3111700000000001
2018-08-03 14:30:00,0.31508000000000014
2018-08-03 14:45:00,0.3152750000000001
2018-08-03 15:00:00,0.3121984000000001
2018-08-03 15:15:00,0.3067184000000001
2018-08-03 15:30:00,0.30030500000000016
2018-08-03 15:45:00,0.29518500000000014
2018-08-03 16:00:00,0.29006500000000013
2018-08-03 16:15:00,0.28562500000000013
2018-08-03 16:30:00,0.28228160000000013
2018-08-03 16:45:00,0.28313500000000014
2018-08-03 17:00:00,0.28453340000000016
2018-08-03 17:15:00,0.28789340000000013
2018-08-03 17:30:00,0.29374000000000017
2018-08-03 17:45:00,0.30141500000000016
2018-08-03 18:00:00,0.31030000000000013
2018-08-03 18:15:00,0.31736160000000013
2018-08-03 18:30:00,0.32103320000000013
2018-08-03 18:45:00,0.32361980000000007
2018-08-03 19:00:00,0.32258480000000006
2018-08-03 19:15:00,0.31913480000000005
2018-08-03 19:30:00,0.31514480000000006
2018-08-03 19:45:00,0.3079682000000001
2018-08-03 20:00:00,0.29881160000000007
2018-08-03 20:15:00,0.2888450000000001
2018-08-03 20:30:00,0.2780734000000001
2018-08-03 20:45:00,0.26878180000000007
2018-08-03 21:00:00,0.2624752000000001
2018-08-03 21:15:00,0.25710860000000013
2018-08-03 21:30:00,0.2541270000000001
2018-08-03 21:45:00,0.25295200000000007
2018-08-03 22:00:00,0.2527170000000001
2018-08-03 22:15:00,0.25305200000000005
2018-08-03 22:30:00,0.25543200000000005
2018-08-03 22:45:00,0.25791200000000003
2018-08-03 23:00:00,0.258177
2018-08-03 23:15:00,0.2574336
2018-08-03 23:30:00,0.25249359999999993
2018-08-03 23:45:00,0.24695019999999995
2018-08-04 00:00:00,0.23868519999999993
2018-08-04 00:15:00,0.2303851999999999
2018-08-04 00:30:00,0.2209801999999999
2018-08-04 00:45:00,0.21066179999999993
2018-08-04 01:00:00,0.1998417999999999
2018-08-04 01:15:00,0.18778839999999994
2018-08-04 01:30:00,0.17650839999999993
2018-08-04 01:45:00,0.16650179999999992
2018-08-04 02:00:00,0.15958679999999995
2018-08-04 02:15:00,0.15300519999999995
2018-08-04 02:30:00,0.14834019999999995
2018-08-04 02:45:00,0.14304019999999992
2018-08-04 03:00:00,0.13791019999999993
2018-08-04 03:15:00,0.13301859999999993
2018-08-04 03:30:00,0.12813359999999993
2018-08-04 03:45:00,0.12384699999999993
2018-08-04 04:00:00,0.12072699999999992
2018-08-04 04:15:00,0.11734199999999992
2018-08-04 04:30:00,0.11533199999999992
2018-08-04 04:45:00,0.1123869999999999
2018-08-04 05:00:00,0.1094369999999999
2018-08-04 05:15:00,0.1079235999999999
2018-08-04 05:30:00,0.10674859999999989
2018-08-04 05:45:00,0.1069535999999999
2018-08-04 06:00:00,0.10795519999999989
2018-08-04 06:15:00,0.1118117999999999
2018-08-04 06:30:00,0.1176517999999999
2018-08-04 06:45:00,0.1247017999999999
2018-08-04 07:00:00,0.1352417999999999
2018-08-04 07:15:00,0.1501033999999999
2018-08-04 07:30:00,0.1672699999999999
2018-08-04 07:45:00,0.1814399999999999
2018-08-04 08:00:00,0.19654499999999991
2018-08-04 08:15:00,0.2129865999999999
2018-08-04 08:30:00,0.23049659999999988
2018-08-04 08:45:00,0.25168659999999987
2018-08-04 09:00:00,0.2705715999999999
2018-08-04 09:15:00,0.29140659999999985
2018-08-04 09:30:00,0.32770659999999985
2018-08-04 09:45:00,0.35981999999999986
2018-08-04 10:00:00,0.39567339999999984
2018-08-04 10:15:00,0.4338467999999998
2018-08-04 10:30:00,0.47406839999999983
2018-08-04 10:45:00,0.5174883999999997
2018-08-04 11:00:00,0.5593083999999998
2018-08-04 11:15:00,0.5960417999999998
2018-08-04 11:30:00,0.6404567999999997
2018-08-04 11:45:00,0.7005667999999997
2018-08-04 12:00:00,0.7636783999999996
2018-08-04 12:15:00,0.8374433999999997
2018-08-04 12:30:00,0.9119599999999997
2018-08-04 12:45:00,0.9893865999999996
2018-08-04 13:00:00,1.0644049999999994
2018-08-04 13:15:00,1.1398533999999994
2018-08-04 13:30:00,1.2145167999999995
2018-08-04 13:45:00,1.2886667999999994
2018-08-04 14:00:00,1.3533167999999995
2018-08-04 14:15:00,1.3968817999999996
2018-08-04 14:30:00,1.4189351999999995
2018-08-04 14:45:00,1.4337351999999997
2018-08-04 15:00:00,1.4539085999999997
2018-08-04 15:15:00,1.4700269999999998
2018-08-04 15:30:00,1.4895685999999997
2018-08-04 15:45:00,1.5114101999999998
2018-08-04 16:00:00,1.5395302000000002
2018-08-04 16:15:00,1.5691052000000003
2018-08-04 16:30:00,1.5996352000000003
2018-08-04 16:45:00,1.6324918000000004
2018-08-04 17:00:00,1.6672684000000004
2018-08-04 17:15:00,1.6982884000000005
2018-08-04 17:30:00,1.7107300000000003
2018-08-04 17:45:00,1.7272516000000002
2018-08-04 18:00:00,1.7285500000000003
2018-08-04 18:15:00,1.7204634000000003
2018-08-04 18:30:00,1.6965800000000002
2018-08-04 18:45:00,1.6703265999999999
2018-08-04 19:00:00,1.6431481999999995
2018-08-04 19:15:00,1.6002731999999995
2018-08-04 19:30:00,1.5493765999999993
2018-08-04 19:45:00,1.4984465999999994
2018-08-04 20:00:00,1.4523399999999993
2018-08-04 20:15:00,1.4002483999999993
2018-08-04 20:30:00,1.3579983999999992
2018-08-04 20:45:00,1.3111183999999994
2018-08-04 21:00:00,1.2706267999999994
2018-08-04 21:15:00,1.2225451999999994
2018-08-04 21:30:00,1.1730651999999995
2018-08-04 21:45:00,1.1302235999999994
2018-08-04 22:00:00,1.0851485999999997
2018-08-04 22:15:00,1.0335551999999995
2018-08-04 22:30:00,0.9779117999999996
2018-08-04 22:45:00,0.9166667999999996
2018-08-04 23:00:00,0.8443533999999996
2018-08-04 23:15:00,0.7739933999999996
2018-08-04 23:30:00,0.6909983999999997
2018-08-04 23:45:00,0.6150333999999997
2018-08-05 00:00:00,0.5421117999999998
2018-08-05 00:15:00,0.47526179999999985
2018-08-05 00:30:00,0.41613679999999986
2018-08-05 00:45:00,0.36065679999999983
2018-08-05 01:00:00,0.3087001999999998
2018-08-05 01:15:00,0.2624851999999998
2018-08-05 01:30:00,0.2273735999999998
2018-08-05 01:45:00,0.1947085999999998
2018-08-05 02:00:00,0.17946519999999977
2018-08-05 02:15:00,0.16291019999999978
2018-08-05 02:30:00,0.14479019999999979
2018-08-05 02:45:00,0.12902019999999975
2018-08-05 03:00:00,0.11409519999999977
2018-08-05 03:15:00,0.1024235999999998
2018-08-05 03:30:00,0.09218359999999978
2018-08-05 03:45:00,0.08476359999999979
2018-08-05 04:00:00,0.07752359999999979
2018-08-05 04:15:00,0.07274859999999979
2018-08-05 04:30:00,0.06696699999999979
2018-08-05 04:45:00,0.06233699999999979
2018-08-05 05:00:00,0.060383599999999794
2018-08-05 05:15:00,0.0580785999999998
2018-08-05 05:30:00,0.05381019999999981
2018-08-05 05:45:00,0.049320199999999814
2018-08-05 06:00:00,0.04628679999999981
2018-08-05 06:15:00,0.044836799999999816
2018-08-05 06:30:00,0.04407679999999982
2018-08-05 06:45:00,0.04320679999999981
2018-08-05 07:00:00,0.042973399999999815
2018-08-05 07:15:00,0.04789499999999981
2018-08-05 07:30:00,0.054724999999999815
2018-08-05 07:45:00,0.0682115999999998
2018-08-05 08:00:00,0.0889599999999998
2018-08-05 08:15:00,0.11550659999999982
2018-08-05 08:30:00,0.14795499999999984
2018-08-05 08:45:00,0.18655499999999983
2018-08-05 09:00:00,0.23145499999999983
2018-08-05 09:15:00,0.2808115999999999
2018-08-05 09:30:00,0.3368115999999999
2018-08-05 09:45:00,0.39618659999999994
2018-08-05 10:00:00,0.45543499999999987
2018-08-05 10:15:00,0.5150699999999999
2018-08-05 10:30:00,0.5754815999999999
2018-08-05 10:45:00,0.63657
2018-08-05 11:00:00,0.698415
2018-08-05 11:15:00,0.7596466000000001
2018-08-05 11:30:00,0.8220082
2018-08-05 11:45:00,0.8852966
2018-08-05 12:00:00,0.9505250000000001
2018-08-05 12:15:00,1.0195034
2018-08-05 12:30:00,1.0917550000000003
2018-08-05 12:45:00,1.1625534000000002
2018-08-05 13:00:00,1.2320618000000003
2018-08-05 13:15:00,1.3007234000000003
2018-08-05 13:30:00,1.36755
2018-08-05 13:45:00,1.4302050000000002
2018-08-05 14:00:00,1.4902000000000002
2018-08-05 14:15:00,1.5477566
2018-08-05 14:30:00,1.5993132
2018-08-05 14:45:00,1.6426832
2018-08-05 15:00:00,1.6823882000000001
2018-08-05 15:15:00,1.7181798000000001
2018-08-05 15:30:00,1.7468764
2018-08-05 15:45:00,1.7696463999999998
2018-08-05 16:00:00,1.7878864
2018-08-05 16:15:00,1.8052914000000002
2018-08-05 16:30:00,1.8184664000000001
2018-08-05 16:45:00,1.8261198000000003
2018-08-05 17:00:00,1.8299382000000004
2018-08-05 17:15:00,1.8308132000000008
2018-08-05 17:30:00,1.8270066000000007
2018-08-05 17:45:00,1.8188566000000008
2018-08-05 18:00:00,1.8092066000000009
2018-08-05 18:15:00,1.7976950000000014
2018-08-05 18:30:00,1.7811534000000013
2018-08-05 18:45:00,1.758238400000001
2018-08-05 19:00:00,1.7313868000000014
2018-08-05 19:15:00,1.7015068000000013
2018-08-05 19:30:00,1.6648184000000015
2018-08-05 19:45:00,1.6233184000000012
2018-08-05 20:00:00,1.5774534000000013
2018-08-05 20:15:00,1.5282668000000013
2018-08-05 20:30:00,1.4770268000000013
2018-08-05 20:45:00,1.4175918000000012
2018-08-05 21:00:00,1.350593400000001
2018-08-05 21:15:00,1.2843118000000011
2018-08-05 21:30:00,1.2161634000000012
2018-08-05 21:45:00,1.1453134000000014
2018-08-05 22:00:00,1.0795684000000014
2018-08-05 22:15:00,1.0090084000000012
2018-08-05 22:30:00,0.9425700000000014
2018-08-05 22:45:00,0.8797266000000015
2018-08-05 23:00:00,0.8061550000000015
2018-08-05 23:15:00,0.7398416000000014
2018-08-05 23:30:00,0.6795816000000015
2018-08-05 23:45:00,0.6166266000000015
2018-08-06 00:00:00,0.5552066000000015
2018-08-06 00:15:00,0.49386160000000145
2018-08-06 00:30:00,0.43057160000000144
2018-08-06 00:45:00,0.37619160000000146
2018-08-06 01:00:00,0.32040000000000146
2018-08-06 01:15:00,0.26593840000000146
2018-08-06 01:30:00,0.2265484000000014
2018-08-06 01:45:00,0.1901434000000014
2018-08-06 02:00:00,0.1591118000000014
2018-08-06 02:15:00,0.1340468000000014
2018-08-06 02:30:00,0.11325020000000138
2018-08-06 02:45:00,0.0999752000000014
2018-08-06 03:00:00,0.0908236000000014
2018-08-06 03:15:00,0.0812486000000014
2018-08-06 03:30:00,0.0758436000000014
2018-08-06 03:45:00,0.0713036000000014
2018-08-06 04:00:00,0.06650860000000139
2018-08-06 04:15:00,0.06245700000000139
2018-08-06 04:30:00,0.057397000000001384
2018-08-06 04:45:00,0.052882000000001386
2018-08-06 05:00:00,0.04781200000000139
2018-08-06 05:15:00,0.04178200000000139
2018-08-06 05:30:00,0.03638860000000139
2018-08-06 05:45:00,0.03352360000000139
2018-08-06 06:00:00,0.030335200000001387
2018-08-06 06:15:00,0.028445200000001385
2018-08-06 06:30:00,0.027800200000001385
2018-08-06 06:45:00,0.028550200000001386
2018-08-06 07:00:00,0.031520200000001386
2018-08-06 07:15:00,0.03750680000000139
2018-08-06 07:30:00,0.048278400000001394
2018-08-06 07:45:00,0.06386340000000139
2018-08-06 08:00:00,0.08577340000000139
2018-08-06 08:15:00,0.11297500000000141
2018-08-06 08:30:00,0.1492734000000014
2018-08-06 08:45:00,0.1926500000000014
2018-08-06 09:00:00,0.2418966000000014
2018-08-06 09:15:00,0.2930216000000014
2018-08-06 09:30:00,0.35085820000000145
2018-08-06 09:45:00,0.4064266000000015
2018-08-06 10:00:00,0.4606566000000016
2018-08-06 10:15:00,0.5216516000000017
2018-08-06 10:30:00,0.5878950000000016
2018-08-06 10:45:00,0.6498350000000015
2018-08-06 11:00:00,0.7111316000000015
2018-08-06 11:15:00,0.7796416000000015
2018-08-06 11:30:00,0.8422666000000014
2018-08-06 11:45:00,0.9123166000000014
2018-08-06 12:00:00,0.9794350000000014
2018-08-06 12:15:00,1.0552766000000013
2018-08-06 12:30:00,1.1309516000000013
2018-08-06 12:45:00,1.1982882000000015
2018-08-06 13:00:00,1.2642698000000014
2018-08-06 13:15:00,1.3419782000000016
2018-08-06 13:30:00,1.4131466000000015
2018-08-06 13:45:00,1.4583216000000014
2018-08-06 14:00:00,1.5034966000000014
2018-08-06 14:15:00,1.5375732000000013
2018-08-06 14:30:00,1.567024800000001
2018-08-06 14:45:00,1.5685298000000012
2018-08-06 15:00:00,1.565804800000001
2018-08-06 15:15:00,1.5366548000000013
2018-08-06 15:30:00,1.4913982000000012
2018-08-06 15:45:00,1.431248200000001
2018-08-06 16:00:00,1.368493200000001
2018-08-06 16:15:00,1.315951600000001
2018-08-06 16:30:00,1.257410000000001
2018-08-06 16:45:00,1.196640000000001
2018-08-06 17:00:00,1.132480000000001
2018-08-06 17:15:00,1.0867850000000012
2018-08-06 17:30:00,1.0398550000000013
2018-08-06 17:45:00,1.0119600000000013
2018-08-06 18:00:00,0.9899850000000013
2018-08-06 18:15:00,0.9666400000000014
2018-08-06 18:30:00,0.9427650000000012
2018-08-06 18:45:00,0.9184350000000012
2018-08-06 19:00:00,0.8960850000000014
2018-08-06 19:15:00,0.8706500000000013
2018-08-06 19:30:00,0.8419550000000013
2018-08-06 19:45:00,0.8030284000000012
2018-08-06 20:00:00,0.7632834000000013
2018-08-06 20:15:00,0.7269684000000012
2018-08-06 20:30:00,0.6896234000000012
2018-08-06 20:45:00,0.6546234000000012
2018-08-06 21:00:00,0.6197250000000011
2018-08-06 21:15:00,0.5848816000000011
2018-08-06 21:30:00,0.552208200000001
2018-08-06 21:45:00,0.5209166000000011
2018-08-06 22:00:00,0.4902350000000011
2018-08-06 22:15:00,0.46613000000000115
2018-08-06 22:30:00,0.44298840000000117
2018-08-06 22:45:00,0.42078840000000123
2018-08-06 23:00:00,0.39949000000000123
2018-08-06 23:15:00,0.3765450000000013
2018-08-06 23:30:00,0.3508200000000013
2018-08-06 23:45:00,0.3236850000000013
2018-08-07 00:00:00,0.29715340000000123
2018-08-07 00:15:00,0.2742484000000013
2018-08-07 00:30:00,0.2557700000000013
2018-08-07 00:45:00,0.23993660000000125
2018-08-07 01:00:00,0.22535660000000127
2018-08-07 01:15:00,0.21077660000000123
2018-08-07 01:30:00,0.19517000000000123
2018-08-07 01:45:00,0.18164500000000122
2018-08-07 02:00:00,0.1723384000000012
2018-08-07 02:15:00,0.1657218000000012
2018-08-07 02:30:00,0.1602168000000012
2018-08-07 02:45:00,0.15634680000000123
2018-08-07 03:00:00,0.15276020000000123
2018-08-07 03:15:00,0.15005360000000123
2018-08-07 03:30:00,0.14895360000000124
2018-08-07 03:45:00,0.14778700000000122
2018-08-07 04:00:00,0.1473870000000012
2018-08-07 04:15:00,0.14632200000000123
2018-08-07 04:30:00,0.1440570000000012
2018-08-07 04:45:00,0.14245700000000122
2018-08-07 05:00:00,0.1411270000000012
2018-08-07 05:15:00,0.13859700000000122
2018-08-07 05:30:00,0.1376670000000012
2018-08-07 05:45:00,0.1372670000000012
2018-08-07 06:00:00,0.1380286000000012
2018-08-07 06:15:00,0.1391736000000012
2018-08-07 06:30:00,0.1422186000000012
2018-08-07 06:45:00,0.1480436000000012
2018-08-07 07:00:00,0.16033020000000117
2018-08-07 07:15:00,0.17305180000000117
2018-08-07 07:30:00,0.18862840000000117
2018-08-07 07:45:00,0.20789840000000118
2018-08-07 08:00:00,0.2271350000000012
2018-08-07 08:15:00,0.24873000000000123
2018-08-07 08:30:00,0.27282340000000127
2018-08-07 08:45:00,0.2973734000000013
2018-08-07 09:00:00,0.3229900000000013
2018-08-07 09:15:00,0.3481500000000013
2018-08-07 09:30:00,0.37073840000000124
2018-08-07 09:45:00,0.3958818000000013
2018-08-07 10:00:00,0.4230718000000013
2018-08-07 10:15:00,0.4563534000000013
2018-08-07 10:30:00,0.4972834000000013
2018-08-07 10:45:00,0.5369000000000013
2018-08-07 11:00:00,0.5710166000000013
2018-08-07 11:15:00,0.6123632000000014
2018-08-07 11:30:00,0.6519282000000015
2018-08-07 11:45:00,0.6904898000000015
2018-08-07 12:00:00,0.7154014000000015
2018-08-07 12:15:00,0.7373180000000015
2018-08-07 12:30:00,0.7531330000000014
2018-08-07 12:45:00,0.7595680000000014
2018-08-07 13:00:00,0.7608364000000012
2018-08-07 13:15:00,0.7598648000000013
2018-08-07 13:30:00,0.7607332000000013
2018-08-07 13:45:00,0.7478516000000013
2018-08-07 14:00:00,0.7329900000000011
2018-08-07 14:15:00,0.7198250000000012
2018-08-07 14:30:00,0.7172200000000011
2018-08-07 14:45:00,0.7059800000000012
2018-08-07 15:00:00,0.6950384000000012
2018-08-07 15:15:00,0.6718184000000011
2018-08-07 15:30:00,0.6442900000000011
2018-08-07 15:45:00,0.6171900000000011
2018-08-07 16:00:00,0.5858550000000011
2018-08-07 16:15:00,0.5574016000000012
2018-08-07 16:30:00,0.5282382000000012
2018-08-07 16:45:00,0.4968582000000012
2018-08-07 17:00:00,0.4674732000000012
2018-08-07 17:15:00,0.44636820000000127
2018-08-07 17:30:00,0.4264248000000014
2018-08-07 17:45:00,0.4183598000000014
2018-08-07 18:00:00,0.42492980000000136
2018-08-07 18:15:00,0.4384998000000014
2018-08-07 18:30:00,0.45705480000000137
2018-08-07 18:45:00,0.4804548000000014
2018-08-07 19:00:00,0.5079898000000014
2018-08-07 19:15:00,0.5356498000000014
2018-08-07 19:30:00,0.5610598000000014
2018-08-07 19:45:00,0.5860348000000014
2018-08-07 20:00:00,0.6096898000000014
2018-08-07 20:15:00,0.6297632000000013
2018-08-07 20:30:00,0.6373216000000014
2018-08-07 20:45:00,0.6364716000000014
2018-08-07 21:00:00,0.6284916000000014
2018-08-07 21:15:00,0.6190066000000014
2018-08-07 21:30:00,0.6027350000000014
2018-08-07 21:45:00,0.5819734000000013
2018-08-07 22:00:00,0.5546368000000013
2018-08-07 22:15:00,0.5286052000000012
2018-08-07 22:30:00,0.4968302000000012
2018-08-07 22:45:00,0.46459180000000116
2018-08-07 23:00:00,0.4303634000000011
2018-08-07 23:15:00,0.39366840000000114
2018-08-07 23:30:00,0.3619434000000011
2018-08-07 23:45:00,0.3309234000000011
2018-08-08 00:00:00,0.302435000000001
2018-08-08 00:15:00,0.276490000000001
2018-08-08 00:30:00,0.258096600000001
2018-08-08 00:45:00,0.23782320000000104
2018-08-08 01:00:00,0.22429820000000103
2018-08-08 01:15:00,0.21419160000000098
2018-08-08 01:30:00,0.205150000000001
2018-08-08 01:45:00,0.20087500000000102
2018-08-08 02:00:00,0.197745000000001
2018-08-08 02:15:00,0.19363840000000104
2018-08-08 02:30:00,0.19220680000000104
2018-08-08 02:45:00,0.19193680000000102
2018-08-08 03:00:00,0.19382520000000103
2018-08-08 03:15:00,0.19602860000000105
2018-08-08 03:30:00,0.19723200000000105
2018-08-08 03:45:00,0.20037200000000105
2018-08-08 04:00:00,0.20260200000000106
2018-08-08 04:15:00,0.20338700000000104
2018-08-08 04:30:00,0.20665200000000103
2018-08-08 04:45:00,0.20822700000000105
2018-08-08 05:00:00,0.20992700000000108
2018-08-08 05:15:00,0.21227700000000108
2018-08-08 05:30:00,0.21136700000000105
2018-08-08 05:45:00,0.2092770000000011
2018-08-08 06:00:00,0.21284700000000112
2018-08-08 06:15:00,0.21659700000000112
2018-08-08 06:30:00,0.2200170000000011
2018-08-08 06:45:00,0.22555360000000113
2018-08-08 07:00:00,0.23397860000000112
2018-08-08 07:15:00,0.24207360000000114
2018-08-08 07:30:00,0.2480502000000011
2018-08-08 07:45:00,0.2537718000000011
2018-08-08 08:00:00,0.2592234000000011
2018-08-08 08:15:00,0.2681800000000011
2018-08-08 08:30:00,0.2750050000000011
2018-08-08 08:45:00,0.28282000000000107
2018-08-08 09:00:00,0.2931850000000011
2018-08-08 09:15:00,0.2990734000000011
2018-08-08 09:30:00,0.3006484000000011
2018-08-08 09:45:00,0.3038200000000011
2018-08-08 10:00:00,0.3104784000000011
2018-08-08 10:15:00,0.3232068000000011
2018-08-08 10:30:00,0.3384168000000011
2018-08-08 10:45:00,0.35471520000000106
2018-08-08 11:00:00,0.36853520000000106
2018-08-08 11:15:00,0.38485520000000106
2018-08-08 11:30:00,0.4100452000000011
2018-08-08 11:45:00,0.4580302000000012
2018-08-08 12:00:00,0.5078818000000013
2018-08-08 12:15:00,0.5705702000000012
2018-08-08 12:30:00,0.6357352000000013
2018-08-08 12:45:00,0.7017568000000013
2018-08-08 13:00:00,0.7658218000000012
2018-08-08 13:15:00,0.8331018000000012
2018-08-08 13:30:00,0.9007818000000013
2018-08-08 13:45:00,0.9676384000000013
2018-08-08 14:00:00,1.0259284000000013
2018-08-08 14:15:00,1.0797400000000015
2018-08-08 14:30:00,1.1700700000000013
2018-08-08 14:45:00,1.2474566000000014
2018-08-08 15:00:00,1.3211432000000014
2018-08-08 15:15:00,1.3580116000000015
2018-08-08 15:30:00,1.3947400000000016
2018-08-08 15:45:00,1.4612750000000017
2018-08-08 16:00:00,1.5344716000000014
2018-08-08 16:15:00,1.5955200000000016
2018-08-08 16:30:00,1.6337050000000015
2018-08-08 16:45:00,1.6589734000000014
2018-08-08 17:00:00,1.6434868000000016
2018-08-08 17:15:00,1.6286602000000012
2018-08-08 17:30:00,1.6106802000000013
2018-08-08 17:45:00,1.6213968000000012
2018-08-08 18:00:00,1.6358068000000014
2018-08-08 18:15:00,1.6112734000000013
2018-08-08 18:30:00,1.5601468000000014
2018-08-08 18:45:00,1.5038418000000013
2018-08-08 19:00:00,1.468781800000001
2018-08-08 19:15:00,1.4285384000000012
2018-08-08 19:30:00,1.374253400000001
2018-08-08 19:45:00,1.314575000000001
2018-08-08 20:00:00,1.255958400000001
2018-08-08 20:15:00,1.176816800000001
2018-08-08 20:30:00,1.083948400000001
2018-08-08 20:45:00,0.9927384000000009
2018-08-08 21:00:00,0.919650000000001
2018-08-08 21:15:00,0.8582200000000009
2018-08-08 21:30:00,0.7842350000000009
2018-08-08 21:45:00,0.697443400000001
2018-08-08 22:00:00,0.622545000000001
2018-08-08 22:15:00,0.552238400000001
2018-08-08 22:30:00,0.48088840000000105
2018-08-08 22:45:00,0.42974840000000103
2018-08-08 23:00:00,0.389068400000001
2018-08-08 23:15:00,0.348991800000001
2018-08-08 23:30:00,0.308250200000001
2018-08-08 23:45:00,0.2690818000000009
2018-08-09 00:00:00,0.24149340000000086
2018-08-09 00:15:00,0.22632340000000087
2018-08-09 00:30:00,0.21099180000000084
2018-08-09 00:45:00,0.19562180000000085
2018-08-09 01:00:00,0.1817234000000008
2018-08-09 01:15:00,0.16802840000000083
2018-08-09 01:30:00,0.15538180000000085
2018-08-09 01:45:00,0.14229180000000083
2018-08-09 02:00:00,0.13087680000000085
2018-08-09 02:15:00,0.11858520000000083
2018-08-09 02:30:00,0.10712360000000083
2018-08-09 02:45:00,0.10087860000000082
2018-08-09 03:00:00,0.09595860000000082
2018-08-09 03:15:00,0.09228360000000083
2018-08-09 03:30:00,0.08935200000000083
2018-08-09 03:45:00,0.08732200000000083
2018-08-09 04:00:00,0.08475700000000083
2018-08-09 04:15:00,0.08354200000000084
2018-08-09 04:30:00,0.08232200000000084
2018-08-09 04:45:00,0.08164200000000084
2018-08-09 05:00:00,0.08096200000000084
2018-08-09 05:15:00,0.07811700000000084
2018-08-09 05:30:00,0.07784200000000084
2018-08-09 05:45:00,0.07607200000000083
2018-08-09 06:00:00,0.07321700000000084
2018-08-09 06:15:00,0.07076700000000083
2018-08-09 06:30:00,0.06793200000000084
2018-08-09 06:45:00,0.06440700000000084
2018-08-09 07:00:00,0.06125360000000083
2018-08-09 07:15:00,0.05965520000000084
2018-08-09 07:30:00,0.06126680000000084
2018-08-09 07:45:00,0.06393680000000085
2018-08-09 08:00:00,0.06826340000000083
2018-08-09 08:15:00,0.08003500000000084
2018-08-09 08:30:00,0.09220660000000085
2018-08-09 08:45:00,0.10585160000000085
2018-08-09 09:00:00,0.12209820000000085
2018-08-09 09:15:00,0.14467480000000085
2018-08-09 09:30:00,0.16933320000000088
2018-08-09 09:45:00,0.1937682000000009
2018-08-09 10:00:00,0.21644160000000084
2018-08-09 10:15:00,0.20674740000000086
2018-08-09 10:30:00,0.19512660000000087
2018-08-09 10:45:00,0.17728580000000088
2018-08-09 11:00:00,0.15986000000000086
2018-08-09 11:15:00,0.14082580000000086
2018-08-09 11:30:00,0.11917000000000086
2018-08-09 11:45:00,0.09173420000000085
2018-08-09 12:00:00,0.061985000000000845
2018-08-09 12:15:00,0.03144420000000084
2018-08-09 12:30:00,8.326672684688674e-16
2018-08-09 12:45:00,8.326672684688674e-16
2018-08-09 13:00:00,8.326672684688674e-16
2018-08-09 13:15:00,8.326672684688674e-16
2018-08-09 13:30:00,8.326672684688674e-16
2018-08-09 13:45:00,8.326672684688674e-16
2018-08-09 14:00:00,8.326672684688674e-16
2018-08-09 14:15:00,8.326672684688674e-16
2018-08-09 14:30:00,8.326672684688674e-16
2018-08-09 14:45:00,8.326672684688674e-16
2018-08-09 15:00:00,8.326672684688674e-16
2018-08-09 15:15:00,8.326672684688674e-16
2018-08-09 15:30:00,8.326672684688674e-16
2018-08-09 15:45:00,8.326672684688674e-16
2018-08-09 16:00:00,8.326672684688674e-16
2018-08-09 16:15:00,8.326672684688674e-16
2018-08-09 16:30:00,8.326672684688674e-16
2018-08-09 16:45:00,8.326672684688674e-16
2018-08-09 17:00:00,8.326672684688674e-16
2018-08-09 17:15:00,8.326672684688674e-16
2018-08-09 17:30:00,8.326672684688674e-16
2018-08-09 17:45:00,8.326672684688674e-16
2018-08-09 18:00:00,8.326672684688674e-16
2018-08-09 18:15:00,8.326672684688674e-16
2018-08-09 18:30:00,8.326672684688674e-16
2018-08-09 18:45:00,8.326672684688674e-16
2018-08-09 19:00:00,8.326672684688674e-16
2018-08-09 19:15:00,8.326672684688674e-16
2018-08-09 19:30:00,8.326672684688674e-16
2018-08-09 19:45:00,8.326672684688674e-16
2018-08-09 20:00:00,8.326672684688674e-16
2018-08-09 20:15:00,8.326672684688674e-16
2018-08-09 20:30:00,8.326672684688674e-16
2018-08-09 20:45:00,8.326672684688674e-16
2018-08-09 21:00:00,8.326672684688674e-16
2018-08-09 21:15:00,8.326672684688674e-16
2018-08-09 21:30:00,8.326672684688674e-16
2018-08-09 21:45:00,8.326672684688674e-16
2018-08-09 22:00:00,8.326672684688674e-16
2018-08-09 22:15:00,8.326672684688674e-16
2018-08-09 22:30:00,8.326672684688674e-16
2018-08-09 22:45:00,8.326672684688674e-16
2018-08-09 23:00:00,0.014524200000000837
2018-08-09 23:15:00,0.027440000000000842
2018-08-09 23:30:00,0.03758920000000084
2018-08-09 23:45:00,0.045700000000000844
2018-08-10 00:00:00,0.05310580000000085
2018-08-10 00:15:00,0.05798160000000084
2018-08-10 00:30:00,0.05798160000000084
2018-08-10 00:45:00,0.05798160000000084
2018-08-10 01:00:00,0.05798160000000084
2018-08-10 01:15:00,0.05798160000000084
2018-08-10 01:30:00,0.04345740000000084
2018-08-10 01:45:00,0.030541600000000835
2018-08-10 02:00:00,0.02039240000000083
2018-08-10 02:15:00,0.012281600000000831
2018-08-10 02:30:00,0.00487580000000083
2018-08-10 02:45:00,8.285039321265231e-16
2018-08-10 03:00:00,8.285039321265231e-16
2018-08-10 03:15:00,8.285039321265231e-16
2018-08-10 03:30:00,8.285039321265231e-16
2018-08-10 03:45:00,8.285039321265231e-16
2018-08-10 04:00:00,8.285039321265231e-16
2018-08-10 04:15:00,8.285039321265231e-16
2018-08-10 04:30:00,8.285039321265231e-16
2018-08-10 04:45:00,8.285039321265231e-16
2018-08-10 05:00:00,8.285039321265231e-16
2018-08-10 05:15:00,8.285039321265231e-16
2018-08-10 05:30:00,8.285039321265231e-16
2018-08-10 05:45:00,8.285039321265231e-16
2018-08-10 06:00:00,8.285039321265231e-16
2018-08-10 06:15:00,8.285039321265231e-16
2018-08-10 06:30:00,8.285039321265231e-16
2018-08-10 06:45:00,8.285039321265231e-16
2018-08-10 07:00:00,8.285039321265231e-16
2018-08-10 07:15:00,8.285039321265231e-16
2018-08-10 07:30:00,0.00682580000000083
2018-08-10 07:45:00,0.01681000000000083
2018-08-10 08:00:00,0.03437920000000084
2018-08-10 08:15:00,0.05823000000000085
2018-08-10 08:30:00,0.08985920000000085
2018-08-10 08:45:00,0.12908840000000085
2018-08-10 09:00:00,0.17622920000000086
2018-08-10 09:15:00,0.2298250000000009
2018-08-10 09:30:00,0.28944080000000094
2018-08-10 09:45:00,0.3562450000000009
2018-08-10 10:00:00,0.42330500000000093
2018-08-10 10:15:00,0.493455000000001
2018-08-10 10:30:00,0.563666600000001
2018-08-10 10:45:00,0.6358800000000009
2018-08-10 11:00:00,0.707081600000001
2018-08-10 11:15:00,0.776098200000001
2018-08-10 11:30:00,0.8439432000000011
2018-08-10 11:45:00,0.909778200000001
2018-08-10 12:00:00,0.9757066000000009
2018-08-10 12:15:00,1.0399516000000009
2018-08-10 12:30:00,1.102151600000001
2018-08-10 12:45:00,1.164216600000001
2018-08-10 13:00:00,1.223835000000001
2018-08-10 13:15:00,1.2806350000000009
2018-08-10 13:30:00,1.333590000000001
2018-08-10 13:45:00,1.386635000000001
2018-08-10 14:00:00,1.4366334000000012
2018-08-10 14:15:00,1.4855034000000011
2018-08-10 14:30:00,1.528908400000001
2018-08-10 14:45:00,1.5690134000000011
2018-08-10 15:00:00,1.6059934000000013
2018-08-10 15:15:00,1.6387784000000014
2018-08-10 15:30:00,1.6662334000000016
2018-08-10 15:45:00,1.6887534000000013
2018-08-10 16:00:00,1.7087518000000013
2018-08-10 16:15:00,1.7225802000000012
2018-08-10 16:30:00,1.7329802000000012
2018-08-10 16:45:00,1.7403286000000011
2018-08-10 17:00:00,1.746205200000001
2018-08-10 17:15:00,1.7499168000000007
2018-08-10 17:30:00,1.7496018000000007
2018-08-10 17:45:00,1.7436118000000007
2018-08-10 18:00:00,1.7353718000000007
2018-08-10 18:15:00,1.7215084000000007
2018-08-10 18:30:00,1.7020734000000008
2018-08-10 18:45:00,1.6793950000000009
2018-08-10 19:00:00,1.6511500000000012
2018-08-10 19:15:00,1.621461600000001
2018-08-10 19:30:00,1.588366600000001
2018-08-10 19:45:00,1.5487850000000007
2018-08-10 20:00:00,1.5039750000000005
2018-08-10 20:15:00,1.4456066000000005
2018-08-10 20:30:00,1.3853432000000006
2018-08-10 20:45:00,1.3246566000000004
2018-08-10 21:00:00,1.2634232000000005
2018-08-10 21:15:00,1.2035882000000004
2018-08-10 21:30:00,1.1392298000000005
2018-08-10 21:45:00,1.0745048000000006
2018-08-10 22:00:00,1.0056282000000007
2018-08-10 22:15:00,0.9347382000000006
2018-08-10 22:30:00,0.8653266000000007
2018-08-10 22:45:00,0.8127566000000007
2018-08-10 23:00:00,0.7620200000000006
2018-08-10 23:15:00,0.7138500000000005
2018-08-10 23:30:00,0.6613934000000006
2018-08-10 23:45:00,0.5982218000000006
2018-08-11 00:00:00,0.5348368000000006
2018-08-11 00:15:00,0.4706168000000005
2018-08-11 00:30:00,0.41300180000000053
2018-08-11 00:45:00,0.36230180000000056
2018-08-11 01:00:00,0.3166268000000005
2018-08-11 01:15:00,0.27041680000000046
2018-08-11 01:30:00,0.2261518000000004
2018-08-11 01:45:00,0.18443180000000042
2018-08-11 02:00:00,0.15244680000000038
2018-08-11 02:15:00,0.13382180000000038
2018-08-11 02:30:00,0.12510020000000038
2018-08-11 02:45:00,0.1179536000000004
2018-08-11 03:00:00,0.11298860000000037
2018-08-11 03:15:00,0.10916360000000039
2018-08-11 03:30:00,0.1069836000000004
2018-08-11 03:45:00,0.10541200000000042
2018-08-11 04:00:00,0.10433700000000043
2018-08-11 04:15:00,0.10272200000000042
2018-08-11 04:30:00,0.10097200000000042
2018-08-11 04:45:00,0.09922200000000042
2018-08-11 05:00:00,0.09693200000000043
2018-08-11 05:15:00,0.09544700000000043
2018-08-11 05:30:00,0.09439700000000043
2018-08-11 05:45:00,0.09375200000000043
2018-08-11 06:00:00,0.09273200000000043
2018-08-11 06:15:00,0.09295700000000043
2018-08-11 06:30:00,0.09492860000000045
2018-08-11 06:45:00,0.09956360000000043
2018-08-11 07:00:00,0.10395860000000043
2018-08-11 07:15:00,0.10976360000000043
2018-08-11 07:30:00,0.11775860000000042
2018-08-11 07:45:00,0.12669020000000042
2018-08-11 08:00:00,0.14139680000000043
2018-08-11 08:15:00,0.16043840000000045
2018-08-11 08:30:00,0.17905000000000046
2018-08-11 08:45:00,0.19772500000000048
2018-08-11 09:00:00,0.21700340000000046
2018-08-11 09:15:00,0.2387550000000005
2018-08-11 09:30:00,0.2618566000000005
2018-08-11 09:45:00,0.2865716000000005
2018-08-11 10:00:00,0.3104766000000005
2018-08-11 10:15:00,0.33751000000000053
2018-08-11 10:30:00,0.3607750000000005
2018-08-11 10:45:00,0.3808500000000005
2018-08-11 11:00:00,0.4039134000000006
2018-08-11 11:15:00,0.42680840000000064
2018-08-11 11:30:00,0.45392840000000056
2018-08-11 11:45:00,0.4775618000000006
2018-08-11 12:00:00,0.5244602000000006
2018-08-11 12:15:00,0.5767152000000005
2018-08-11 12:30:00,0.6288002000000006
2018-08-11 12:45:00,0.6875252000000006
2018-08-11 13:00:00,0.7546886000000007
2018-08-11 13:15:00,0.8396520000000006
2018-08-11 13:30:00,0.9384736000000006
2018-08-11 13:45:00,1.0490252000000004
2018-08-11 14:00:00,1.1556418000000006
2018-08-11 14:15:00,1.2604984000000008
2018-08-11 14:30:00,1.3127284000000006
2018-08-11 14:45:00,1.3567034000000004
2018-08-11 15:00:00,1.4006684000000005
2018-08-11 15:15:00,1.4291834000000005
2018-08-11 15:30:00,1.4458834000000005
2018-08-11 15:45:00,1.4441684000000004
2018-08-11 16:00:00,1.4198934000000005
2018-08-11 16:15:00,1.3807684000000005
2018-08-11 16:30:00,1.3407184000000005
2018-08-11 16:45:00,1.3019884000000004
2018-08-11 17:00:00,1.2921800000000006
2018-08-11 17:15:00,1.2958900000000004
2018-08-11 17:30:00,1.2981450000000003
2018-08-11 17:45:00,1.3055450000000002
2018-08-11 18:00:00,1.2898050000000003
2018-08-11 18:15:00,1.2726950000000004
2018-08-11 18:30:00,1.2569884000000004
2018-08-11 18:45:00,1.2355734000000003
2018-08-11 19:00:00,1.1929518000000003
2018-08-11 19:15:00,1.1398118000000002
2018-08-11 19:30:00,1.0834802000000001
2018-08-11 19:45:00,1.0073302000000002
2018-08-11 20:00:00,0.9312018000000002
2018-08-11 20:15:00,0.8525468000000002
2018-08-11 20:30:00,0.7872634000000002
2018-08-11 20:45:00,0.7087600000000001
2018-08-11 21:00:00,0.6322215999999999
2018-08-11 21:15:00,0.558775
2018-08-11 21:30:00,0.5046166
2018-08-11 21:45:00,0.4599399999999999
2018-08-11 22:00:00,0.41785159999999993
2018-08-11 22:15:00,0.38136819999999994
2018-08-11 22:30:00,0.34166659999999993
2018-08-11 22:45:00,0.3024431999999999
2018-08-11 23:00:00,0.26972819999999986
2018-08-11 23:15:00,0.2503681999999999
2018-08-11 23:30:00,0.23298659999999982
2018-08-11 23:45:00,0.22009319999999985
2018-08-12 00:00:00,0.20562659999999983
2018-08-12 00:15:00,0.19135659999999982
2018-08-12 00:30:00,0.1766865999999998
2018-08-12 00:45:00,0.1612799999999998
2018-08-12 01:00:00,0.14986999999999978
2018-08-12 01:15:00,0.1407783999999998
2018-08-12 01:30:00,0.1358767999999998
2018-08-12 01:45:00,0.13194519999999982
2018-08-12 02:00:00,0.1285151999999998
2018-08-12 02:15:00,0.12532859999999982
2018-08-12 02:30:00,0.12378359999999981
2018-08-12 02:45:00,0.12294859999999982
2018-08-12 03:00:00,0.12191199999999983
2018-08-12 03:15:00,0.12218199999999982
2018-08-12 03:30:00,0.12298199999999981
2018-08-12 03:45:00,0.12324699999999982
2018-08-12 04:00:00,0.12297699999999981
2018-08-12 04:15:00,0.1225769999999998
2018-08-12 04:30:00,0.1221769999999998
2018-08-12 04:45:00,0.12230699999999979
2018-08-12 05:00:00,0.12230699999999979
2018-08-12 05:15:00,0.1217719999999998
2018-08-12 05:30:00,0.12230699999999979
2018-08-12 05:45:00,0.1221719999999998
2018-08-12 06:00:00,0.1223069999999998
2018-08-12 06:15:00,0.12247699999999981
2018-08-12 06:30:00,0.12264699999999981
2018-08-12 06:45:00,0.12285199999999982
2018-08-12 07:00:00,0.12419699999999982
2018-08-12 07:15:00,0.1262519999999998
2018-08-12 07:30:00,0.1298469999999998
2018-08-12 07:45:00,0.13564859999999979
2018-08-12 08:00:00,0.1411901999999998
2018-08-12 08:15:00,0.1496467999999998
2018-08-12 08:30:00,0.1588433999999998
2018-08-12 08:45:00,0.17350999999999983
2018-08-12 09:00:00,0.18992499999999982
2018-08-12 09:15:00,0.20895659999999983
2018-08-12 09:30:00,0.22852319999999984
2018-08-12 09:45:00,0.2589031999999999
2018-08-12 10:00:00,0.2925697999999999
2018-08-12 10:15:00,0.32970319999999986
2018-08-12 10:30:00,0.3709931999999999
2018-08-12 10:45:00,0.4156782
2018-08-12 11:00:00,0.4624816
2018-08-12 11:15:00,0.5094816000000001
2018-08-12 11:30:00,0.5581616000000001
2018-08-12 11:45:00,0.6036166000000002
2018-08-12 12:00:00,0.6521966000000001
2018-08-12 12:15:00,0.6929866000000002
2018-08-12 12:30:00,0.7307216000000003
2018-08-12 12:45:00,0.7761082000000002
2018-08-12 13:00:00,0.8203216000000003
2018-08-12 13:15:00,0.8613100000000002
2018-08-12 13:30:00,0.9131400000000003
2018-08-12 13:45:00,0.9599334000000003
2018-08-12 14:00:00,1.0026334000000003
2018-08-12 14:15:00,1.0468368000000006
2018-08-12 14:30:00,1.0863702000000006
2018-08-12 14:45:00,1.1224402000000004
2018-08-12 15:00:00,1.1541436000000007
2018-08-12 15:15:00,1.1702570000000008
2018-08-12 15:30:00,1.1835170000000006
2018-08-12 15:45:00,1.1947620000000008
2018-08-12 16:00:00,1.1919020000000007
2018-08-12 16:15:00,1.1885120000000007
2018-08-12 16:30:00,1.1877820000000008
2018-08-12 16:45:00,1.2076220000000006
2018-08-12 17:00:00,1.2250770000000006
2018-08-12 17:15:00,1.2414620000000007
2018-08-12 17:30:00,1.2604420000000007
2018-08-12 17:45:00,1.2456920000000007
2018-08-12 18:00:00,1.2300736000000005
2018-08-12 18:15:00,1.2128486000000005
2018-08-12 18:30:00,1.1899902000000007
2018-08-12 18:45:00,1.1672618000000006
2018-08-12 19:00:00,1.1364968000000004
2018-08-12 19:15:00,1.0711768000000004
2018-08-12 19:30:00,1.0070684000000005
2018-08-12 19:45:00,0.9271800000000006
2018-08-12 20:00:00,0.8429266000000005
2018-08-12 20:15:00,0.7935916000000006
2018-08-12 20:30:00,0.7415316000000005
2018-08-12 20:45:00,0.6910782000000005
2018-08-12 21:00:00,0.6455582000000005
2018-08-12 21:15:00,0.5990282000000005
2018-08-12 21:30:00,0.5550148000000005
2018-08-12 21:45:00,0.5232564000000004
2018-08-12 22:00:00,0.4845164000000005
2018-08-12 22:15:00,0.46128640000000054
2018-08-12 22:30:00,0.4399664000000005
2018-08-12 22:45:00,0.41485640000000057
2018-08-12 23:00:00,0.38934140000000056
2018-08-12 23:15:00,0.36077640000000055
2018-08-12 23:30:00,0.32959140000000053
2018-08-12 23:45:00,0.29831140000000056
2018-08-13 00:00:00,0.2713614000000006
2018-08-13 00:15:00,0.24507640000000058
2018-08-13 00:30:00,0.2233598000000006
2018-08-13 00:45:00,0.19966320000000062
2018-08-13 01:00:00,0.17771160000000064
2018-08-13 01:15:00,0.16041820000000065
2018-08-13 01:30:00,0.14675660000000063
2018-08-13 01:45:00,0.13453000000000062
2018-08-13 02:00:00,0.1253584000000006
2018-08-13 02:15:00,0.11702680000000058
2018-08-13 02:30:00,0.10883520000000058
2018-08-13 02:45:00,0.10064360000000057
2018-08-13 03:00:00,0.09509860000000056
2018-08-13 03:15:00,0.09274360000000056
2018-08-13 03:30:00,0.09122860000000055
2018-08-13 03:45:00,0.08937200000000055
2018-08-13 04:00:00,0.08856200000000056
2018-08-13 04:15:00,0.08842700000000055
2018-08-13 04:30:00,0.08856200000000054
2018-08-13 04:45:00,0.08829200000000054
2018-08-13 05:00:00,0.08748200000000053
2018-08-13 05:15:00,0.08572200000000053
2018-08-13 05:30:00,0.08436700000000054
2018-08-13 05:45:00,0.08269860000000054
2018-08-13 06:00:00,0.08095860000000055
2018-08-13 06:15:00,0.08192020000000054
2018-08-13 06:30:00,0.08347680000000055
2018-08-13 06:45:00,0.08729680000000055
2018-08-13 07:00:00,0.09334180000000056
2018-08-13 07:15:00,0.10153840000000056
2018-08-13 07:30:00,0.10831840000000056
2018-08-13 07:45:00,0.12152340000000057
2018-08-13 08:00:00,0.13735340000000057
2018-08-13 08:15:00,0.15406680000000056
2018-08-13 08:30:00,0.17752840000000059
2018-08-13 08:45:00,0.20830680000000062
2018-08-13 09:00:00,0.24133520000000064
2018-08-13 09:15:00,0.27562180000000064
2018-08-13 09:30:00,0.3116434000000006
2018-08-13 09:45:00,0.3672368000000006
2018-08-13 10:00:00,0.42447840000000064
2018-08-13 10:15:00,0.48446840000000063
2018-08-13 10:30:00,0.5515734000000007
2018-08-13 10:45:00,0.6194784000000007
2018-08-13 11:00:00,0.6858118000000006
2018-08-13 11:15:00,0.7529118000000007
2018-08-13 11:30:00,0.8182918000000006
2018-08-13 11:45:00,0.8809952000000006
2018-08-13 12:00:00,0.9398686000000007
2018-08-13 12:15:00,1.0005136000000006
2018-08-13 12:30:00,1.0616886000000005
2018-08-13 12:45:00,1.1176186000000006
2018-08-13 13:00:00,1.1700736000000007
2018-08-13 13:15:00,1.2280352000000005
2018-08-13 13:30:00,1.2835652000000006
2018-08-13 13:45:00,1.3346468000000007
2018-08-13 14:00:00,1.3868784000000007
2018-08-13 14:15:00,1.4432100000000008
2018-08-13 14:30:00,1.5020916000000006
2018-08-13 14:45:00,1.538633200000001
2018-08-13 15:00:00,1.5784016000000007
2018-08-13 15:15:00,1.6162132000000007
2018-08-13 15:30:00,1.6475048000000005
2018-08-13 15:45:00,1.6713848000000007
2018-08-13 16:00:00,1.692331400000001
2018-08-13 16:15:00,1.708941400000001
2018-08-13 16:30:00,1.7239214000000012
2018-08-13 16:45:00,1.7351514000000012
2018-08-13 17:00:00,1.7352814000000012
2018-08-13 17:15:00,1.730906400000001
2018-08-13 17:30:00,1.718713000000001
2018-08-13 17:45:00,1.706418000000001
2018-08-13 18:00:00,1.6966080000000012
2018-08-13 18:15:00,1.687058000000001
2018-08-13 18:30:00,1.675158000000001
2018-08-13 18:45:00,1.6619230000000011
2018-08-13 19:00:00,1.644153000000001
2018-08-13 19:15:00,1.6281980000000011
2018-08-13 19:30:00,1.6113964000000014
2018-08-13 19:45:00,1.5801848000000012
2018-08-13 20:00:00,1.5457232000000012
2018-08-13 20:15:00,1.5084116000000012
2018-08-13 20:30:00,1.4681200000000012
2018-08-13 20:45:00,1.425268400000001
2018-08-13 21:00:00,1.3794968000000012
2018-08-13 21:15:00,1.3340102000000011
2018-08-13 21:30:00,1.2917586000000012
2018-08-13 21:45:00,1.1976036000000012
2018-08-13 22:00:00,1.1045602000000012
2018-08-13 22:15:00,1.0284268000000014
2018-08-13 22:30:00,0.9519734000000014
2018-08-13 22:45:00,0.8757234000000015
2018-08-13 23:00:00,0.7987734000000014
2018-08-13 23:15:00,0.7242534000000014
2018-08-13 23:30:00,0.6474284000000013
2018-08-13 23:45:00,0.5602534000000013
2018-08-14 00:00:00,0.47173340000000136
2018-08-14 00:15:00,0.42506680000000135
2018-08-14 00:30:00,0.3867702000000013
2018-08-14 00:45:00,0.3480486000000013
2018-08-14 01:00:00,0.31541360000000135
2018-08-14 01:15:00,0.2838002000000014
2018-08-14 01:30:00,0.25341020000000136
2018-08-14 01:45:00,0.22249020000000136
2018-08-14 02:00:00,0.20007020000000136
2018-08-14 02:15:00,0.1873352000000014
2018-08-14 02:30:00,0.17829520000000137
2018-08-14 02:45:00,0.17419520000000138
2018-08-14 03:00:00,0.17132520000000137
2018-08-14 03:15:00,0.16868020000000136
2018-08-14 03:30:00,0.16721360000000135
2018-08-14 03:45:00,0.16592200000000137
2018-08-14 04:00:00,0.16473200000000138
2018-08-14 04:15:00,0.16393700000000136
2018-08-14 04:30:00,0.16433200000000137
2018-08-14 04:45:00,0.16459700000000135
2018-08-14 05:00:00,0.16222200000000137
2018-08-14 05:15:00,0.16222200000000137
2018-08-14 05:30:00,0.16011200000000134
2018-08-14 05:45:00,0.15878700000000134
2018-08-14 06:00:00,0.15769360000000132
2018-08-14 06:15:00,0.15760360000000131
2018-08-14 06:30:00,0.1589186000000013
2018-08-14 06:45:00,0.1607752000000013
2018-08-14 07:00:00,0.16382680000000133
2018-08-14 07:15:00,0.16938840000000133
2018-08-14 07:30:00,0.17883000000000132
2018-08-14 07:45:00,0.19390000000000135
2018-08-14 08:00:00,0.21444160000000134
2018-08-14 08:15:00,0.24173320000000134
2018-08-14 08:30:00,0.26860160000000133
2018-08-14 08:45:00,0.29486660000000137
2018-08-14 09:00:00,0.31853160000000136
2018-08-14 09:15:00,0.34113160000000137
2018-08-14 09:30:00,0.36333160000000136
2018-08-14 09:45:00,0.38667000000000135
2018-08-14 10:00:00,0.4073300000000013
2018-08-14 10:15:00,0.42478160000000137
2018-08-14 10:30:00,0.44104160000000137
2018-08-14 10:45:00,0.4547416000000014
2018-08-14 11:00:00,0.47198320000000143
2018-08-14 11:15:00,0.4930832000000014
2018-08-14 11:30:00,0.5190048000000014
2018-08-14 11:45:00,0.5489132000000014
2018-08-14 12:00:00,0.5791882000000015
2018-08-14 12:15:00,0.6102082000000015
2018-08-14 12:30:00,0.6436082000000015
2018-08-14 12:45:00,0.6768332000000015
2018-08-14 13:00:00,0.7101382000000015
2018-08-14 13:15:00,0.7419982000000015
2018-08-14 13:30:00,0.7717216000000015
2018-08-14 13:45:00,0.8004632000000015
2018-08-14 14:00:00,0.8287532000000016
2018-08-14 14:15:00,0.8582832000000018
2018-08-14 14:30:00,0.8909382000000017
2018-08-14 14:45:00,0.9205248000000017
2018-08-14 15:00:00,0.9498348000000016
2018-08-14 15:15:00,0.9770298000000016
2018-08-14 15:30:00,1.0013148000000016
2018-08-14 15:45:00,1.024038200000002
2018-08-14 16:00:00,1.0450632000000017
2018-08-14 16:15:00,1.062681600000002
2018-08-14 16:30:00,1.0809100000000018
2018-08-14 16:45:00,1.0954950000000019
2018-08-14 17:00:00,1.1042084000000019
2018-08-14 17:15:00,1.117648400000002
2018-08-14 17:30:00,1.130236800000002
2018-08-14 17:45:00,1.145176800000002
2018-08-14 18:00:00,1.1642168000000022
2018-08-14 18:15:00,1.181943400000002
2018-08-14 18:30:00,1.1922534000000022
2018-08-14 18:45:00,1.2017400000000023
2018-08-14 19:00:00,1.2044766000000022
2018-08-14 19:15:00,1.2058882000000022
2018-08-14 19:30:00,1.2058298000000023
2018-08-14 19:45:00,1.1710732000000021
2018-08-14 20:00:00,1.120984800000002
2018-08-14 20:15:00,1.0688882000000022
2018-08-14 20:30:00,0.9926416000000021
2018-08-14 20:45:00,0.9082850000000022
2018-08-14 21:00:00,0.8293150000000022
2018-08-14 21:15:00,0.7474434000000022
2018-08-14 21:30:00,0.6697518000000022
2018-08-14 21:45:00,0.5901702000000022
2018-08-14 22:00:00,0.5085202000000021
2018-08-14 22:15:00,0.4524218000000021
2018-08-14 22:30:00,0.4065152000000021
2018-08-14 22:45:00,0.3587468000000021
2018-08-14 23:00:00,0.32792840000000206
2018-08-14 23:15:00,0.30477840000000206
2018-08-14 23:30:00,0.28149340000000206
2018-08-14 23:45:00,0.26057500000000205
2018-08-15 00:00:00,0.23635160000000205
2018-08-15 00:15:00,0.21361660000000207
2018-08-15 00:30:00,0.19243660000000207
2018-08-15 00:45:00,0.17417160000000206
2018-08-15 01:00:00,0.15835660000000207
2018-08-15 01:15:00,0.14567500000000205
2018-08-15 01:30:00,0.13328840000000208
2018-08-15 01:45:00,0.12227840000000208
2018-08-15 02:00:00,0.11229340000000207
2018-08-15 02:15:00,0.10568180000000207
2018-08-15 02:30:00,0.09925020000000208
2018-08-15 02:45:00,0.09226020000000208
2018-08-15 03:00:00,0.08793860000000207
2018-08-15 03:15:00,0.08459200000000208
2018-08-15 03:30:00,0.08323700000000209
2018-08-15 03:45:00,0.08054200000000208
2018-08-15 04:00:00,0.07864700000000209
2018-08-15 04:15:00,0.07688700000000208
2018-08-15 04:30:00,0.07688700000000208
2018-08-15 04:45:00,0.07335700000000209
2018-08-15 05:00:00,0.07186200000000209
2018-08-15 05:15:00,0.07199700000000209
2018-08-15 05:30:00,0.07104200000000209
2018-08-15 05:45:00,0.06912700000000209
2018-08-15 06:00:00,0.0650370000000021
2018-08-15 06:15:00,0.062138600000002084
2018-08-15 06:30:00,0.06144020000000209
2018-08-15 06:45:00,0.06028520000000209
2018-08-15 07:00:00,0.06141180000000209
2018-08-15 07:15:00,0.0656884000000021
2018-08-15 07:30:00,0.0717550000000021
2018-08-15 07:45:00,0.0805866000000021
2018-08-15 08:00:00,0.09179160000000211
2018-08-15 08:15:00,0.1084982000000021
2018-08-15 08:30:00,0.13086320000000212
2018-08-15 08:45:00,0.16237160000000211
2018-08-15 09:00:00,0.19974160000000213
2018-08-15 09:15:00,0.24324320000000216
2018-08-15 09:30:00,0.2891282000000022
2018-08-15 09:45:00,0.3400782000000023
2018-08-15 10:00:00,0.39488320000000227
2018-08-15 10:15:00,0.4530316000000022
2018-08-15 10:30:00,0.5141432000000024
2018-08-15 10:45:00,0.5758866000000024
2018-08-15 11:00:00,0.6394066000000024
2018-08-15 11:15:00,0.6972482000000023
2018-08-15 11:30:00,0.7542266000000023
2018-08-15 11:45:00,0.8124716000000023
2018-08-15 12:00:00,0.8706166000000023
2018-08-15 12:15:00,0.9280916000000022
2018-08-15 12:30:00,0.9870416000000024
2018-08-15 12:45:00,1.0456516000000025
2018-08-15 13:00:00,1.1050650000000024
2018-08-15 13:15:00,1.1638066000000022
2018-08-15 13:30:00,1.2220232000000024
2018-08-15 13:45:00,1.2766416000000027
2018-08-15 14:00:00,1.3280632000000026
2018-08-15 14:15:00,1.3734732000000025
2018-08-15 14:30:00,1.4135182000000026
2018-08-15 14:45:00,1.4520382000000027
2018-08-15 15:00:00,1.4835732000000026
2018-08-15 15:15:00,1.5052248000000024
2018-08-15 15:30:00,1.4692448000000025
2018-08-15 15:45:00,1.4178198000000024
2018-08-15 16:00:00,1.3527148000000024
2018-08-15 16:15:00,1.2793648000000026
2018-08-15 16:30:00,1.2003982000000026
2018-08-15 16:45:00,1.1183482000000025
2018-08-15 17:00:00,1.0371032000000024
2018-08-15 17:15:00,0.9561832000000023
2018-08-15 17:30:00,0.8750866000000025
2018-08-15 17:45:00,0.7958350000000024
2018-08-15 18:00:00,0.7666000000000024
2018-08-15 18:15:00,0.7495450000000023
2018-08-15 18:30:00,0.7430300000000023
2018-08-15 18:45:00,0.7426866000000023
2018-08-15 19:00:00,0.7438716000000023
2018-08-15 19:15:00,0.7384150000000023
2018-08-15 19:30:00,0.7211950000000023
2018-08-15 19:45:00,0.7000750000000023
2018-08-15 20:00:00,0.6759700000000024
2018-08-15 20:15:00,0.6428600000000023
2018-08-15 20:30:00,0.6003750000000023
2018-08-15 20:45:00,0.5529550000000023
2018-08-15 21:00:00,0.5016484000000022
2018-08-15 21:15:00,0.45081180000000226
2018-08-15 21:30:00,0.3965318000000022
2018-08-15 21:45:00,0.34893680000000227
2018-08-15 22:00:00,0.31155520000000225
2018-08-15 22:15:00,0.27077020000000224
2018-08-15 22:30:00,0.23184680000000224
2018-08-15 22:45:00,0.2027468000000022
2018-08-15 23:00:00,0.1839218000000022
2018-08-15 23:15:00,0.16711520000000218
2018-08-15 23:30:00,0.15033680000000219
2018-08-15 23:45:00,0.13262180000000218
2018-08-16 00:00:00,0.11918340000000216
2018-08-16 00:15:00,0.10640340000000217
2018-08-16 00:30:00,0.09503340000000217
2018-08-16 00:45:00,0.08604840000000218
2018-08-16 01:00:00,0.07799680000000218
2018-08-16 01:15:00,0.07085180000000219
2018-08-16 01:30:00,0.06400180000000219
2018-08-16 01:45:00,0.05979180000000219
2018-08-16 02:00:00,0.05594520000000219
2018-08-16 02:15:00,0.053990200000002195
2018-08-16 02:30:00,0.05127860000000219
2018-08-16 02:45:00,0.050573600000002196
2018-08-16 03:00:00,0.051098600000002194
2018-08-16 03:15:00,0.0511420000000022
2018-08-16 03:30:00,0.05100200000000219
2018-08-16 03:45:00,0.05277700000000218
2018-08-16 04:00:00,0.05387700000000219
2018-08-16 04:15:00,0.05209200000000218
2018-08-16 04:30:00,0.05099200000000218
2018-08-16 04:45:00,0.04934700000000218
2018-08-16 05:00:00,0.04893700000000219
2018-08-16 05:15:00,0.048387000000002185
2018-08-16 05:30:00,0.04565200000000218
2018-08-16 05:45:00,0.04510700000000219
2018-08-16 06:00:00,0.04497200000000219
2018-08-16 06:15:00,0.04374700000000219
2018-08-16 06:30:00,0.04486200000000219
2018-08-16 06:45:00,0.04908360000000219
2018-08-16 07:00:00,0.053870200000002186
2018-08-16 07:15:00,0.061355200000002184
2018-08-16 07:30:00,0.0695018000000022
2018-08-16 07:45:00,0.07910340000000218
2018-08-16 08:00:00,0.09939500000000219
2018-08-16 08:15:00,0.1281400000000022
2018-08-16 08:30:00,0.1601600000000022
2018-08-16 08:45:00,0.19538160000000218
2018-08-16 09:00:00,0.23282160000000215
2018-08-16 09:15:00,0.27064000000000216
2018-08-16 09:30:00,0.31101840000000214
2018-08-16 09:45:00,0.3533584000000022
2018-08-16 10:00:00,0.39512840000000216
2018-08-16 10:15:00,0.4400468000000021
2018-08-16 10:30:00,0.4157360000000021
2018-08-16 10:45:00,0.3820118000000021
2018-08-16 11:00:00,0.34528760000000214
2018-08-16 11:15:00,0.3048118000000021
2018-08-16 11:30:00,0.2610026000000021
2018-08-16 11:45:00,0.21563340000000206
2018-08-16 12:00:00,0.2692284000000021
2018-08-16 12:15:00,0.3249850000000021
2018-08-16 12:30:00,0.38533840000000213
2018-08-16 12:45:00,0.4479250000000022
2018-08-16 13:00:00,0.5763442000000023
2018-08-16 13:15:00,0.7115600000000023
2018-08-16 13:30:00,0.8520858000000023
2018-08-16 13:45:00,0.9979850000000023
2018-08-16 14:00:00,1.1480842000000024
2018-08-16 14:15:00,1.3010650000000024
2018-08-16 14:30:00,1.3553750000000022
2018-08-16 14:45:00,1.4036650000000022
2018-08-16 15:00:00,1.449710000000002
2018-08-16 15:15:00,1.489705000000002
2018-08-16 15:30:00,1.5236266000000023
2018-08-16 15:45:00,1.5506216000000024
2018-08-16 16:00:00,1.5719016000000026
2018-08-16 16:15:00,1.5868732000000025
2018-08-16 16:30:00,1.5979148000000023
2018-08-16 16:45:00,1.6059398000000022
2018-08-16 17:00:00,1.6079598000000022
2018-08-16 17:15:00,1.6072548000000022
2018-08-16 17:30:00,1.6017164000000021
2018-08-16 17:45:00,1.5943264000000024
2018-08-16 18:00:00,1.5821448000000022
2018-08-16 18:15:00,1.5663032000000023
2018-08-16 18:30:00,1.5476066000000022
2018-08-16 18:45:00,1.5260216000000022
2018-08-16 19:00:00,1.5038616000000018
2018-08-16 19:15:00,1.477241600000002
2018-08-16 19:30:00,1.4528316000000019
2018-08-16 19:45:00,1.4215750000000018
2018-08-16 20:00:00,1.3619450000000017
2018-08-16 20:15:00,1.2580784000000018
2018-08-16 20:30:00,1.149395000000002
2018-08-16 20:45:00,1.0397016000000021
2018-08-16 21:00:00,0.931381600000002
2018-08-16 21:15:00,0.823751600000002
2018-08-16 21:30:00,0.712656600000002
2018-08-16 21:45:00,0.605305000000002
2018-08-16 22:00:00,0.489375000000002
2018-08-16 22:15:00,0.380891600000002
2018-08-16 22:30:00,0.297981600000002
2018-08-16 22:45:00,0.258621600000002
2018-08-16 23:00:00,0.22665000000000196
2018-08-16 23:15:00,0.19722340000000196
2018-08-16 23:30:00,0.16879500000000197
2018-08-16 23:45:00,0.14258340000000197
2018-08-17 00:00:00,0.11859680000000195
2018-08-17 00:15:00,0.09532180000000194
2018-08-17 00:30:00,0.07988680000000195
2018-08-17 00:45:00,0.06508020000000195
2018-08-17 01:00:00,0.054913600000001936
2018-08-17 01:15:00,0.04581860000000194
2018-08-17 01:30:00,0.03854360000000193
2018-08-17 01:45:00,0.033243600000001934
2018-08-17 02:00:00,0.028832000000001932
2018-08-17 02:15:00,0.025062000000001933
2018-08-17 02:30:00,0.022697000000001934
2018-08-17 02:45:00,0.020612000000001934
2018-08-17 03:00:00,0.018952000000001933
2018-08-17 03:15:00,0.017847000000001934
2018-08-17 03:30:00,0.016877000000001936
2018-08-17 03:45:00,0.016047000000001935
2018-08-17 04:00:00,0.015217000000001934
2018-08-17 04:15:00,0.014802000000001933
2018-08-17 04:30:00,0.014527000000001932
2018-08-17 04:45:00,0.014667000000001932
2018-08-17 05:00:00,0.015222000000001932
2018-08-17 05:15:00,0.015777000000001932
2018-08-17 05:30:00,0.016607000000001933
2018-08-17 05:45:00,0.01771200000000193
2018-08-17 06:00:00,0.01951200000000193
2018-08-17 06:15:00,0.02116700000000193
2018-08-17 06:30:00,0.02332860000000193
2018-08-17 06:45:00,0.026060200000001928
2018-08-17 07:00:00,0.029265200000001927
2018-08-17 07:15:00,0.03317020000000193
2018-08-17 07:30:00,0.036616800000001934
2018-08-17 07:45:00,0.040261800000001936
2018-08-17 08:00:00,0.04489180000000194
2018-08-17 08:15:00,0.049338400000001933
2018-08-17 08:30:00,0.05442340000000193
2018-08-17 08:45:00,0.05960500000000194
2018-08-17 09:00:00,0.06553500000000194
2018-08-17 09:15:00,0.07217000000000194
2018-08-17 09:30:00,0.07839500000000195
2018-08-17 09:45:00,0.08295000000000194
2018-08-17 10:00:00,0.09314000000000194
2018-08-17 10:15:00,0.10947660000000195
2018-08-17 10:30:00,0.12967160000000194
2018-08-17 10:45:00,0.15084660000000194
2018-08-17 11:00:00,0.17604320000000195
2018-08-17 11:15:00,0.20114320000000196
2018-08-17 11:30:00,0.22653820000000194
2018-08-17 11:45:00,0.2510116000000019
2018-08-17 12:00:00,0.27790320000000196
2018-08-17 12:15:00,0.31019320000000195
2018-08-17 12:30:00,0.3452932000000019
2018-08-17 12:45:00,0.3746132000000019
2018-08-17 13:00:00,0.399504800000002
2018-08-17 13:15:00,0.425149800000002
2018-08-17 13:30:00,0.44571980000000205
2018-08-17 13:45:00,0.466289800000002
2018-08-17 14:00:00,0.485034800000002
2018-08-17 14:15:00,0.505681400000002
2018-08-17 14:30:00,0.5221614000000019
2018-08-17 14:45:00,0.534208000000002
2018-08-17 15:00:00,0.538268000000002
2018-08-17 15:15:00,0.542173000000002
2018-08-17 15:30:00,0.5459430000000021
2018-08-17 15:45:00,0.5471830000000021
2018-08-17 16:00:00,0.548143000000002
2018-08-17 16:15:00,0.5498130000000021
2018-08-17 16:30:00,0.5521880000000021
2018-08-17 16:45:00,0.552173000000002
2018-08-17 17:00:00,0.554268000000002
2018-08-17 17:15:00,0.559096400000002
2018-08-17 17:30:00,0.563924800000002
2018-08-17 17:45:00,0.567788200000002
2018-08-17 18:00:00,0.571376600000002
2018-08-17 18:15:00,0.581106600000002
2018-08-17 18:30:00,0.590701600000002
2018-08-17 18:45:00,0.594290000000002
2018-08-17 19:00:00,0.5980134000000021
2018-08-17 19:15:00,0.599056800000002
2018-08-17 19:30:00,0.5978302000000022
2018-08-17 19:45:00,0.5922818000000022
2018-08-17 20:00:00,0.5863184000000021
2018-08-17 20:15:00,0.5811850000000022
2018-08-17 20:30:00,0.5724300000000022
2018-08-17 20:45:00,0.5434534000000022
2018-08-17 21:00:00,0.509541800000002
2018-08-17 21:15:00,0.47522340000000207
2018-08-17 21:30:00,0.4343334000000021
2018-08-17 21:45:00,0.39598840000000207
2018-08-17 22:00:00,0.35779840000000207
2018-08-17 22:15:00,0.31922180000000205
2018-08-17 22:30:00,0.28049520000000205
2018-08-17 22:45:00,0.24115020000000204
2018-08-17 23:00:00,0.20547020000000207
2018-08-17 23:15:00,0.18437680000000206
2018-08-17 23:30:00,0.16708340000000205
2018-08-17 23:45:00,0.14948680000000206
2018-08-18 00:00:00,0.13578180000000203
2018-08-18 00:15:00,0.12228340000000201
2018-08-18 00:30:00,0.11024340000000202
2018-08-18 00:45:00,0.100043400000002
2018-08-18 01:00:00,0.089998400000002
2018-08-18 01:15:00,0.08056680000000202
2018-08-18 01:30:00,0.07163680000000201
2018-08-18 01:45:00,0.06249520000000201
2018-08-18 02:00:00,0.05476360000000202
2018-08-18 02:15:00,0.05317860000000202
2018-08-18 02:30:00,0.05438860000000202
2018-08-18 02:45:00,0.05552700000000201
2018-08-18 03:00:00,0.05648200000000201
2018-08-18 03:15:00,0.05798200000000201
2018-08-18 03:30:00,0.060162000000002006
2018-08-18 03:45:00,0.061387000000002
2018-08-18 04:00:00,0.06234200000000199
2018-08-18 04:15:00,0.06397700000000199
2018-08-18 04:30:00,0.06574700000000198
2018-08-18 04:45:00,0.067242000000002
2018-08-18 05:00:00,0.067922000000002
2018-08-18 05:15:00,0.068602000000002
2018-08-18 05:30:00,0.069287000000002
2018-08-18 05:45:00,0.070377000000002
2018-08-18 06:00:00,0.07065200000000199
2018-08-18 06:15:00,0.07065200000000199
2018-08-18 06:30:00,0.070107000000002
2018-08-18 06:45:00,0.06972200000000199
2018-08-18 07:00:00,0.07152360000000199
2018-08-18 07:15:00,0.075938600000002
2018-08-18 07:30:00,0.081290200000002
2018-08-18 07:45:00,0.087346800000002
2018-08-18 08:00:00,0.09676340000000201
2018-08-18 08:15:00,0.108595000000002
2018-08-18 08:30:00,0.121740000000002
2018-08-18 08:45:00,0.136115000000002
2018-08-18 09:00:00,0.151941600000002
2018-08-18 09:15:00,0.17008660000000203
2018-08-18 09:30:00,0.18729500000000204
2018-08-18 09:45:00,0.20746160000000202
2018-08-18 10:00:00,0.23217160000000203
2018-08-18 10:15:00,0.26322660000000203
2018-08-18 10:30:00,0.29171500000000206
2018-08-18 10:45:00,0.32330500000000206
2018-08-18 11:00:00,0.3551466000000021
2018-08-18 11:15:00,0.3977666000000021
2018-08-18 11:30:00,0.44145500000000204
2018-08-18 11:45:00,0.48442160000000206
2018-08-18 12:00:00,0.5268432000000021
2018-08-18 12:15:00,0.5674216000000021
2018-08-18 12:30:00,0.6103850000000021
2018-08-18 12:45:00,0.6506334000000021
2018-08-18 13:00:00,0.6911734000000022
2018-08-18 13:15:00,0.7276618000000022
2018-08-18 13:30:00,0.7623102000000023
2018-08-18 13:45:00,0.7868552000000022
2018-08-18 14:00:00,0.8104918000000023
2018-08-18 14:15:00,0.8325068000000023
2018-08-18 14:30:00,0.8539518000000024
2018-08-18 14:45:00,0.8722768000000023
2018-08-18 15:00:00,0.8907234000000024
2018-08-18 15:15:00,0.9071184000000023
2018-08-18 15:30:00,0.9220284000000023
2018-08-18 15:45:00,0.9357334000000023
2018-08-18 16:00:00,0.9532700000000023
2018-08-18 16:15:00,0.9698566000000024
2018-08-18 16:30:00,0.9867500000000025
2018-08-18 16:45:00,1.0032384000000025
2018-08-18 17:00:00,1.0183784000000025
2018-08-18 17:15:00,1.0333100000000024
2018-08-18 17:30:00,1.0399550000000024
2018-08-18 17:45:00,1.0441816000000024
2018-08-18 18:00:00,1.0492132000000025
2018-08-18 18:15:00,1.0537048000000024
2018-08-18 18:30:00,1.0382898000000025
2018-08-18 18:45:00,1.0239448000000024
2018-08-18 19:00:00,1.0047748000000023
2018-08-18 19:15:00,0.9845298000000022
2018-08-18 19:30:00,0.9625598000000023
2018-08-18 19:45:00,0.9411398000000023
2018-08-18 20:00:00,0.9173648000000023
2018-08-18 20:15:00,0.8958798000000023
2018-08-18 20:30:00,0.8738598000000023
2018-08-18 20:45:00,0.8438248000000023
2018-08-18 21:00:00,0.8218398000000022
2018-08-18 21:15:00,0.7804282000000021
2018-08-18 21:30:00,0.726423200000002
2018-08-18 21:45:00,0.6740432000000021
2018-08-18 22:00:00,0.622121600000002
2018-08-18 22:15:00,0.5678650000000021
2018-08-18 22:30:00,0.486499200000002
2018-08-18 22:45:00,0.40297840000000207
2018-08-18 23:00:00,0.3198576000000021
2018-08-18 23:15:00,0.24408180000000207
2018-08-18 23:30:00,0.17687600000000203
2018-08-18 23:45:00,0.12789180000000203
2018-08-19 00:00:00,0.09481260000000201
2018-08-19 00:15:00,0.06118340000000201
2018-08-19 00:30:00,0.029899200000002003
2018-08-19 00:45:00,1.9984014443252818e-15
2018-08-19 01:00:00,1.9984014443252818e-15
2018-08-19 01:15:00,1.9984014443252818e-15
2018-08-19 01:30:00,1.9984014443252818e-15
2018-08-19 01:45:00,1.9984014443252818e-15
2018-08-19 02:00:00,1.9984014443252818e-15
2018-08-19 02:15:00,1.9984014443252818e-15
2018-08-19 02:30:00,1.9984014443252818e-15
2018-08-19 02:45:00,1.9984014443252818e-15
2018-08-19 03:00:00,1.9984014443252818e-15
2018-08-19 03:15:00,1.9984014443252818e-15
2018-08-19 03:30:00,1.9984014443252818e-15
2018-08-19 03:45:00,1.9984014443252818e-15
2018-08-19 04:00:00,1.9984014443252818e-15
2018-08-19 04:15:00,1.9984014443252818e-15
2018-08-19 04:30:00,1.9984014443252818e-15
2018-08-19 04:45:00,1.9984014443252818e-15
2018-08-19 05:00:00,1.9984014443252818e-15
2018-08-19 05:15:00,1.9984014443252818e-15
2018-08-19 05:30:00,1.9984014443252818e-15
2018-08-19 05:45:00,1.9984014443252818e-15
2018-08-19 06:00:00,1.9984014443252818e-15
2018-08-19 06:15:00,1.9984014443252818e-15
2018-08-19 06:30:00,1.9984014443252818e-15
2018-08-19 06:45:00,1.9984014443252818e-15
2018-08-19 07:00:00,1.9984014443252818e-15
2018-08-19 07:15:00,1.9984014443252818e-15
2018-08-19 07:30:00,1.9984014443252818e-15
2018-08-19 07:45:00,1.9984014443252818e-15
2018-08-19 08:00:00,1.9984014443252818e-15
2018-08-19 08:15:00,1.9984014443252818e-15
2018-08-19 08:30:00,1.9984014443252818e-15
2018-08-19 08:45:00,1.9984014443252818e-15
2018-08-19 09:00:00,1.9984014443252818e-15
2018-08-19 09:15:00,1.9984014443252818e-15
2018-08-19 09:30:00,1.9984014443252818e-15
2018-08-19 09:45:00,1.9984014443252818e-15
2018-08-19 10:00:00,1.9984014443252818e-15
2018-08-19 10:15:00,1.9984014443252818e-15
2018-08-19 10:30:00,1.9984014443252818e-15
2018-08-19 10:45:00,1.9984014443252818e-15
2018-08-19 11:00:00,1.9984014443252818e-15
2018-08-19 11:15:00,1.9984014443252818e-15
2018-08-19 11:30:00,1.9984014443252818e-15
2018-08-19 11:45:00,1.9984014443252818e-15
2018-08-19 12:00:00,1.9984014443252818e-15
2018-08-19 12:15:00,1.9984014443252818e-15
2018-08-19 12:30:00,1.9984014443252818e-15
2018-08-19 12:45:00,1.9984014443252818e-15
2018-08-19 13:00:00,1.9984014443252818e-15
2018-08-19 13:15:00,1.9984014443252818e-15
2018-08-19 13:30:00,1.9984014443252818e-15
2018-08-19 13:45:00,0.09263420000000203
2018-08-19 14:00:00,0.18962340000000205
2018-08-19 14:15:00,0.28885260000000207
2018-08-19 14:30:00,0.39239840000000203
2018-08-19 14:45:00,0.5097476000000021
2018-08-19 15:00:00,0.6283468000000021
2018-08-19 15:15:00,0.747722600000002
2018-08-19 15:30:00,0.873346800000002
2018-08-19 15:45:00,1.000926000000002
2018-08-19 16:00:00,1.130485200000002
2018-08-19 16:15:00,1.1705968000000022
2018-08-19 16:30:00,1.2071934000000022
2018-08-19 16:45:00,1.2427034000000021
2018-08-19 17:00:00,1.2766918000000023
2018-08-19 17:15:00,1.2977168000000021
2018-08-19 17:30:00,1.3177618000000022
2018-08-19 17:45:00,1.3375702000000023
2018-08-19 18:00:00,1.351496800000002
2018-08-19 18:15:00,1.3633334000000021
2018-08-19 18:30:00,1.373460000000002
2018-08-19 18:45:00,1.380535000000002
2018-08-19 19:00:00,1.384820000000002
2018-08-19 19:15:00,1.3764950000000018
2018-08-19 19:30:00,1.3357266000000019
2018-08-19 19:45:00,1.2938432000000017
2018-08-19 20:00:00,1.2435032000000017
2018-08-19 20:15:00,1.1895048000000017
2018-08-19 20:30:00,1.1333782000000017
2018-08-19 20:45:00,1.0764066000000017
2018-08-19 21:00:00,1.0064900000000017
2018-08-19 21:15:00,0.9313150000000018
2018-08-19 21:30:00,0.8375784000000019
2018-08-19 21:45:00,0.749320000000002
2018-08-19 22:00:00,0.685263400000002
2018-08-19 22:15:00,0.612393400000002
2018-08-19 22:30:00,0.5436784000000019
2018-08-19 22:45:00,0.47620340000000183
2018-08-19 23:00:00,0.3927792000000018
2018-08-19 23:15:00,0.3103350000000018
2018-08-19 23:30:00,0.2405658000000018
2018-08-19 23:45:00,0.1759200000000018
2018-08-20 00:00:00,0.13178580000000178
2018-08-20 00:15:00,0.09363000000000177
2018-08-20 00:30:00,0.06092080000000176
2018-08-20 00:45:00,0.037300000000001755
2018-08-20 01:00:00,0.017710800000001754
2018-08-20 01:15:00,1.7513768213461845e-15
2018-08-20 01:30:00,1.7513768213461845e-15
2018-08-20 01:45:00,1.7513768213461845e-15
2018-08-20 02:00:00,1.7513768213461845e-15
2018-08-20 02:15:00,1.7513768213461845e-15
2018-08-20 02:30:00,1.7513768213461845e-15
2018-08-20 02:45:00,1.7513768213461845e-15
2018-08-20 03:00:00,1.7513768213461845e-15
2018-08-20 03:15:00,1.7513768213461845e-15
2018-08-20 03:30:00,1.7513768213461845e-15
2018-08-20 03:45:00,1.7513768213461845e-15
2018-08-20 04:00:00,1.7513768213461845e-15
2018-08-20 04:15:00,1.7513768213461845e-15
2018-08-20 04:30:00,1.7513768213461845e-15
2018-08-20 04:45:00,1.7513768213461845e-15
2018-08-20 05:00:00,1.7513768213461845e-15
2018-08-20 05:15:00,1.7513768213461845e-15
2018-08-20 05:30:00,1.7513768213461845e-15
2018-08-20 05:45:00,1.7513768213461845e-15
2018-08-20 06:00:00,1.7513768213461845e-15
2018-08-20 06:15:00,1.7513768213461845e-15
2018-08-20 06:30:00,1.7513768213461845e-15
2018-08-20 06:45:00,1.7513768213461845e-15
2018-08-20 07:00:00,1.7513768213461845e-15
2018-08-20 07:15:00,1.7513768213461845e-15
2018-08-20 07:30:00,1.7513768213461845e-15
2018-08-20 07:45:00,1.7513768213461845e-15
2018-08-20 08:00:00,1.7513768213461845e-15
2018-08-20 08:15:00,1.7513768213461845e-15
2018-08-20 08:30:00,1.7513768213461845e-15
2018-08-20 08:45:00,1.7513768213461845e-15
2018-08-20 09:00:00,1.7513768213461845e-15
2018-08-20 09:15:00,1.7513768213461845e-15
2018-08-20 09:30:00,1.7513768213461845e-15
2018-08-20 09:45:00,1.7513768213461845e-15
2018-08-20 10:00:00,1.7513768213461845e-15
2018-08-20 10:15:00,1.7513768213461845e-15
2018-08-20 10:30:00,1.7513768213461845e-15
2018-08-20 10:45:00,1.7513768213461845e-15
2018-08-20 11:00:00,1.7513768213461845e-15
2018-08-20 11:15:00,1.7513768213461845e-15
2018-08-20 11:30:00,1.7513768213461845e-15
2018-08-20 11:45:00,1.7513768213461845e-15
2018-08-20 12:00:00,1.7513768213461845e-15
2018-08-20 12:15:00,1.7513768213461845e-15
2018-08-20 12:30:00,1.7513768213461845e-15
2018-08-20 12:45:00,1.7513768213461845e-15
2018-08-20 13:00:00,1.7513768213461845e-15
2018-08-20 13:15:00,1.7513768213461845e-15
2018-08-20 13:30:00,1.7513768213461845e-15
2018-08-20 13:45:00,1.7513768213461845e-15
2018-08-20 14:00:00,1.7513768213461845e-15
2018-08-20 14:15:00,1.7513768213461845e-15
2018-08-20 14:30:00,0.11556080000000177
2018-08-20 14:45:00,0.23139660000000176
2018-08-20 15:00:00,0.3569858000000018
2018-08-20 15:15:00,0.4859116000000018
2018-08-20 15:30:00,0.6241708000000019
2018-08-20 15:45:00,0.7640800000000019
2018-08-20 16:00:00,0.902204200000002
2018-08-20 16:15:00,1.041563400000002
2018-08-20 16:30:00,1.182974200000002
2018-08-20 16:45:00,1.3245200000000021
2018-08-20 17:00:00,1.3514134000000022
2018-08-20 17:15:00,1.3780318000000022
2018-08-20 17:30:00,1.3950318000000022
2018-08-20 17:45:00,1.4099502000000022
2018-08-20 18:00:00,1.415535200000002
2018-08-20 18:15:00,1.4200152000000021
2018-08-20 18:30:00,1.4272302000000021
2018-08-20 18:45:00,1.4337552000000022
2018-08-20 19:00:00,1.4384986000000022
2018-08-20 19:15:00,1.4429036000000022
2018-08-20 19:30:00,1.445463600000002
2018-08-20 19:45:00,1.445773600000002
2018-08-20 20:00:00,1.445108600000002
2018-08-20 20:15:00,1.438080200000002
2018-08-20 20:30:00,1.427571800000002
2018-08-20 20:45:00,1.4135884000000019
2018-08-20 21:00:00,1.3900750000000017
2018-08-20 21:15:00,1.3619616000000019
2018-08-20 21:30:00,1.3268966000000018
2018-08-20 21:45:00,1.283246600000002
2018-08-20 22:00:00,1.234478200000002
2018-08-20 22:15:00,1.0917140000000018
2018-08-20 22:30:00,0.9497898000000019
2018-08-20 22:45:00,0.812974000000002
2018-08-20 23:00:00,0.6796382000000019
2018-08-20 23:15:00,0.5492324000000018
2018-08-20 23:30:00,0.4274066000000019
2018-08-20 23:45:00,0.3096358000000019
2018-08-21 00:00:00,0.19854660000000188
2018-08-21 00:15:00,0.09624580000000187
2018-08-21 00:30:00,1.865174681370263e-15
2018-08-21 00:45:00,1.865174681370263e-15
2018-08-21 01:00:00,1.865174681370263e-15
2018-08-21 01:15:00,1.865174681370263e-15
2018-08-21 01:30:00,1.865174681370263e-15
2018-08-21 01:45:00,1.865174681370263e-15
2018-08-21 02:00:00,1.865174681370263e-15
2018-08-21 02:15:00,1.865174681370263e-15
2018-08-21 02:30:00,1.865174681370263e-15
2018-08-21 02:45:00,1.865174681370263e-15
2018-08-21 03:00:00,1.865174681370263e-15
2018-08-21 03:15:00,1.865174681370263e-15
2018-08-21 03:30:00,1.865174681370263e-15
2018-08-21 03:45:00,1.865174681370263e-15
2018-08-21 04:00:00,1.865174681370263e-15
2018-08-21 04:15:00,1.865174681370263e-15
2018-08-21 04:30:00,1.865174681370263e-15
2018-08-21 04:45:00,1.865174681370263e-15
2018-08-21 05:00:00,1.865174681370263e-15
2018-08-21 05:15:00,1.865174681370263e-15
2018-08-21 05:30:00,1.865174681370263e-15
2018-08-21 05:45:00,1.865174681370263e-15
2018-08-21 06:00:00,1.865174681370263e-15
2018-08-21 06:15:00,1.865174681370263e-15
2018-08-21 06:30:00,1.865174681370263e-15
2018-08-21 06:45:00,1.865174681370263e-15
2018-08-21 07:00:00,1.865174681370263e-15
2018-08-21 07:15:00,1.865174681370263e-15
2018-08-21 07:30:00,1.865174681370263e-15
2018-08-21 07:45:00,1.865174681370263e-15
2018-08-21 08:00:00,1.865174681370263e-15
2018-08-21 08:15:00,1.865174681370263e-15
2018-08-21 08:30:00,1.865174681370263e-15
2018-08-21 08:45:00,1.865174681370263e-15
2018-08-21 09:00:00,1.865174681370263e-15
2018-08-21 09:15:00,1.865174681370263e-15
2018-08-21 09:30:00,1.865174681370263e-15
2018-08-21 09:45:00,1.865174681370263e-15
2018-08-21 10:00:00,1.865174681370263e-15
2018-08-21 10:15:00,1.865174681370263e-15
2018-08-21 10:30:00,1.865174681370263e-15
2018-08-21 10:45:00,1.865174681370263e-15
2018-08-21 11:00:00,1.865174681370263e-15
2018-08-21 11:15:00,1.865174681370263e-15
2018-08-21 11:30:00,1.865174681370263e-15
2018-08-21 11:45:00,1.865174681370263e-15
2018-08-21 12:00:00,0.03872580000000187
2018-08-21 12:15:00,0.08162660000000188
2018-08-21 12:30:00,0.12600080000000188
2018-08-21 12:45:00,0.1748800000000019
2018-08-21 13:00:00,0.2291808000000019
2018-08-21 13:15:00,0.2843416000000019
2018-08-21 13:30:00,0.33826240000000196
2018-08-21 13:45:00,0.392738200000002
2018-08-21 14:00:00,0.447899000000002
2018-08-21 14:15:00,0.514599800000002
2018-08-21 14:30:00,0.5417498000000021
2018-08-21 14:45:00,0.5652748000000021
2018-08-21 15:00:00,0.5848414000000021
2018-08-21 15:15:00,0.599353000000002
2018-08-21 15:30:00,0.608443000000002
2018-08-21 15:45:00,0.6162530000000019
2018-08-21 16:00:00,0.6163364000000019
2018-08-21 16:15:00,0.5618606000000019
2018-08-21 16:30:00,0.5066998000000019
2018-08-21 16:45:00,0.4399990000000019
2018-08-21 17:00:00,0.37412320000000193
2018-08-21 17:15:00,0.3076974000000019
2018-08-21 17:30:00,0.2437566000000019
2018-08-21 17:45:00,0.18036580000000188
2018-08-21 18:00:00,0.11697500000000187
2018-08-21 18:15:00,0.054004200000001855
2018-08-21 18:30:00,1.84297022087776e-15
2018-08-21 18:45:00,1.84297022087776e-15
2018-08-21 19:00:00,1.84297022087776e-15
2018-08-21 19:15:00,0.055215800000001855
2018-08-21 19:30:00,0.10253660000000187
2018-08-21 19:45:00,0.14991080000000187
2018-08-21 20:00:00,0.1954450000000019
2018-08-21 20:15:00,0.2367492000000019
2018-08-21 20:30:00,0.2782700000000019
2018-08-21 20:45:00,0.31856920000000194
2018-08-21 21:00:00,0.35900340000000197
2018-08-21 21:15:00,0.39887260000000196
2018-08-21 21:30:00,0.4374084000000019
2018-08-21 21:45:00,0.41203680000000187
2018-08-21 22:00:00,0.3851202000000019
2018-08-21 22:15:00,0.3575852000000018
2018-08-21 22:30:00,0.33147520000000186
2018-08-21 22:45:00,0.3057952000000019
2018-08-21 23:00:00,0.2736402000000019
2018-08-21 23:15:00,0.24102180000000187
2018-08-21 23:30:00,0.20607680000000186
2018-08-21 23:45:00,0.17126680000000186
2018-08-22 00:00:00,0.13554020000000183
2018-08-22 00:15:00,0.10668020000000182
2018-08-22 00:30:00,0.08698020000000181
2018-08-22 00:45:00,0.06756520000000181
2018-08-22 01:00:00,0.04814100000000181
2018-08-22 01:15:00,0.03251680000000181
2018-08-22 01:30:00,0.02315100000000181
2018-08-22 01:45:00,0.015470200000001808
2018-08-22 02:00:00,0.009981000000001808
2018-08-22 02:15:00,0.004921800000001807
2018-08-22 02:30:00,0.002112600000001807
2018-08-22 02:45:00,0.001128400000001807
2018-08-22 03:00:00,0.0004242000000018069
2018-08-22 03:15:00,1.806887972577442e-15
2018-08-22 03:30:00,1.806887972577442e-15
2018-08-22 03:45:00,1.806887972577442e-15
2018-08-22 04:00:00,1.806887972577442e-15
2018-08-22 04:15:00,1.806887972577442e-15
2018-08-22 04:30:00,1.806887972577442e-15
2018-08-22 04:45:00,1.806887972577442e-15
2018-08-22 05:00:00,1.806887972577442e-15
2018-08-22 05:15:00,1.806887972577442e-15
2018-08-22 05:30:00,1.806887972577442e-15
2018-08-22 05:45:00,1.806887972577442e-15
2018-08-22 06:00:00,1.806887972577442e-15
2018-08-22 06:15:00,1.806887972577442e-15
2018-08-22 06:30:00,1.806887972577442e-15
2018-08-22 06:45:00,1.806887972577442e-15
2018-08-22 07:00:00,1.806887972577442e-15
2018-08-22 07:15:00,1.806887972577442e-15
2018-08-22 07:30:00,1.806887972577442e-15
2018-08-22 07:45:00,1.806887972577442e-15
2018-08-22 08:00:00,1.806887972577442e-15
2018-08-22 08:15:00,1.806887972577442e-15
2018-08-22 08:30:00,1.806887972577442e-15
2018-08-22 08:45:00,1.806887972577442e-15
2018-08-22 09:00:00,1.806887972577442e-15
2018-08-22 09:15:00,1.806887972577442e-15
2018-08-22 09:30:00,1.806887972577442e-15
2018-08-22 09:45:00,1.806887972577442e-15
2018-08-22 10:00:00,1.806887972577442e-15
2018-08-22 10:15:00,1.806887972577442e-15
2018-08-22 10:30:00,1.806887972577442e-15
2018-08-22 10:45:00,1.806887972577442e-15
2018-08-22 11:00:00,1.806887972577442e-15
2018-08-22 11:15:00,1.806887972577442e-15
2018-08-22 11:30:00,1.806887972577442e-15
2018-08-22 11:45:00,1.806887972577442e-15
2018-08-22 12:00:00,1.806887972577442e-15
2018-08-22 12:15:00,1.806887972577442e-15
2018-08-22 12:30:00,1.806887972577442e-15
2018-08-22 12:45:00,1.806887972577442e-15
2018-08-22 13:00:00,1.806887972577442e-15
2018-08-22 13:15:00,0.06762080000000183
2018-08-22 13:30:00,0.06762080000000183
2018-08-22 13:45:00,0.14707160000000183
2018-08-22 14:00:00,0.14707160000000183
2018-08-22 14:15:00,0.23823240000000184
2018-08-22 14:30:00,0.33563660000000184
2018-08-22 14:45:00,0.4400558000000019
2018-08-22 15:00:00,0.551031600000002
2018-08-22 15:15:00,0.666962400000002
2018-08-22 15:30:00,0.787553200000002
2018-08-22 15:45:00,0.845521600000002
2018-08-22 16:00:00,0.9761374000000019
2018-08-22 16:15:00,1.0309774000000018
2018-08-22 16:30:00,1.1690832000000018
2018-08-22 16:45:00,1.2208616000000019
2018-08-22 17:00:00,1.269978200000002
2018-08-22 17:15:00,1.3151748000000016
2018-08-22 17:30:00,1.3560648000000017
2018-08-22 17:45:00,1.394023200000002
2018-08-22 18:00:00,1.4293016000000018
2018-08-22 18:15:00,1.458481600000002
2018-08-22 18:30:00,1.483460000000002
2018-08-22 18:45:00,1.5057234000000022
2018-08-22 19:00:00,1.5233468000000019
2018-08-22 19:15:00,1.5360018000000022
2018-08-22 19:30:00,1.544596800000002
2018-08-22 19:45:00,1.5486152000000024
2018-08-22 20:00:00,1.5473802000000023
2018-08-22 20:15:00,1.3934910000000023
2018-08-22 20:30:00,1.237621800000002
2018-08-22 20:45:00,1.082852600000002
2018-08-22 21:00:00,0.9272584000000021
2018-08-22 21:15:00,0.7707042000000021
2018-08-22 21:30:00,0.614975000000002
2018-08-22 21:45:00,0.45938080000000203
2018-08-22 22:00:00,0.30426500000000206
2018-08-22 22:15:00,0.150630800000002
2018-08-22 22:30:00,1.9984014443252818e-15
2018-08-22 22:45:00,1.9984014443252818e-15
2018-08-22 23:00:00,1.9984014443252818e-15
2018-08-22 23:15:00,1.9984014443252818e-15
2018-08-22 23:30:00,1.9984014443252818e-15
2018-08-22 23:45:00,1.9984014443252818e-15
2018-08-23 00:00:00,1.9984014443252818e-15
2018-08-23 00:15:00,1.9984014443252818e-15
2018-08-23 00:30:00,1.9984014443252818e-15
2018-08-23 00:45:00,1.9984014443252818e-15
2018-08-23 01:00:00,1.9984014443252818e-15
2018-08-23 01:15:00,1.9984014443252818e-15
2018-08-23 01:30:00,1.9984014443252818e-15
2018-08-23 01:45:00,1.9984014443252818e-15
2018-08-23 02:00:00,1.9984014443252818e-15
2018-08-23 02:15:00,1.9984014443252818e-15
2018-08-23 02:30:00,1.9984014443252818e-15
2018-08-23 02:45:00,1.9984014443252818e-15
2018-08-23 03:00:00,1.9984014443252818e-15
2018-08-23 03:15:00,1.9984014443252818e-15
2018-08-23 03:30:00,1.9984014443252818e-15
2018-08-23 03:45:00,1.9984014443252818e-15
2018-08-23 04:00:00,1.9984014443252818e-15
2018-08-23 04:15:00,1.9984014443252818e-15
2018-08-23 04:30:00,1.9984014443252818e-15
2018-08-23 04:45:00,1.9984014443252818e-15
2018-08-23 05:00:00,1.9984014443252818e-15
2018-08-23 05:15:00,1.9984014443252818e-15
2018-08-23 05:30:00,1.9984014443252818e-15
2018-08-23 05:45:00,1.9984014443252818e-15
2018-08-23 06:00:00,1.9984014443252818e-15
2018-08-23 06:15:00,1.9984014443252818e-15
2018-08-23 06:30:00,1.9984014443252818e-15
2018-08-23 06:45:00,1.9984014443252818e-15
2018-08-23 07:00:00,1.9984014443252818e-15
2018-08-23 07:15:00,1.9984014443252818e-15
2018-08-23 07:30:00,1.9984014443252818e-15
2018-08-23 07:45:00,1.9984014443252818e-15
2018-08-23 08:00:00,1.9984014443252818e-15
2018-08-23 08:15:00,1.9984014443252818e-15
2018-08-23 08:30:00,1.9984014443252818e-15
2018-08-23 08:45:00,1.9984014443252818e-15
2018-08-23 09:00:00,1.9984014443252818e-15
2018-08-23 09:15:00,1.9984014443252818e-15
2018-08-23 09:30:00,1.9984014443252818e-15
2018-08-23 09:45:00,1.9984014443252818e-15
2018-08-23 10:00:00,1.9984014443252818e-15
2018-08-23 10:15:00,1.9984014443252818e-15
2018-08-23 10:30:00,1.9984014443252818e-15
2018-08-23 10:45:00,1.9984014443252818e-15
2018-08-23 11:00:00,1.9984014443252818e-15
2018-08-23 11:15:00,1.9984014443252818e-15
2018-08-23 11:30:00,1.9984014443252818e-15
2018-08-23 11:45:00,1.9984014443252818e-15
2018-08-23 12:00:00,1.9984014443252818e-15
2018-08-23 12:15:00,1.9984014443252818e-15
2018-08-23 12:30:00,0.06622080000000201
2018-08-23 12:45:00,0.06622080000000201
2018-08-23 13:00:00,0.06622080000000201
2018-08-23 13:15:00,0.06622080000000201
2018-08-23 13:30:00,0.14109000000000202
2018-08-23 13:45:00,0.14109000000000202
2018-08-23 14:00:00,0.21632580000000204
2018-08-23 14:15:00,0.29429000000000205
2018-08-23 14:30:00,0.37888920000000204
2018-08-23 14:45:00,0.37888920000000204
2018-08-23 15:00:00,0.40242920000000204
2018-08-23 15:15:00,0.493653400000002
2018-08-23 15:30:00,0.588434200000002
2018-08-23 15:45:00,0.685940000000002
2018-08-23 16:00:00,0.727596600000002
2018-08-23 16:15:00,0.727596600000002
2018-08-23 16:30:00,0.652360800000002
2018-08-23 16:45:00,0.737530800000002
2018-08-23 17:00:00,0.817170800000002
2018-08-23 17:15:00,0.9830800000000022
2018-08-23 17:30:00,1.0622684000000022
2018-08-23 17:45:00,1.1396750000000022
2018-08-23 18:00:00,1.2141184000000023
2018-08-23 18:15:00,1.2859284000000022
