Timestamp (UTC),Level (m),Velocity (m/s),Discharge (m^3/s),Discharge smoothed (m^3/s)
2018-08-18 22:00:00,0.19600,0.23800,0.42700,0.56421
2018-08-18 22:01:00,0.27100,0.23700,0.58900,0.56278
2018-08-18 22:02:00,0.28000,0.23700,0.60700,0.56138
2018-08-18 22:03:00,0.28100,0.23600,0.60700,0.55999
2018-08-18 22:04:00,0.31900,0.23600,0.68900,0.55862
2018-08-18 22:05:00,0.24100,0.23600,0.51800,0.55727
2018-08-18 22:06:00,0.24900,0.23600,0.53700,0.55594
2018-08-18 22:07:00,0.22400,0.23500,0.48000,0.55463
2018-08-18 22:08:00,0.32900,0.23400,0.70300,0.55334
2018-08-18 22:09:00,0.22000,0.23400,0.46900,0.55207
2018-08-18 22:10:00,0.28800,0.23400,0.61500,0.55081
2018-08-18 22:11:00,0.26100,0.23300,0.55600,0.54958
2018-08-18 22:13:00,0.29100,0.23300,0.61800,0.54836
2018-08-18 22:14:00,0.21200,0.23200,0.44900,0.54716
2018-08-18 22:15:00,0.26900,0.23200,0.56900,0.54598
2018-08-18 22:16:00,0.20500,0.23100,0.43100,0.54482
2018-08-18 22:17:00,0.26700,0.23100,0.56100,0.54368
2018-08-18 22:19:00,0.26400,0.23100,0.55400,0.54256
2018-08-18 22:20:00,0.27500,0.23000,0.57500,0.54146
2018-08-18 22:21:00,0.26100,0.23000,0.54600,0.54037
2018-08-18 22:22:00,0.25900,0.22900,0.54000,0.53931
2018-08-18 22:23:00,0.22100,0.22900,0.46100,0.53826
2018-08-18 22:25:00,0.26300,0.22800,0.54400,0.53723
2018-08-18 22:26:00,0.21500,0.22800,0.44500,0.53622
2018-08-18 22:27:00,0.27400,0.22800,0.56600,0.53524
2018-08-18 22:28:00,0.22200,0.22700,0.45800,0.53427
2018-08-18 22:29:00,0.26200,0.22700,0.53900,0.53331
2018-08-18 22:30:00,0.22000,0.22600,0.45100,0.53238
2018-08-18 22:31:00,0.28100,0.22600,0.57400,0.53147
2018-08-18 22:32:00,0.26100,0.22500,0.53300,0.53057
2018-08-18 22:33:00,0.22800,0.22500,0.46500,0.52970
2018-08-18 22:34:00,0.27400,0.22500,0.55900,0.52884
2018-08-18 22:35:00,0.23100,0.22400,0.46800,0.52801
2018-08-18 22:36:00,0.30400,0.22400,0.61600,0.52719
2018-08-18 22:37:00,0.26700,0.22400,0.53900,0.52639
2018-08-18 22:38:00,0.30600,0.22300,0.61700,0.52561
2018-08-18 22:39:00,0.31600,0.22300,0.63600,0.52049
2018-08-18 22:40:00,0.24000,0.22200,0.48200,0.51944
2018-08-18 22:41:00,0.29800,0.22200,0.59600,0.51726
2018-08-18 22:42:00,0.26900,0.22200,0.53600,0.51817
2018-08-18 22:43:00,0.24000,0.22100,0.47800,0.52218
2018-08-18 22:44:00,0.22700,0.22100,0.45300,0.52058
2018-08-18 22:45:00,0.26700,0.22100,0.53200,0.51980
2018-08-18 22:46:00,0.30300,0.22100,0.60100,0.51871
2018-08-18 22:47:00,0.23000,0.22100,0.45700,0.52439
2018-08-18 22:49:00,0.32100,0.21900,0.63500,0.52085
2018-08-18 22:50:00,0.29900,0.21900,0.58800,0.52263
2018-08-18 22:51:00,0.29500,0.21900,0.58000,0.52444
2018-08-18 22:52:00,0.21500,0.21900,0.42300,0.52751
2018-08-18 22:53:00,0.25000,0.21800,0.48900,0.52580
2018-08-18 22:54:00,0.26200,0.21700,0.51100,0.52349
2018-08-18 22:55:00,0.27600,0.21800,0.53900,0.51891
2018-08-18 22:56:00,0.24800,0.21700,0.48400,0.51847
2018-08-18 22:57:00,0.25700,0.21700,0.50000,0.51861
2018-08-18 22:58:00,0.23600,0.21700,0.45900,0.51742
2018-08-18 22:59:00,0.28800,0.21700,0.56000,0.51729
2018-08-18 23:00:00,0.25700,0.21600,0.49800,0.52094
2018-08-18 23:01:00,0.27200,0.21600,0.52800,0.51834
2018-08-18 23:02:00,0.29100,0.21500,0.56200,0.51884
2018-08-18 23:03:00,0.29400,0.21500,0.56600,0.51841
2018-08-18 23:04:00,0.20500,0.21400,0.39300,0.51758
2018-08-18 23:05:00,0.17600,0.21400,0.33700,0.51520
2018-08-18 23:06:00,0.23300,0.21400,0.44700,0.51453
2018-08-18 23:07:00,0.30900,0.21400,0.59000,0.51094
2018-08-18 23:08:00,0.25300,0.21400,0.48400,0.50998
2018-08-18 23:09:00,0.29200,0.21400,0.55900,0.50957
2018-08-18 23:10:00,0.24600,0.21300,0.46900,0.50599
2018-08-18 23:11:00,0.24800,0.21300,0.47200,0.50587
2018-08-18 23:12:00,0.29700,0.21300,0.56400,0.50397
2018-08-18 23:13:00,0.30900,0.21300,0.58700,0.50487
2018-08-18 23:14:00,0.28000,0.21300,0.53300,0.50354
2018-08-18 23:15:00,0.30300,0.21200,0.57400,0.50469
2018-08-18 23:16:00,0.28800,0.21200,0.54400,0.50900
2018-08-18 23:17:00,0.33500,0.21200,0.63300,0.50761
2018-08-18 23:18:00,0.26600,0.21200,0.50300,0.50948
2018-08-18 23:19:00,0.23800,0.21100,0.44700,0.50547
2018-08-18 23:20:00,0.29100,0.21100,0.54800,0.50484
2018-08-18 23:21:00,0.28300,0.21000,0.53000,0.50618
2018-08-18 23:22:00,0.25700,0.21000,0.48200,0.50861
2018-08-18 23:23:00,0.20400,0.21000,0.38100,0.51152
2018-08-18 23:24:00,0.31300,0.21000,0.58600,0.51197
2018-08-18 23:25:00,0.25900,0.21000,0.48500,0.51575
2018-08-18 23:26:00,0.22800,0.20900,0.42400,0.51684
2018-08-18 23:27:00,0.22700,0.20900,0.42200,0.52084
2018-08-18 23:28:00,0.25400,0.20800,0.47100,0.51946
2018-08-18 23:29:00,0.33600,0.20800,0.62200,0.52181
2018-08-18 23:30:00,0.32500,0.20800,0.60200,0.52350
2018-08-18 23:31:00,0.29300,0.20700,0.54000,0.52413
2018-08-18 23:32:00,0.27700,0.20800,0.51100,0.52486
2018-08-18 23:33:00,0.32900,0.20800,0.60700,0.52517
2018-08-18 23:34:00,0.29500,0.20700,0.54100,0.52569
2018-08-18 23:35:00,0.19000,0.20700,0.34900,0.52733
2018-08-18 23:36:00,0.30200,0.20700,0.55300,0.52876
2018-08-18 23:37:00,0.26700,0.20600,0.48800,0.53097
2018-08-18 23:38:00,0.22900,0.20700,0.42000,0.53480
2018-08-18 23:39:00,0.30200,0.20700,0.55400,0.53520
2018-08-18 23:40:00,0.28400,0.20700,0.52100,0.53571
2018-08-18 23:41:00,0.28400,0.20600,0.51900,0.53274
2018-08-18 23:42:00,0.31400,0.20500,0.56900,0.53291
2018-08-18 23:43:00,0.31800,0.20400,0.57400,0.53412
2018-08-18 23:44:00,0.28300,0.20500,0.51500,0.53449
2018-08-18 23:45:00,0.32900,0.20600,0.59900,0.53743
2018-08-18 23:46:00,0.29600,0.20400,0.53500,0.53674
2018-08-18 23:47:00,0.29400,0.20300,0.52800,0.53613
2018-08-18 23:48:00,0.30400,0.20400,0.54900,0.53594
2018-08-18 23:49:00,0.32700,0.20400,0.59200,0.53747
2018-08-18 23:50:00,0.31700,0.20300,0.56900,0.53807
2018-08-18 23:51:00,0.25200,0.20300,0.45200,0.53861
2018-08-18 23:52:00,0.31900,0.20300,0.57200,0.54048
2018-08-18 23:53:00,0.30100,0.20300,0.54000,0.54351
2018-08-18 23:54:00,0.43700,0.20300,0.78400,0.54437
2018-08-18 23:55:00,0.32700,0.20300,0.58700,0.54184
2018-08-18 23:56:00,0.25900,0.20200,0.46100,0.54286
2018-08-18 23:57:00,0.26700,0.20200,0.47600,0.54349
2018-08-18 23:58:00,0.29600,0.20100,0.52500,0.54346
2018-08-18 23:59:00,0.28000,0.20100,0.49700,0.54041
2018-08-19 00:00:00,0.29300,0.20100,0.51800,0.54101
2018-08-19 00:01:00,0.34800,0.20100,0.61800,0.53951
2018-08-19 00:02:00,0.27300,0.20200,0.48500,0.53696
2018-08-19 00:03:00,0.32900,0.20100,0.58100,0.53189
2018-08-19 00:04:00,0.26100,0.20100,0.46200,0.52829
2018-08-19 00:05:00,0.28600,0.20100,0.50600,0.52781
2018-08-19 00:06:00,0.33400,0.20000,0.58800,0.52821
2018-08-19 00:07:00,0.30100,0.20000,0.53200,0.52598
2018-08-19 00:08:00,0.32100,0.20100,0.56700,0.52615
2018-08-19 00:09:00,0.29500,0.19800,0.51200,0.52641
2018-08-19 00:10:00,0.32000,0.19900,0.55900,0.52622
2018-08-19 00:11:00,0.29200,0.19900,0.50900,0.51912
2018-08-19 00:12:00,0.28300,0.20000,0.49700,0.51687
2018-08-19 00:13:00,0.25700,0.19900,0.45000,0.51250
2018-08-19 00:14:00,0.35500,0.20000,0.62400,0.50854
2018-08-19 00:15:00,0.25400,0.19800,0.44000,0.50865
2018-08-19 00:16:00,0.29800,0.19900,0.52000,0.50419
2018-08-19 00:17:00,0.26200,0.19800,0.45700,0.49639
2018-08-19 00:18:00,0.31100,0.20000,0.54600,0.49331
2018-08-19 00:19:00,0.27600,0.19800,0.47900,0.49417
2018-08-19 00:20:00,0.24200,0.19800,0.42100,0.49020
2018-08-19 00:21:00,0.28500,0.19700,0.49100,0.48796
2018-08-19 00:22:00,0.27700,0.19600,0.47700,0.48523
2018-08-19 00:23:00,0.31900,0.19600,0.54600,0.48300
2018-08-19 00:24:00,0.29000,0.19500,0.49400,0.48390
2018-08-19 00:25:00,0.28200,0.19600,0.48400,0.48437
2018-08-19 00:26:00,0.30700,0.19700,0.53000,0.48531
2018-08-19 00:27:00,0.25500,0.19600,0.43700,0.48142
2018-08-19 00:28:00,0.27600,0.19500,0.47100,0.48008
2018-08-19 00:29:00,0.25900,0.19500,0.44200,0.47866
2018-08-19 00:30:00,0.31400,0.19500,0.53600,0.48328
2018-08-19 00:31:00,0.27300,0.19400,0.46300,0.48429
2018-08-19 00:32:00,0.26900,0.19500,0.45900,0.48238
2018-08-19 00:33:00,0.25400,0.19400,0.43000,0.48027
2018-08-19 00:34:00,0.26500,0.19400,0.44900,0.47960
2018-08-19 00:35:00,0.27800,0.19400,0.46900,0.48145
2018-08-19 00:36:00,0.27400,0.19400,0.46300,0.47988
2018-08-19 00:37:00,0.25700,0.19300,0.43300,0.48108
2018-08-19 00:38:00,0.31700,0.19300,0.53300,0.47958
2018-08-19 00:39:00,0.29800,0.19300,0.50300,0.48160
2018-08-19 00:40:00,0.30500,0.19200,0.50900,0.47961
2018-08-19 00:41:00,0.27100,0.19300,0.45600,0.47988
2018-08-19 00:42:00,0.31100,0.19300,0.52300,0.48095
2018-08-19 00:43:00,0.22400,0.19200,0.37300,0.48164
2018-08-19 00:44:00,0.27300,0.19300,0.45800,0.48230
2018-08-19 00:45:00,0.24800,0.19100,0.41200,0.48368
2018-08-19 00:46:00,0.31800,0.19200,0.53300,0.48631
2018-08-19 00:47:00,0.30100,0.19100,0.50000,0.48710
2018-08-19 00:48:00,0.32500,0.19000,0.53800,0.48799
2018-08-19 00:49:00,0.26400,0.19100,0.44000,0.48758
2018-08-19 00:50:00,0.21800,0.19100,0.36300,0.49135
2018-08-19 00:51:00,0.32600,0.19100,0.54200,0.49122
2018-08-19 00:52:00,0.43100,0.19100,0.71700,0.49254
2018-08-19 00:53:00,0.34000,0.19100,0.56700,0.49311
2018-08-19 00:54:00,0.23600,0.19000,0.39000,0.49388
2018-08-19 00:55:00,0.33900,0.19000,0.55900,0.49465
2018-08-19 00:56:00,0.34900,0.19000,0.57700,0.49402
2018-08-19 00:57:00,0.32900,0.19200,0.55200,0.49438
2018-08-19 00:58:00,0.32000,0.19100,0.52900,0.49426
2018-08-19 00:59:00,0.24400,0.18900,0.40000,0.49522
2018-08-19 01:00:00,0.28300,0.18800,0.46200,0.49267
2018-08-19 01:01:00,0.25600,0.18900,0.41800,0.49403
2018-08-19 01:02:00,0.32000,0.18900,0.52600,0.49924
2018-08-19 01:03:00,0.33000,0.18600,0.53000,0.50058
2018-08-19 01:04:00,0.31300,0.18900,0.51200,0.50301
2018-08-19 01:05:00,0.30600,0.18700,0.49300,0.50458
2018-08-19 01:06:00,0.30000,0.18900,0.49200,0.50741
2018-08-19 01:07:00,0.31200,0.18800,0.50800,0.50795
2018-08-19 01:08:00,0.32600,0.18800,0.53100,0.50848
2018-08-19 01:09:00,0.32200,0.18600,0.51600,0.50955
2018-08-19 01:10:00,0.22500,0.18600,0.36200,0.50937
2018-08-19 01:11:00,0.33400,0.18700,0.54000,0.51239
2018-08-19 01:12:00,0.32100,0.18800,0.52400,0.51245
2018-08-19 01:13:00,0.33300,0.18500,0.53100,0.51248
2018-08-19 01:14:00,0.28600,0.18800,0.46600,0.51388
2018-08-19 01:15:00,0.34000,0.18500,0.54100,0.51359
2018-08-19 01:16:00,0.29700,0.18700,0.47900,0.51467
2018-08-19 01:17:00,0.32900,0.18700,0.53200,0.51514
2018-08-19 01:18:00,0.31500,0.18600,0.50600,0.51765
2018-08-19 01:19:00,0.34600,0.18600,0.55600,0.51366
2018-08-19 01:20:00,0.29600,0.18600,0.47600,0.51247
2018-08-19 01:21:00,0.29300,0.18500,0.46700,0.51069
2018-08-19 01:22:00,0.31800,0.18600,0.50900,0.51083
2018-08-19 01:23:00,0.30600,0.18700,0.49500,0.51083
2018-08-19 01:24:00,0.31400,0.18700,0.50800,0.51158
2018-08-19 01:25:00,0.30800,0.18500,0.49200,0.50982
2018-08-19 01:26:00,0.31300,0.18500,0.49800,0.50412
2018-08-19 01:27:00,0.32300,0.18300,0.51000,0.50169
2018-08-19 01:28:00,0.30200,0.18500,0.48200,0.50477
2018-08-19 01:29:00,0.35700,0.18500,0.56800,0.50447
2018-08-19 01:30:00,0.32300,0.18400,0.51000,0.50059
2018-08-19 01:31:00,0.32500,0.18400,0.51500,0.50130
2018-08-19 01:32:00,0.34000,0.18400,0.53700,0.50411
2018-08-19 01:33:00,0.34600,0.18500,0.55100,0.50243
2018-08-19 01:34:00,0.36700,0.18400,0.58100,0.50250
2018-08-19 01:35:00,0.46000,0.18200,0.72000,0.50095
2018-08-19 01:36:00,0.34200,0.18400,0.54200,0.49858
2018-08-19 01:37:00,0.25600,0.18300,0.40300,0.49705
2018-08-19 01:38:00,0.30800,0.18300,0.48300,0.49557
2018-08-19 01:39:00,0.29200,0.18200,0.45500,0.49627
2018-08-19 01:40:00,0.29000,0.18200,0.45400,0.49450
2018-08-19 01:41:00,0.30600,0.18400,0.48300,0.49212
2018-08-19 01:42:00,0.33000,0.18300,0.51800,0.49279
2018-08-19 01:43:00,0.32400,0.18400,0.51200,0.49312
2018-08-19 01:44:00,0.28500,0.18200,0.44600,0.49215
2018-08-19 01:45:00,0.32700,0.18300,0.51300,0.49286
2018-08-19 01:46:00,0.23600,0.18100,0.36700,0.48931
2018-08-19 01:47:00,0.31200,0.18100,0.48600,0.48996
2018-08-19 01:48:00,0.28600,0.18100,0.44500,0.48890
2018-08-19 01:49:00,0.30100,0.18200,0.47200,0.48790
2018-08-19 01:50:00,0.33900,0.18100,0.52400,0.48507
2018-08-19 01:51:00,0.29900,0.18200,0.46600,0.48435
2018-08-19 01:52:00,0.27800,0.18100,0.43200,0.48346
2018-08-19 01:53:00,0.25200,0.18100,0.38900,0.48296
2018-08-19 01:54:00,0.34400,0.18100,0.53400,0.48164
2018-08-19 01:55:00,0.30700,0.18100,0.47600,0.48207
2018-08-19 01:56:00,0.28800,0.18000,0.44300,0.47740
2018-08-19 01:57:00,0.29900,0.18100,0.46300,0.47593
2018-08-19 01:58:00,0.28300,0.17900,0.43200,0.47520
2018-08-19 01:59:00,0.27700,0.18100,0.42800,0.47458
2018-08-19 02:00:00,0.28600,0.17900,0.43800,0.47054
2018-08-19 02:01:00,0.34700,0.18000,0.53300,0.47030
2018-08-19 02:02:00,0.36600,0.17800,0.55700,0.47088
2018-08-19 02:03:00,0.32000,0.18000,0.49400,0.47016
2018-08-19 02:04:00,0.34100,0.18000,0.52600,0.46800
2018-08-19 02:05:00,0.33400,0.18100,0.52000,0.46837
2018-08-19 02:06:00,0.30600,0.17900,0.46800,0.46822
2018-08-19 02:07:00,0.25100,0.18000,0.38800,0.46740
2018-08-19 02:08:00,0.37900,0.18000,0.58400,0.46699
2018-08-19 02:09:00,0.31900,0.18000,0.49100,0.46618
2018-08-19 02:10:00,0.28700,0.17600,0.43000,0.46642
2018-08-19 02:11:00,0.33800,0.17900,0.51900,0.47084
2018-08-19 02:12:00,0.28000,0.17800,0.42500,0.47160
2018-08-19 02:13:00,0.34800,0.17700,0.52400,0.46994
2018-08-19 02:14:00,0.28100,0.17800,0.42800,0.47023
2018-08-19 02:15:00,0.34900,0.17800,0.52800,0.46853
2018-08-19 02:16:00,0.36000,0.17800,0.54500,0.46763
2018-08-19 02:17:00,0.26000,0.17900,0.39700,0.46583
2018-08-19 02:18:00,0.27300,0.17900,0.41800,0.46409
2018-08-19 02:19:00,0.32800,0.17900,0.50200,0.46513
2018-08-19 02:20:00,0.27100,0.17700,0.40700,0.46404
2018-08-19 02:21:00,0.29200,0.17600,0.43800,0.46568
2018-08-19 02:22:00,0.26700,0.17700,0.40200,0.46396
2018-08-19 02:23:00,0.31100,0.17600,0.46500,0.46316
2018-08-19 02:24:00,0.31100,0.17800,0.47200,0.46197
2018-08-19 02:25:00,0.32600,0.17800,0.49500,0.46076
2018-08-19 02:26:00,0.31500,0.17700,0.47200,0.46163
2018-08-19 02:27:00,0.27500,0.17700,0.41500,0.46095
2018-08-19 02:28:00,0.29300,0.17800,0.44500,0.46108
2018-08-19 02:29:00,0.30300,0.17700,0.45800,0.46017
2018-08-19 02:30:00,0.28100,0.17800,0.42600,0.46178
2018-08-19 02:31:00,0.39800,0.17600,0.59600,0.46124
2018-08-19 02:32:00,0.29600,0.17500,0.43900,0.46212
2018-08-19 02:33:00,0.29400,0.17600,0.44100,0.46279
2018-08-19 02:34:00,0.27600,0.17700,0.41700,0.46054
2018-08-19 02:35:00,0.40200,0.17500,0.59800,0.45878
2018-08-19 02:36:00,0.27200,0.17700,0.40800,0.45630
2018-08-19 02:37:00,0.24500,0.17500,0.36400,0.45487
2018-08-19 02:38:00,0.28800,0.17500,0.42900,0.45825
2018-08-19 02:39:00,0.30900,0.17800,0.46800,0.45816
2018-08-19 02:40:00,0.29300,0.17500,0.43700,0.45891
2018-08-19 02:41:00,0.27000,0.17600,0.40500,0.45999
2018-08-19 02:42:00,0.29500,0.17600,0.44000,0.45857
2018-08-19 02:43:00,0.29800,0.17600,0.44500,0.45550
2018-08-19 02:44:00,0.32900,0.17500,0.48800,0.45579
2018-08-19 02:45:00,0.32800,0.17400,0.48300,0.45541
2018-08-19 02:46:00,0.30300,0.17500,0.45000,0.45358
2018-08-19 02:47:00,0.31300,0.17600,0.46700,0.45417
2018-08-19 02:48:00,0.29700,0.17500,0.44200,0.45171
2018-08-19 02:49:00,0.28700,0.17400,0.42200,0.45235
2018-08-19 02:50:00,0.33000,0.17400,0.48700,0.45222
2018-08-19 02:51:00,0.30500,0.17300,0.44700,0.45468
2018-08-19 02:52:00,0.35400,0.17400,0.52200,0.45502
2018-08-19 02:53:00,0.38600,0.17400,0.57000,0.45381
2018-08-19 02:54:00,0.30400,0.17300,0.44600,0.45265
2018-08-19 02:55:00,0.32700,0.17400,0.48200,0.45124
2018-08-19 02:56:00,0.28500,0.17400,0.42000,0.44926
2018-08-19 02:57:00,0.28900,0.17300,0.42300,0.44806
2018-08-19 02:58:00,0.33300,0.17400,0.49200,0.44598
2018-08-19 02:59:00,0.32300,0.17300,0.47200,0.44433
2018-08-19 03:00:00,0.33800,0.17500,0.50200,0.44463
2018-08-19 03:01:00,0.31400,0.17400,0.46200,0.44477
2018-08-19 03:02:00,0.32800,0.17400,0.48300,0.44478
2018-08-19 03:03:00,0.27500,0.17400,0.40500,0.44192
2018-08-19 03:04:00,0.26800,0.17400,0.39400,0.44011
2018-08-19 03:05:00,0.28100,0.17300,0.41100,0.43849
2018-08-19 03:06:00,0.31100,0.17300,0.45600,0.43636
2018-08-19 03:07:00,0.23600,0.17400,0.34700,0.43953
2018-08-19 03:08:00,0.24400,0.17400,0.36000,0.43981
2018-08-19 03:09:00,0.31400,0.17200,0.45800,0.44120
2018-08-19 03:10:00,0.28700,0.17500,0.42400,0.44082
2018-08-19 03:11:00,0.31600,0.17200,0.46100,0.44254
2018-08-19 03:12:00,0.35400,0.17200,0.51400,0.44206
2018-08-19 03:13:00,0.21600,0.17300,0.31600,0.43995
2018-08-19 03:14:00,0.28500,0.17200,0.41400,0.43867
2018-08-19 03:15:00,0.27700,0.17300,0.40700,0.43727
2018-08-19 03:16:00,0.26100,0.17500,0.38700,0.43668
2018-08-19 03:17:00,0.31000,0.17300,0.45400,0.43564
2018-08-19 03:18:00,0.30900,0.17200,0.44900,0.43418
2018-08-19 03:19:00,0.33600,0.17300,0.49300,0.43331
2018-08-19 03:20:00,0.30800,0.17200,0.44600,0.43588
2018-08-19 03:21:00,0.30700,0.17500,0.45500,0.43653
2018-08-19 03:22:00,0.29400,0.17300,0.43100,0.43504
2018-08-19 03:23:00,0.33100,0.17300,0.48600,0.43649
2018-08-19 03:24:00,0.30200,0.17300,0.44300,0.43616
2018-08-19 03:25:00,0.26400,0.17100,0.38200,0.43435
2018-08-19 03:26:00,0.24000,0.17300,0.35200,0.43572
2018-08-19 03:27:00,0.32400,0.17400,0.47700,0.43542
2018-08-19 03:28:00,0.27800,0.17200,0.40500,0.43637
2018-08-19 03:29:00,0.28700,0.17100,0.41300,0.43934
2018-08-19 03:30:00,0.35200,0.17200,0.51300,0.43888
2018-08-19 03:31:00,0.31000,0.17300,0.45100,0.43842
2018-08-19 03:32:00,0.30600,0.17100,0.44200,0.43760
2018-08-19 03:33:00,0.30700,0.17100,0.44300,0.43754
2018-08-19 03:34:00,0.33600,0.17200,0.48600,0.43771
2018-08-19 03:35:00,0.27700,0.17200,0.40300,0.43810
2018-08-19 03:36:00,0.30200,0.17100,0.43500,0.43957
2018-08-19 03:37:00,0.29200,0.17100,0.42100,0.44123
2018-08-19 03:38:00,0.34400,0.17200,0.50100,0.44317
2018-08-19 03:39:00,0.34000,0.17000,0.48600,0.44304
2018-08-19 03:40:00,0.34100,0.17300,0.49700,0.44107
2018-08-19 03:41:00,0.34400,0.17100,0.49500,0.43933
2018-08-19 03:42:00,0.29600,0.17100,0.42500,0.44010
2018-08-19 03:43:00,0.28200,0.17200,0.41000,0.43906
2018-08-19 03:44:00,0.24200,0.17100,0.35000,0.43702
2018-08-19 03:45:00,0.27200,0.17300,0.39700,0.43700
2018-08-19 03:46:00,0.33700,0.17200,0.48800,0.43705
2018-08-19 03:47:00,0.28500,0.17100,0.41100,0.43715
2018-08-19 03:48:00,0.30100,0.17100,0.43300,0.43835
2018-08-19 03:49:00,0.31300,0.17100,0.45200,0.43497
2018-08-19 03:50:00,0.34500,0.17200,0.50200,0.43284
2018-08-19 03:51:00,0.30300,0.17100,0.43700,0.43174
2018-08-19 03:52:00,0.29400,0.17000,0.42100,0.43092
2018-08-19 03:53:00,0.32900,0.17100,0.47300,0.43065
2018-08-19 03:54:00,0.31300,0.17200,0.45200,0.42935
2018-08-19 03:55:00,0.22900,0.17000,0.32800,0.43058
2018-08-19 03:56:00,0.28500,0.17000,0.40900,0.42986
2018-08-19 03:57:00,0.33300,0.17100,0.48100,0.42858
2018-08-19 03:58:00,0.24600,0.17200,0.35800,0.42891
2018-08-19 03:59:00,0.28800,0.17000,0.41100,0.43018
2018-08-19 04:00:00,0.31800,0.17100,0.45900,0.43091
2018-08-19 04:01:00,0.26000,0.17000,0.37200,0.42927
2018-08-19 04:02:00,0.28200,0.17200,0.40800,0.42719
2018-08-19 04:03:00,0.29700,0.17100,0.42700,0.42740
2018-08-19 04:04:00,0.26900,0.17200,0.39100,0.42804
2018-08-19 04:05:00,0.30500,0.17000,0.43600,0.42530
2018-08-19 04:06:00,0.33300,0.17100,0.48000,0.42413
2018-08-19 04:07:00,0.30300,0.17200,0.44000,0.42337
2018-08-19 04:08:00,0.27900,0.17200,0.40400,0.42198
2018-08-19 04:09:00,0.32100,0.17200,0.46500,0.42194
2018-08-19 04:10:00,0.30700,0.17100,0.44400,0.42239
2018-08-19 04:11:00,0.29900,0.17100,0.43100,0.42168
2018-08-19 04:12:00,0.26800,0.17100,0.38500,0.42371
2018-08-19 04:13:00,0.27300,0.17100,0.39300,0.42527
2018-08-19 04:14:00,0.28400,0.17200,0.41000,0.42851
2018-08-19 04:15:00,0.33400,0.17200,0.48400,0.43087
2018-08-19 04:16:00,0.34100,0.17200,0.49400,0.43444
2018-08-19 04:17:00,0.29500,0.17100,0.42400,0.43790
2018-08-19 04:18:00,0.27400,0.17100,0.39300,0.43914
2018-08-19 04:19:00,0.30300,0.17200,0.43900,0.44046
2018-08-19 04:20:00,0.30100,0.17200,0.43900,0.43992
2018-08-19 04:21:00,0.27700,0.17100,0.40000,0.44013
2018-08-19 04:22:00,0.30000,0.17200,0.43400,0.44382
2018-08-19 04:23:00,0.30600,0.17100,0.44300,0.44512
2018-08-19 04:24:00,0.31900,0.17200,0.46200,0.44741
2018-08-19 04:25:00,0.34700,0.17000,0.49700,0.45011
2018-08-19 04:26:00,0.30600,0.17200,0.44300,0.45336
2018-08-19 04:27:00,0.27500,0.17300,0.40200,0.45603
2018-08-19 04:28:00,0.30500,0.17100,0.43900,0.45787
2018-08-19 04:29:00,0.34000,0.17000,0.48800,0.46073
2018-08-19 04:30:00,0.28700,0.17300,0.42000,0.46343
2018-08-19 04:31:00,0.32800,0.17000,0.47100,0.46364
2018-08-19 04:32:00,0.36600,0.16900,0.51700,0.46575
2018-08-19 04:33:00,0.29300,0.17100,0.42200,0.46932
2018-08-19 04:34:00,0.29600,0.17300,0.43400,0.46829
2018-08-19 04:35:00,0.29100,0.17100,0.42000,0.46905
2018-08-19 04:36:00,0.32200,0.17200,0.46800,0.47299
2018-08-19 04:37:00,0.31400,0.17100,0.45300,0.47201
2018-08-19 04:38:00,0.32700,0.17000,0.46900,0.47195
2018-08-19 04:39:00,0.26100,0.17100,0.37500,0.47184
2018-08-19 04:40:00,0.37500,0.17100,0.54100,0.47259
2018-08-19 04:41:00,0.40600,0.17200,0.58800,0.47217
2018-08-19 04:42:00,0.36600,0.17100,0.52900,0.47446
2018-08-19 04:43:00,0.38700,0.17300,0.56500,0.47055
2018-08-19 04:44:00,0.35400,0.17300,0.51600,0.47190
2018-08-19 04:45:00,0.37900,0.17200,0.55100,0.47208
2018-08-19 04:46:00,0.36700,0.17300,0.53600,0.47430
2018-08-19 04:47:00,0.31000,0.16900,0.44100,0.47629
2018-08-19 04:48:00,0.30700,0.17200,0.44500,0.47691
2018-08-19 04:49:00,0.30800,0.17200,0.44800,0.47667
2018-08-19 04:50:00,0.33700,0.17000,0.48300,0.47428
2018-08-19 04:51:00,0.30800,0.17200,0.44600,0.47772
2018-08-19 04:52:00,0.31600,0.17200,0.45700,0.48010
2018-08-19 04:53:00,0.34300,0.17200,0.49800,0.48115
2018-08-19 04:54:00,0.32800,0.17300,0.48100,0.48191
2018-08-19 04:55:00,0.34800,0.17200,0.50600,0.48056
2018-08-19 04:56:00,0.35100,0.17300,0.51500,0.48032
2018-08-19 04:57:00,0.30600,0.17200,0.44400,0.48121
2018-08-19 04:58:00,0.32800,0.17400,0.48200,0.48428
2018-08-19 04:59:00,0.30900,0.17400,0.45500,0.48550
2018-08-19 05:00:00,0.31700,0.17000,0.45300,0.48777
2018-08-19 05:01:00,0.33100,0.17300,0.48300,0.48855
2018-08-19 05:02:00,0.30800,0.17300,0.45000,0.48896
2018-08-19 05:03:00,0.32100,0.17300,0.47100,0.48888
2018-08-19 05:04:00,0.32500,0.17400,0.47700,0.48833
2018-08-19 05:05:00,0.31700,0.17400,0.46700,0.49112
2018-08-19 05:06:00,0.31000,0.17300,0.45300,0.49059
2018-08-19 05:07:00,0.29200,0.17400,0.43000,0.49096
2018-08-19 05:08:00,0.29500,0.17200,0.42800,0.49123
2018-08-19 05:09:00,0.35000,0.17500,0.52000,0.49053
2018-08-19 05:10:00,0.32700,0.17500,0.48500,0.48975
2018-08-19 05:11:00,0.25300,0.17500,0.37500,0.48919
2018-08-19 05:12:00,0.34400,0.17500,0.51300,0.48533
2018-08-19 05:13:00,0.34100,0.17400,0.50300,0.48489
2018-08-19 05:14:00,0.35900,0.17300,0.52600,0.48533
2018-08-19 05:15:00,0.30400,0.17300,0.44500,0.48086
2018-08-19 05:16:00,0.36800,0.17400,0.54300,0.47732
2018-08-19 05:17:00,0.31200,0.17500,0.46400,0.48010
2018-08-19 05:18:00,0.49500,0.17500,0.73500,0.48209
2018-08-19 05:19:00,0.31200,0.17500,0.46300,0.48337
2018-08-19 05:20:00,0.39200,0.17500,0.58200,0.48513
2018-08-19 05:21:00,0.31400,0.17600,0.47000,0.48958
2018-08-19 05:22:00,0.31400,0.17400,0.46300,0.49409
2018-08-19 05:23:00,0.31500,0.17600,0.47200,0.49527
2018-08-19 05:24:00,0.34200,0.17600,0.51200,0.49883
2018-08-19 05:25:00,0.43100,0.17400,0.63400,0.49948
2018-08-19 05:26:00,0.29200,0.17600,0.43700,0.50120
2018-08-19 05:27:00,0.33400,0.17500,0.49700,0.50098
2018-08-19 05:28:00,0.33100,0.17500,0.49000,0.50146
2018-08-19 05:29:00,0.31000,0.17600,0.46300,0.50371
2018-08-19 05:30:00,0.40800,0.17500,0.60800,0.50542
2018-08-19 05:31:00,0.37700,0.17600,0.56400,0.50588
2018-08-19 05:32:00,0.31300,0.17600,0.46800,0.50571
2018-08-19 05:33:00,0.25100,0.17800,0.38100,0.50620
2018-08-19 05:34:00,0.30900,0.17600,0.46300,0.50821
2018-08-19 05:35:00,0.28000,0.17700,0.42200,0.51053
2018-08-19 05:36:00,0.34700,0.17800,0.52600,0.51098
2018-08-19 05:37:00,0.32400,0.17800,0.49100,0.51202
2018-08-19 05:38:00,0.31400,0.17400,0.46400,0.51146
2018-08-19 05:39:00,0.34000,0.17800,0.51500,0.51139
2018-08-19 05:40:00,0.26600,0.17600,0.39900,0.51167
2018-08-19 05:41:00,0.32100,0.17500,0.47700,0.51138
2018-08-19 05:42:00,0.31500,0.17800,0.47900,0.50993
2018-08-19 05:43:00,0.35400,0.17700,0.53400,0.51005
2018-08-19 05:44:00,0.32200,0.17700,0.48600,0.50746
2018-08-19 05:45:00,0.32400,0.17900,0.49400,0.50915
2018-08-19 05:46:00,0.30900,0.17500,0.46000,0.50804
2018-08-19 05:47:00,0.44200,0.17700,0.66800,0.50529
2018-08-19 05:48:00,0.33100,0.17800,0.50100,0.50482
2018-08-19 05:49:00,0.31200,0.17700,0.47000,0.50535
2018-08-19 05:50:00,0.39900,0.17800,0.60500,0.50671
2018-08-19 05:51:00,0.49400,0.17700,0.74700,0.50405
2018-08-19 05:52:00,0.34700,0.17700,0.52500,0.50552
2018-08-19 05:53:00,0.33800,0.17900,0.51500,0.50381
2018-08-19 05:54:00,0.39200,0.17900,0.60000,0.50768
2018-08-19 05:55:00,0.36200,0.17700,0.54600,0.50619
2018-08-19 05:56:00,0.30000,0.17900,0.45900,0.50679
2018-08-19 05:57:00,0.28700,0.18000,0.44200,0.50698
2018-08-19 05:58:00,0.32800,0.17800,0.50000,0.50351
2018-08-19 05:59:00,0.24600,0.17900,0.37600,0.50348
2018-08-19 06:00:00,0.32800,0.17900,0.50200,0.50620
2018-08-19 06:01:00,0.31400,0.17900,0.48200,0.50983
2018-08-19 06:02:00,0.35000,0.17900,0.53400,0.50821
2018-08-19 06:03:00,0.33200,0.18000,0.50900,0.50838
2018-08-19 06:04:00,0.30300,0.17900,0.46200,0.50915
2018-08-19 06:05:00,0.29800,0.18200,0.46500,0.50712
2018-08-19 06:06:00,0.35500,0.18100,0.55000,0.50944
2018-08-19 06:07:00,0.39100,0.18000,0.60200,0.51155
2018-08-19 06:08:00,0.32900,0.17900,0.50500,0.51099
2018-08-19 06:09:00,0.29900,0.18100,0.46400,0.50725
2018-08-19 06:10:00,0.26500,0.18000,0.40900,0.50656
2018-08-19 06:11:00,0.31000,0.18100,0.48200,0.50342
2018-08-19 06:12:00,0.30300,0.18300,0.47700,0.50273
2018-08-19 06:13:00,0.33300,0.18100,0.51500,0.50053
2018-08-19 06:14:00,0.32700,0.18100,0.50900,0.49831
2018-08-19 06:15:00,0.31300,0.18300,0.49500,0.49769
2018-08-19 06:16:00,0.32200,0.18400,0.50800,0.49195
2018-08-19 06:17:00,0.34900,0.18300,0.54700,0.49092
2018-08-19 06:18:00,0.28100,0.18200,0.44000,0.48750
2018-08-19 06:19:00,0.35400,0.18200,0.55500,0.48669
2018-08-19 06:20:00,0.27600,0.18500,0.44000,0.48233
2018-08-19 06:21:00,0.33800,0.18400,0.53500,0.48189
2018-08-19 06:22:00,0.30900,0.18500,0.49300,0.47970
2018-08-19 06:23:00,0.32300,0.18500,0.51500,0.48274
2018-08-19 06:24:00,0.28500,0.18500,0.45500,0.48356
2018-08-19 06:25:00,0.27200,0.18400,0.43200,0.48138
2018-08-19 06:26:00,0.33600,0.18500,0.53500,0.48477
2018-08-19 06:27:00,0.27000,0.18600,0.43400,0.49250
2018-08-19 06:28:00,0.30800,0.18700,0.50000,0.49376
2018-08-19 06:29:00,0.32300,0.18700,0.52200,0.49538
2018-08-19 06:30:00,0.32300,0.18700,0.52000,0.49863
2018-08-19 06:31:00,0.33700,0.18800,0.54800,0.49957
2018-08-19 06:32:00,0.28400,0.18700,0.45900,0.49870
2018-08-19 06:33:00,0.38600,0.18700,0.62600,0.49861
2018-08-19 06:34:00,0.29000,0.18800,0.47400,0.49794
2018-08-19 06:35:00,0.22700,0.18800,0.37100,0.49586
2018-08-19 06:36:00,0.27500,0.18800,0.44800,0.49446
2018-08-19 06:37:00,0.30700,0.18800,0.50000,0.49591
2018-08-19 06:39:00,0.28500,0.19000,0.46900,0.49667
2018-08-19 06:40:00,0.25900,0.19000,0.42600,0.49473
2018-08-19 06:41:00,0.31700,0.19100,0.52500,0.49359
2018-08-19 06:42:00,0.28400,0.19000,0.46900,0.49464
2018-08-19 06:43:00,0.26500,0.19200,0.44200,0.49425
2018-08-19 06:44:00,0.28100,0.19200,0.46900,0.49595
2018-08-19 06:45:00,0.31200,0.19200,0.52300,0.49583
2018-08-19 06:46:00,0.26800,0.19200,0.44800,0.49489
2018-08-19 06:48:00,0.30300,0.19400,0.51300,0.49507
2018-08-19 06:49:00,0.29700,0.19300,0.49900,0.49569
2018-08-19 06:51:00,0.31900,0.19400,0.54000,0.49486
2018-08-19 06:52:00,0.30400,0.19400,0.51500,0.49478
2018-08-19 06:53:00,0.28500,0.19600,0.48900,0.49583
2018-08-19 06:54:00,0.36200,0.19500,0.61700,0.49671
2018-08-19 06:55:00,0.27600,0.19400,0.46900,0.49632
2018-08-19 06:56:00,0.34200,0.19600,0.58400,0.49771
2018-08-19 06:57:00,0.30700,0.19500,0.52300,0.49410
2018-08-19 06:58:00,0.37900,0.19700,0.65600,0.49652
2018-08-19 06:59:00,0.28100,0.19700,0.48600,0.49566
2018-08-19 07:00:00,0.30600,0.19800,0.53100,0.49750
2018-08-19 07:01:00,0.28800,0.19800,0.50100,0.49619
2018-08-19 07:02:00,0.25600,0.19800,0.44600,0.49663
2018-08-19 07:03:00,0.31900,0.19800,0.55400,0.49733
2018-08-19 07:04:00,0.24400,0.19900,0.42800,0.49701
2018-08-19 07:05:00,0.21600,0.19800,0.37600,0.49884
2018-08-19 07:06:00,0.26800,0.19900,0.46800,0.49603
2018-08-19 07:07:00,0.25200,0.19800,0.43900,0.49652
2018-08-19 07:08:00,0.25400,0.20100,0.44800,0.49750
2018-08-19 07:09:00,0.29100,0.20000,0.51300,0.49838
2018-08-19 07:10:00,0.29100,0.20100,0.51600,0.50206
2018-08-19 07:11:00,0.25600,0.20200,0.45500,0.50244
2018-08-19 07:12:00,0.30200,0.20200,0.53800,0.50526
2018-08-19 07:13:00,0.26600,0.20200,0.47400,0.50740
2018-08-19 07:14:00,0.31400,0.20300,0.56300,0.50557
2018-08-19 07:15:00,0.22600,0.20400,0.40700,0.50394
2018-08-19 07:16:00,0.26900,0.20400,0.48600,0.50531
2018-08-19 07:17:00,0.33200,0.20400,0.59900,0.50569
2018-08-19 07:18:00,0.28800,0.20500,0.52200,0.50507
2018-08-19 07:19:00,0.22700,0.20500,0.41300,0.50685
2018-08-19 07:20:00,0.31100,0.20600,0.56700,0.50574
2018-08-19 07:21:00,0.29600,0.20500,0.53900,0.50513
2018-08-19 07:22:00,0.29800,0.20600,0.54300,0.50584
2018-08-19 07:23:00,0.29800,0.20600,0.54600,0.50737
2018-08-19 07:24:00,0.23300,0.20700,0.42800,0.50912
2018-08-19 07:25:00,0.25400,0.20700,0.46600,0.50945
2018-08-19 07:26:00,0.28600,0.20800,0.52700,0.50932
2018-08-19 07:27:00,0.28800,0.20800,0.53400,0.50992
2018-08-19 07:28:00,0.25800,0.20900,0.47800,0.51199
2018-08-19 07:29:00,0.25200,0.20900,0.46900,0.51194
2018-08-19 07:30:00,0.29300,0.20900,0.54400,0.51674
2018-08-19 07:31:00,0.27100,0.21000,0.50700,0.51791
2018-08-19 07:32:00,0.34500,0.21100,0.64700,0.52121
2018-08-19 07:33:00,0.25800,0.21100,0.48600,0.52733
2018-08-19 07:34:00,0.27900,0.21200,0.52700,0.53514
2018-08-19 07:35:00,0.26000,0.21300,0.49400,0.53678
2018-08-19 07:36:00,0.32000,0.21300,0.61000,0.53951
2018-08-19 07:37:00,0.29400,0.21400,0.56200,0.54232
2018-08-19 07:38:00,0.25600,0.21400,0.49100,0.54457
2018-08-19 07:39:00,0.26500,0.21400,0.50700,0.54907
2018-08-19 07:40:00,0.26300,0.21500,0.50600,0.54953
2018-08-19 07:41:00,0.32700,0.21500,0.63100,0.54901
2018-08-19 07:42:00,0.28200,0.21600,0.54700,0.54995
2018-08-19 07:43:00,0.28700,0.21500,0.55300,0.54773
2018-08-19 07:44:00,0.29000,0.21700,0.56500,0.54687
2018-08-19 07:45:00,0.23700,0.21800,0.46500,0.55022
2018-08-19 07:46:00,0.27200,0.21800,0.53100,0.55457
2018-08-19 07:47:00,0.30300,0.21900,0.59500,0.55115
2018-08-19 07:48:00,0.24700,0.21900,0.48600,0.55163
2018-08-19 07:49:00,0.28500,0.21900,0.56100,0.55325
2018-08-19 07:50:00,0.31600,0.22000,0.62600,0.55615
2018-08-19 07:51:00,0.27300,0.22000,0.54100,0.55354
2018-08-19 07:52:00,0.27900,0.22200,0.55800,0.55203
2018-08-19 07:53:00,0.27900,0.22200,0.55900,0.55239
2018-08-19 07:54:00,0.27300,0.22100,0.54400,0.55469
2018-08-19 07:55:00,0.31600,0.22200,0.63200,0.55327
2018-08-19 07:56:00,0.29200,0.22200,0.58500,0.55647
2018-08-19 07:57:00,0.27100,0.22400,0.54700,0.55578
2018-08-19 07:58:00,0.27700,0.22500,0.56300,0.55675
2018-08-19 07:59:00,0.23300,0.22400,0.47200,0.55729
2018-08-19 08:00:00,0.29500,0.22500,0.60000,0.55510
2018-08-19 08:01:00,0.30300,0.22500,0.61700,0.55206
2018-08-19 08:02:00,0.31200,0.22600,0.63700,0.55393
2018-08-19 08:03:00,0.26800,0.22700,0.55200,0.55395
2018-08-19 08:04:00,0.30700,0.22700,0.63200,0.55286
2018-08-19 08:05:00,0.26300,0.22700,0.54200,0.55037
2018-08-19 08:06:00,0.27700,0.22800,0.57200,0.54967
2018-08-19 08:07:00,0.28700,0.22800,0.59300,0.54731
2018-08-19 08:08:00,0.19100,0.22900,0.39700,0.54896
2018-08-19 08:09:00,0.21300,0.23000,0.44400,0.54762
2018-08-19 08:10:00,0.27300,0.23000,0.56900,0.54735
2018-08-19 08:11:00,0.27100,0.23000,0.56600,0.54517
2018-08-19 08:12:00,0.25500,0.23100,0.53400,0.54773
2018-08-19 08:13:00,0.23600,0.23100,0.49600,0.54629
2018-08-19 08:14:00,0.23200,0.23200,0.48900,0.54506
2018-08-19 08:15:00,0.25800,0.23300,0.54700,0.54164
2018-08-19 08:16:00,0.24800,0.23200,0.52500,0.53840
2018-08-19 08:17:00,0.25100,0.23300,0.53200,0.54143
2018-08-19 08:18:00,0.30600,0.23300,0.65000,0.54223
2018-08-19 08:19:00,0.27800,0.23400,0.59400,0.54161
2018-08-19 08:20:00,0.21000,0.23500,0.45000,0.54288
2018-08-19 08:21:00,0.18000,0.23500,0.38600,0.54228
2018-08-19 08:22:00,0.31900,0.23600,0.68600,0.54279
2018-08-19 08:23:00,0.27400,0.23700,0.59300,0.54422
2018-08-19 08:24:00,0.21700,0.23700,0.47000,0.54430
2018-08-19 08:26:00,0.22400,0.23800,0.48700,0.54571
2018-08-19 08:27:00,0.26800,0.23800,0.58400,0.54729
2018-08-19 08:28:00,0.27700,0.23900,0.60600,0.54829
2018-08-19 08:29:00,0.29400,0.23900,0.64200,0.54862
2018-08-19 08:30:00,0.21900,0.23900,0.47900,0.54975
2018-08-19 08:31:00,0.24100,0.24000,0.53000,0.54998
2018-08-19 08:32:00,0.20400,0.24100,0.45100,0.55027
2018-08-19 08:33:00,0.27500,0.24100,0.60700,0.55435
2018-08-19 08:34:00,0.24200,0.24200,0.53600,0.55726
2018-08-19 08:35:00,0.25200,0.24300,0.56100,0.56070
2018-08-19 08:36:00,0.25400,0.24300,0.56700,0.56148
2018-08-19 08:37:00,0.28700,0.24300,0.64000,0.56515
2018-08-19 08:38:00,0.20700,0.24300,0.46300,0.56790
2018-08-19 08:39:00,0.24400,0.24400,0.54900,0.56920
2018-08-19 08:40:00,0.24000,0.24500,0.54000,0.57210
2018-08-19 08:41:00,0.26200,0.24400,0.58900,0.57412
2018-08-19 08:42:00,0.25700,0.24500,0.57900,0.57878
2018-08-19 08:43:00,0.27600,0.24500,0.62400,0.58457
2018-08-19 08:44:00,0.25900,0.24600,0.58600,0.59231
2018-08-19 08:45:00,0.25100,0.24700,0.57300,0.59006
2018-08-19 08:46:00,0.24500,0.24800,0.55900,0.59130
2018-08-19 08:47:00,0.26900,0.24800,0.61600,0.59176
2018-08-19 08:48:00,0.22200,0.24800,0.50900,0.59540
2018-08-19 08:49:00,0.28600,0.24900,0.65900,0.59439
2018-08-19 08:50:00,0.25300,0.25000,0.58400,0.59202
2018-08-19 08:51:00,0.30700,0.25000,0.70900,0.59341
2018-08-19 08:52:00,0.30900,0.25000,0.71400,0.59719
2018-08-19 08:53:00,0.24000,0.25000,0.55400,0.59726
2018-08-19 08:54:00,0.25200,0.25000,0.58100,0.59699
2018-08-19 08:55:00,0.28300,0.25200,0.66100,0.60160
2018-08-19 08:56:00,0.25400,0.25300,0.59300,0.60359
2018-08-19 08:57:00,0.24700,0.25300,0.57800,0.60276
2018-08-19 08:58:00,0.25000,0.25300,0.58500,0.60115
2018-08-19 08:59:00,0.25900,0.25400,0.61000,0.60433
2018-08-19 09:00:00,0.24000,0.25400,0.56500,0.60514
2018-08-19 09:01:00,0.24200,0.25500,0.57200,0.60316
2018-08-19 09:02:00,0.27000,0.25500,0.63800,0.60151
2018-08-19 09:03:00,0.25000,0.25500,0.59000,0.60206
2018-08-19 09:04:00,0.27200,0.25500,0.64300,0.60351
2018-08-19 09:05:00,0.25900,0.25600,0.61400,0.60556
2018-08-19 09:06:00,0.27200,0.25600,0.64800,0.60130
2018-08-19 09:07:00,0.31600,0.25700,0.75400,0.59885
2018-08-19 09:08:00,0.22900,0.25600,0.54400,0.59659
2018-08-19 09:09:00,0.23400,0.25700,0.55800,0.59672
2018-08-19 09:10:00,0.22800,0.25700,0.54400,0.59774
2018-08-19 09:11:00,0.23800,0.25700,0.56900,0.59944
2018-08-19 09:12:00,0.23100,0.25800,0.55400,0.59821
2018-08-19 09:13:00,0.25900,0.25800,0.62200,0.60190
2018-08-19 09:14:00,0.30500,0.25900,0.73300,0.59534
2018-08-19 09:15:00,0.24400,0.25900,0.58800,0.59433
2018-08-19 09:16:00,0.30100,0.25900,0.72400,0.59390
2018-08-19 09:17:00,0.21400,0.26000,0.51700,0.59395
2018-08-19 09:18:00,0.19900,0.26000,0.48100,0.59363
2018-08-19 09:19:00,0.16200,0.26000,0.39200,0.59604
2018-08-19 09:20:00,0.26800,0.26100,0.65000,0.58890
2018-08-19 09:21:00,0.21100,0.26100,0.51200,0.58996
2018-08-19 09:22:00,0.27200,0.26200,0.66600,0.59106
2018-08-19 09:23:00,0.21000,0.26200,0.51400,0.59323
2018-08-19 09:24:00,0.28800,0.26100,0.70200,0.59336
2018-08-19 09:25:00,0.30300,0.26200,0.74000,0.59757
2018-08-19 09:26:00,0.22500,0.26300,0.55200,0.60094
2018-08-19 09:27:00,0.19500,0.26300,0.47900,0.60445
2018-08-19 09:28:00,0.25300,0.26300,0.62100,0.60996
2018-08-19 09:29:00,0.26200,0.26400,0.64400,0.61065
2018-08-19 09:30:00,0.21700,0.26300,0.53300,0.61210
2018-08-19 09:31:00,0.24500,0.26400,0.60400,0.61455
2018-08-19 09:32:00,0.23700,0.26500,0.58700,0.61445
2018-08-19 09:33:00,0.21500,0.26500,0.53300,0.61667
2018-08-19 09:34:00,0.24000,0.26500,0.59600,0.61682
2018-08-19 09:35:00,0.25200,0.26600,0.62700,0.62042
2018-08-19 09:36:00,0.25600,0.26500,0.63400,0.62025
2018-08-19 09:37:00,0.25100,0.26600,0.62600,0.62174
2018-08-19 09:38:00,0.24800,0.26600,0.61600,0.62395
2018-08-19 09:39:00,0.23900,0.26800,0.59800,0.62709
2018-08-19 09:40:00,0.24500,0.26800,0.61300,0.63120
2018-08-19 09:41:00,0.30100,0.26900,0.75700,0.63217
2018-08-19 09:42:00,0.29200,0.26800,0.73100,0.63574
2018-08-19 09:43:00,0.25500,0.26900,0.64100,0.64106
2018-08-19 09:44:00,0.27100,0.26900,0.68300,0.64415
2018-08-19 09:45:00,0.22600,0.26900,0.56900,0.64239
2018-08-19 09:46:00,0.21800,0.26900,0.54900,0.64054
2018-08-19 09:47:00,0.27300,0.27000,0.69100,0.64153
2018-08-19 09:48:00,0.21000,0.27000,0.53300,0.64183
2018-08-19 09:49:00,0.33300,0.27100,0.84600,0.64341
2018-08-19 09:50:00,0.26700,0.27000,0.67700,0.64834
2018-08-19 09:51:00,0.25200,0.27100,0.63900,0.65110
2018-08-19 09:52:00,0.26100,0.27100,0.66500,0.65752
2018-08-19 09:53:00,0.26500,0.27200,0.67700,0.66029
2018-08-19 09:54:00,0.23200,0.27300,0.59500,0.66054
2018-08-19 09:55:00,0.40600,0.27200,1.03600,0.65782
2018-08-19 09:56:00,0.25900,0.27200,0.66300,0.66250
2018-08-19 09:57:00,0.25100,0.27300,0.64400,0.66246
2018-08-19 09:58:00,0.25300,0.27400,0.65000,0.66762
2018-08-19 09:59:00,0.24700,0.27300,0.63400,0.66985
2018-08-19 10:00:00,0.22700,0.27400,0.58400,0.67405
2018-08-19 10:01:00,0.20900,0.27500,0.54000,0.67920
2018-08-19 10:02:00,0.25600,0.27400,0.65900,0.68066
2018-08-19 10:03:00,0.22600,0.27500,0.58300,0.67837
2018-08-19 10:04:00,0.25300,0.27400,0.65200,0.67768
2018-08-19 10:05:00,0.24800,0.27500,0.64000,0.67832
2018-08-19 10:06:00,0.26100,0.27600,0.67800,0.67604
2018-08-19 10:07:00,0.28700,0.27600,0.74400,0.67352
2018-08-19 10:08:00,0.24100,0.27500,0.62300,0.67169
2018-08-19 10:09:00,0.28100,0.27600,0.72900,0.67006
2018-08-19 10:10:00,0.22800,0.27600,0.59200,0.67059
2018-08-19 10:11:00,0.27800,0.27700,0.72400,0.66978
2018-08-19 10:12:00,0.25000,0.27800,0.65300,0.66687
2018-08-19 10:13:00,0.26300,0.27800,0.68800,0.66727
2018-08-19 10:14:00,0.22700,0.27800,0.59500,0.66631
2018-08-19 10:15:00,0.22700,0.27900,0.59600,0.66450
2018-08-19 10:16:00,0.27500,0.27800,0.71900,0.66184
2018-08-19 10:17:00,0.24300,0.27800,0.63700,0.66445
2018-08-19 10:18:00,0.25700,0.27800,0.67400,0.66490
2018-08-19 10:19:00,0.21700,0.27900,0.57100,0.66316
2018-08-19 10:20:00,0.30800,0.28000,0.81200,0.66528
2018-08-19 10:21:00,0.31100,0.27900,0.81600,0.66264
2018-08-19 10:22:00,0.27000,0.28000,0.71400,0.66119
2018-08-19 10:23:00,0.27700,0.28000,0.73200,0.65991
2018-08-19 10:24:00,0.28300,0.28000,0.74600,0.65659
2018-08-19 10:25:00,0.27000,0.28100,0.71600,0.65914
2018-08-19 10:26:00,0.25800,0.28100,0.68400,0.65829
2018-08-19 10:27:00,0.24600,0.28100,0.65200,0.65538
2018-08-19 10:28:00,0.23000,0.28200,0.61300,0.65527
2018-08-19 10:29:00,0.25300,0.28200,0.67500,0.65804
2018-08-19 10:30:00,0.26300,0.28300,0.70300,0.65649
2018-08-19 10:31:00,0.22200,0.28300,0.59200,0.66321
2018-08-19 10:32:00,0.24800,0.28300,0.66400,0.66395
2018-08-19 10:33:00,0.20800,0.28300,0.55800,0.66629
2018-08-19 10:34:00,0.19400,0.28300,0.51900,0.66489
2018-08-19 10:35:00,0.22200,0.28300,0.59500,0.66261
2018-08-19 10:36:00,0.21900,0.28500,0.59000,0.66112
2018-08-19 10:37:00,0.21000,0.28500,0.56600,0.65942
2018-08-19 10:38:00,0.23900,0.28600,0.64600,0.65825
2018-08-19 10:39:00,0.26000,0.28500,0.70100,0.65608
2018-08-19 10:40:00,0.24600,0.28500,0.66300,0.65866
2018-08-19 10:41:00,0.25300,0.28600,0.68400,0.65775
2018-08-19 10:42:00,0.28200,0.28700,0.76400,0.65860
2018-08-19 10:43:00,0.26400,0.28700,0.71800,0.66499
2018-08-19 10:44:00,0.23700,0.28700,0.64400,0.66640
2018-08-19 10:45:00,0.21500,0.28700,0.58500,0.66792
2018-08-19 10:46:00,0.24600,0.28700,0.66800,0.66630
2018-08-19 10:49:00,0.28500,0.28900,0.77900,0.67054
2018-08-19 10:50:00,0.22400,0.28900,0.61500,0.67191
2018-08-19 10:51:00,0.23900,0.29000,0.66000,0.67715
2018-08-19 10:52:00,0.24600,0.29000,0.67500,0.66921
2018-08-19 10:53:00,0.26400,0.29000,0.72700,0.67147
2018-08-19 10:54:00,0.22800,0.29100,0.62700,0.67855
2018-08-19 10:55:00,0.25900,0.29100,0.71500,0.68077
2018-08-19 10:56:00,0.26800,0.29100,0.74100,0.68343
2018-08-19 10:57:00,0.21600,0.29200,0.60100,0.68506
2018-08-19 10:59:00,0.25300,0.29300,0.70500,0.69185
2018-08-19 11:00:00,0.22000,0.29300,0.61300,0.69834
2018-08-19 11:01:00,0.26500,0.29500,0.74200,0.70086
2018-08-19 11:02:00,0.24200,0.29500,0.67900,0.70481
2018-08-19 11:03:00,0.25800,0.29500,0.72200,0.70716
2018-08-19 11:04:00,0.26100,0.29600,0.73500,0.71206
2018-08-19 11:05:00,0.28800,0.29500,0.80800,0.71597
2018-08-19 11:06:00,0.25200,0.29600,0.71100,0.71613
2018-08-19 11:07:00,0.20700,0.29700,0.58400,0.72142
2018-08-19 11:08:00,0.24600,0.29700,0.69700,0.72429
2018-08-19 11:09:00,0.27400,0.29800,0.77700,0.72745
2018-08-19 11:10:00,0.25500,0.29800,0.72400,0.73302
2018-08-19 11:11:00,0.22100,0.29800,0.62800,0.73591
2018-08-19 11:12:00,0.28500,0.30000,0.81500,0.74025
2018-08-19 11:13:00,0.30200,0.29900,0.86000,0.74040
2018-08-19 11:14:00,0.27400,0.30000,0.78500,0.74244
2018-08-19 11:15:00,0.26100,0.30000,0.74700,0.74723
2018-08-19 11:16:00,0.29500,0.30000,0.84600,0.75052
2018-08-19 11:17:00,0.28900,0.30100,0.83100,0.75606
2018-08-19 11:18:00,0.23400,0.30300,0.67500,0.76162
2018-08-19 11:19:00,0.28800,0.30300,0.83200,0.76949
2018-08-19 11:20:00,0.27600,0.30400,0.80100,0.77616
2018-08-19 11:21:00,0.21000,0.30400,0.61000,0.78379
2018-08-19 11:22:00,0.24800,0.30400,0.72000,0.79240
2018-08-19 11:23:00,0.28600,0.30400,0.83100,0.79274
2018-08-19 11:24:00,0.29500,0.30500,0.86000,0.79017
2018-08-19 11:25:00,0.24700,0.30600,0.72300,0.79801
2018-08-19 11:26:00,0.27300,0.30500,0.79600,0.80769
2018-08-19 11:27:00,0.22200,0.30600,0.64800,0.81075
2018-08-19 11:28:00,0.41100,0.30600,1.20200,0.81815
2018-08-19 11:29:00,0.25400,0.30600,0.74300,0.82199
2018-08-19 11:30:00,0.21500,0.30600,0.62900,0.82990
2018-08-19 11:31:00,0.26200,0.30800,0.77100,0.83423
2018-08-19 11:32:00,0.26900,0.30700,0.79100,0.83655
2018-08-19 11:33:00,0.24900,0.30700,0.73100,0.84234
2018-08-19 11:34:00,0.24700,0.30700,0.72800,0.84209
2018-08-19 11:35:00,0.26000,0.30800,0.76600,0.84272
2018-08-19 11:36:00,0.29700,0.30800,0.87500,0.84456
2018-08-19 11:37:00,0.28700,0.30900,0.84800,0.84291
2018-08-19 11:38:00,0.32700,0.30900,0.96800,0.84490
2018-08-19 11:39:00,0.28600,0.31000,0.84700,0.84992
2018-08-19 11:40:00,0.29800,0.30800,0.87900,0.85235
2018-08-19 11:41:00,0.35500,0.30900,1.05100,0.85591
2018-08-19 11:42:00,0.26600,0.30800,0.78300,0.85536
2018-08-19 11:43:00,0.32800,0.30800,0.96800,0.85431
2018-08-19 11:44:00,0.34200,0.30900,1.01200,0.85532
2018-08-19 11:45:00,0.27000,0.30900,0.79800,0.86128
2018-08-19 11:46:00,0.33700,0.31100,1.00300,0.86211
2018-08-19 11:47:00,0.27900,0.31100,0.83400,0.85728
2018-08-19 11:48:00,0.32900,0.31200,0.98600,0.86103
2018-08-19 11:49:00,0.32800,0.31100,0.97600,0.86705
2018-08-19 11:50:00,0.28100,0.31100,0.83800,0.86537
2018-08-19 11:51:00,0.29200,0.31100,0.87100,0.86083
2018-08-19 11:52:00,0.28000,0.31100,0.83400,0.86177
2018-08-19 11:53:00,0.29600,0.31200,0.88600,0.86404
2018-08-19 11:54:00,0.24500,0.31100,0.73100,0.85787
2018-08-19 11:55:00,0.26600,0.31100,0.79200,0.85483
2018-08-19 11:56:00,0.27600,0.31100,0.82400,0.84945
2018-08-19 11:57:00,0.24300,0.31200,0.72600,0.84950
2018-08-19 11:58:00,0.34900,0.31200,1.04400,0.84441
2018-08-19 11:59:00,0.38100,0.31200,1.14200,0.84480
2018-08-19 12:00:00,0.24400,0.31200,0.73100,0.84298
2018-08-19 12:01:00,0.24700,0.31100,0.73700,0.84264
2018-08-19 12:02:00,0.29300,0.31200,0.87400,0.84778
2018-08-19 12:03:00,0.23100,0.31100,0.69000,0.84830
2018-08-19 12:04:00,0.28400,0.31200,0.85200,0.85693
2018-08-19 12:05:00,0.23100,0.31300,0.69400,0.85786
2018-08-19 12:06:00,0.24400,0.31300,0.73500,0.85971
2018-08-19 12:07:00,0.30100,0.31300,0.90200,0.85461
2018-08-19 12:08:00,0.25200,0.31300,0.75800,0.85862
2018-08-19 12:09:00,0.29600,0.31300,0.88800,0.85658
2018-08-19 12:10:00,0.31400,0.31300,0.94400,0.85367
2018-08-19 12:11:00,0.26000,0.31300,0.78100,0.85469
2018-08-19 12:12:00,0.35500,0.31500,1.07200,0.85554
2018-08-19 12:13:00,0.27900,0.31400,0.84200,0.85026
2018-08-19 12:14:00,0.24000,0.31300,0.72000,0.85971
2018-08-19 12:15:00,0.27700,0.31500,0.83700,0.85857
2018-08-19 12:16:00,0.28300,0.31400,0.85300,0.86344
2018-08-19 12:17:00,0.31600,0.31400,0.95300,0.86931
2018-08-19 12:18:00,0.27700,0.31400,0.83500,0.86960
2018-08-19 12:19:00,0.27200,0.31500,0.82400,0.87256
2018-08-19 12:20:00,0.21300,0.31500,0.64400,0.87659
2018-08-19 12:21:00,0.26800,0.31400,0.80800,0.87709
2018-08-19 12:22:00,0.32000,0.31400,0.96600,0.88295
2018-08-19 12:23:00,0.24300,0.31400,0.73400,0.88350
2018-08-19 12:24:00,0.21700,0.31300,0.65300,0.89163
2018-08-19 12:25:00,0.31000,0.31500,0.93600,0.89548
2018-08-19 12:26:00,0.34600,0.31500,1.04600,0.89847
2018-08-19 12:27:00,0.29800,0.31400,0.90000,0.89706
2018-08-19 12:28:00,0.27400,0.31400,0.82600,0.89510
2018-08-19 12:29:00,0.35500,0.31500,1.07300,0.89749
2018-08-19 12:30:00,0.36600,0.31500,1.10400,0.89813
2018-08-19 12:31:00,0.40500,0.31500,1.22400,0.89939
2018-08-19 12:32:00,0.25800,0.31400,0.77700,0.90011
2018-08-19 12:33:00,0.37100,0.31300,1.11600,0.89930
2018-08-19 12:34:00,0.32500,0.31500,0.98300,0.90389
2018-08-19 12:35:00,0.37800,0.31500,1.14200,0.91157
2018-08-19 12:36:00,0.31400,0.31500,0.95000,0.91277
2018-08-19 12:37:00,0.24600,0.31600,0.74600,0.91087
2018-08-19 12:38:00,0.25800,0.31500,0.78000,0.91526
2018-08-19 12:39:00,0.31700,0.31500,0.95900,0.91259
2018-08-19 12:40:00,0.29300,0.31500,0.88600,0.91579
2018-08-19 12:41:00,0.22900,0.31500,0.69200,0.91165
2018-08-19 12:42:00,0.37900,0.31500,1.14500,0.90978
2018-08-19 12:43:00,0.24200,0.31400,0.73000,0.90958
2018-08-19 12:44:00,0.30800,0.31500,0.93400,0.90714
2018-08-19 12:45:00,0.31800,0.31400,0.96100,0.90660
2018-08-19 12:47:00,0.26300,0.31500,0.79400,0.90569
2018-08-19 12:48:00,0.29500,0.31700,0.89800,0.89839
2018-08-19 12:49:00,0.39100,0.31400,1.18000,0.90057
2018-08-19 12:50:00,0.20100,0.31500,0.60800,0.89850
2018-08-19 12:51:00,0.32400,0.31500,0.97900,0.89357
2018-08-19 12:52:00,0.23800,0.31500,0.72000,0.89343
2018-08-19 12:53:00,0.27700,0.31600,0.84200,0.88874
2018-08-19 12:54:00,0.27700,0.31500,0.83800,0.88606
2018-08-19 12:55:00,0.29600,0.31500,0.89500,0.88152
2018-08-19 12:56:00,0.29900,0.31600,0.90800,0.87926
2018-08-19 12:57:00,0.28600,0.31500,0.86600,0.87043
2018-08-19 12:58:00,0.27000,0.31500,0.81600,0.86826
2018-08-19 12:59:00,0.29800,0.31500,0.90200,0.86660
2018-08-19 13:00:00,0.22800,0.31500,0.69000,0.86102
2018-08-19 13:01:00,0.29200,0.31600,0.88600,0.85198
2018-08-19 13:02:00,0.25900,0.31700,0.78900,0.85169
2018-08-19 13:03:00,0.34100,0.31600,1.03400,0.84659
2018-08-19 13:04:00,0.34400,0.31600,1.04400,0.84178
2018-08-19 13:05:00,0.29700,0.31600,0.90200,0.83857
2018-08-19 13:06:00,0.27000,0.31500,0.81900,0.83218
2018-08-19 13:07:00,0.27200,0.31600,0.82700,0.82976
2018-08-19 13:08:00,0.28800,0.31500,0.87100,0.83160
2018-08-19 13:09:00,0.27300,0.31600,0.82700,0.82909
2018-08-19 13:10:00,0.29200,0.31600,0.88800,0.83099
2018-08-19 13:11:00,0.28700,0.31600,0.87100,0.83513
2018-08-19 13:12:00,0.25300,0.31600,0.76800,0.84000
2018-08-19 13:13:00,0.29400,0.31600,0.89500,0.84536
2018-08-19 13:14:00,0.23500,0.31600,0.71500,0.84517
2018-08-19 13:15:00,0.27600,0.31600,0.83800,0.83975
2018-08-19 13:16:00,0.22800,0.31600,0.69300,0.84440
2018-08-19 13:17:00,0.28100,0.31700,0.85400,0.84520
2018-08-19 13:18:00,0.24800,0.31700,0.75500,0.83967
2018-08-19 13:19:00,0.27000,0.31700,0.82300,0.84563
2018-08-19 13:20:00,0.25200,0.31700,0.76800,0.84275
2018-08-19 13:21:00,0.25900,0.31700,0.78700,0.84119
2018-08-19 13:22:00,0.28300,0.31700,0.86000,0.84521
2018-08-19 13:23:00,0.33100,0.31700,1.00600,0.84404
2018-08-19 13:24:00,0.28400,0.31700,0.86500,0.84956
2018-08-19 13:25:00,0.27700,0.31700,0.84500,0.85803
2018-08-19 13:26:00,0.27600,0.31700,0.84200,0.85101
2018-08-19 13:27:00,0.23100,0.31700,0.70500,0.84808
2018-08-19 13:28:00,0.30400,0.31600,0.92400,0.84805
2018-08-19 13:29:00,0.30900,0.31700,0.94200,0.85019
2018-08-19 13:30:00,0.30300,0.31700,0.92300,0.85060
2018-08-19 13:31:00,0.26100,0.31700,0.79600,0.85423
2018-08-19 13:32:00,0.29700,0.31700,0.90400,0.84695
2018-08-19 13:33:00,0.23700,0.31700,0.72300,0.84903
2018-08-19 13:34:00,0.27700,0.31700,0.84500,0.84865
2018-08-19 13:35:00,0.25900,0.31600,0.78700,0.85192
2018-08-19 13:36:00,0.27400,0.31700,0.83500,0.85155
2018-08-19 13:37:00,0.22200,0.31600,0.67600,0.85578
2018-08-19 13:38:00,0.33900,0.31600,1.02600,0.85877
2018-08-19 13:39:00,0.29300,0.31700,0.89300,0.86567
2018-08-19 13:40:00,0.24100,0.31700,0.73300,0.87115
2018-08-19 13:41:00,0.38000,0.31500,1.15100,0.87597
2018-08-19 13:42:00,0.34600,0.31700,1.05700,0.87853
2018-08-19 13:43:00,0.34100,0.31800,1.04200,0.88450
2018-08-19 13:44:00,0.27000,0.31900,0.82800,0.88369
2018-08-19 13:45:00,0.31800,0.31800,0.97300,0.88460
2018-08-19 13:46:00,0.24900,0.31700,0.76000,0.88700
2018-08-19 13:47:00,0.29700,0.31700,0.90700,0.88960
2018-08-19 13:48:00,0.23300,0.31800,0.71100,0.89022
2018-08-19 13:49:00,0.24500,0.31800,0.74900,0.89198
2018-08-19 13:50:00,0.33500,0.31700,1.02000,0.88922
2018-08-19 13:51:00,0.23900,0.31700,0.72600,0.88820
2018-08-19 13:52:00,0.27300,0.31700,0.83300,0.88094
2018-08-19 13:53:00,0.30700,0.31600,0.93100,0.87997
2018-08-19 13:54:00,0.28100,0.31700,0.85400,0.87954
2018-08-19 13:55:00,0.28600,0.31600,0.86800,0.87800
2018-08-19 13:56:00,0.33300,0.31800,1.01800,0.87536
2018-08-19 13:57:00,0.26300,0.31700,0.80000,0.87160
2018-08-19 13:58:00,0.28900,0.31600,0.87800,0.87089
2018-08-19 13:59:00,0.21400,0.31600,0.65100,0.87203
2018-08-19 14:00:00,0.26400,0.31600,0.80100,0.86891
2018-08-19 14:01:00,0.32000,0.31700,0.97200,0.86610
2018-08-19 14:02:00,0.38500,0.31700,1.17100,0.86436
2018-08-19 14:03:00,0.26000,0.31600,0.79100,0.85454
2018-08-19 14:04:00,0.25900,0.31700,0.79000,0.85259
2018-08-19 14:05:00,0.28400,0.31500,0.86000,0.85098
2018-08-19 14:06:00,0.25000,0.31600,0.75900,0.85029
2018-08-19 14:07:00,0.43600,0.31500,1.31900,0.84178
2018-08-19 14:08:00,0.28700,0.31600,0.87100,0.83635
2018-08-19 14:09:00,0.30900,0.31600,0.94000,0.82832
2018-08-19 14:10:00,0.28300,0.31500,0.85800,0.82488
2018-08-19 14:11:00,0.26500,0.31500,0.80300,0.81872
2018-08-19 14:12:00,0.25100,0.31500,0.75900,0.81051
2018-08-19 14:14:00,0.23000,0.31600,0.69800,0.79842
2018-08-19 14:15:00,0.24600,0.31500,0.74500,0.79756
2018-08-19 14:16:00,0.27700,0.31500,0.83800,0.79360
2018-08-19 14:17:00,0.24200,0.31600,0.73400,0.78496
2018-08-19 14:18:00,0.24600,0.31400,0.74200,0.78515
2018-08-19 14:19:00,0.18400,0.31500,0.55700,0.78647
2018-08-19 14:20:00,0.29900,0.31500,0.90400,0.78338
2018-08-19 14:21:00,0.25700,0.31500,0.77800,0.77904
2018-08-19 14:22:00,0.25100,0.31500,0.75900,0.77994
2018-08-19 14:23:00,0.23900,0.31400,0.72200,0.77506
2018-08-19 14:24:00,0.22800,0.31400,0.68900,0.77129
2018-08-19 14:25:00,0.24700,0.31400,0.74300,0.76553
2018-08-19 14:26:00,0.25200,0.31400,0.75900,0.75811
2018-08-19 14:27:00,0.25900,0.31400,0.78000,0.75640
2018-08-19 14:28:00,0.30600,0.31300,0.92100,0.74934
2018-08-19 14:29:00,0.25700,0.31400,0.77500,0.74572
2018-08-19 14:30:00,0.20800,0.31300,0.62500,0.73887
2018-08-19 14:31:00,0.23800,0.31300,0.71400,0.73454
2018-08-19 14:32:00,0.22900,0.31300,0.68500,0.73456
2018-08-19 14:33:00,0.24400,0.31200,0.73000,0.73410
2018-08-19 14:34:00,0.21300,0.31100,0.63500,0.72958
2018-08-19 14:35:00,0.22800,0.31200,0.68300,0.72601
2018-08-19 14:36:00,0.24800,0.31200,0.74100,0.71751
2018-08-19 14:37:00,0.23200,0.31200,0.69500,0.70897
2018-08-19 14:38:00,0.20800,0.31100,0.62000,0.71071
2018-08-19 14:39:00,0.28400,0.31000,0.84500,0.71505
2018-08-19 14:40:00,0.22900,0.31000,0.68200,0.71212
2018-08-19 14:41:00,0.22900,0.31000,0.68000,0.71149
2018-08-19 14:42:00,0.20500,0.31000,0.60900,0.70996
2018-08-19 14:43:00,0.28500,0.31000,0.84600,0.70813
2018-08-19 14:44:00,0.27500,0.31000,0.81600,0.71845
2018-08-19 14:45:00,0.25400,0.30900,0.75400,0.71888
2018-08-19 14:46:00,0.21600,0.30900,0.63800,0.72228
2018-08-19 14:47:00,0.23300,0.30800,0.68900,0.72392
2018-08-19 14:48:00,0.28000,0.30800,0.82700,0.72256
2018-08-19 14:49:00,0.28800,0.30800,0.84800,0.72107
2018-08-19 14:50:00,0.22600,0.30800,0.66500,0.71850
2018-08-19 14:51:00,0.23200,0.30700,0.68100,0.71722
2018-08-19 14:52:00,0.24800,0.30800,0.73000,0.71644
2018-08-19 14:53:00,0.25100,0.30800,0.74100,0.71301
2018-08-19 14:54:00,0.21000,0.30800,0.62000,0.71238
2018-08-19 14:55:00,0.28500,0.30800,0.84100,0.70573
2018-08-19 14:56:00,0.23900,0.30800,0.70500,0.70789
2018-08-19 14:57:00,0.20400,0.30800,0.59900,0.70632
2018-08-19 14:58:00,0.22100,0.30800,0.64900,0.70397
2018-08-19 14:59:00,0.25100,0.30700,0.73900,0.70295
2018-08-19 15:00:00,0.21300,0.30700,0.62800,0.69829
2018-08-19 15:01:00,0.24700,0.30700,0.72400,0.69623
2018-08-19 15:02:00,0.25000,0.30700,0.73400,0.69449
2018-08-19 15:03:00,0.23800,0.30700,0.69900,0.68711
2018-08-19 15:04:00,0.21500,0.30600,0.62900,0.68813
2018-08-19 15:05:00,0.30500,0.30700,0.89500,0.68692
2018-08-19 15:06:00,0.24700,0.30600,0.72200,0.68507
2018-08-19 15:07:00,0.17900,0.30600,0.52400,0.68275
2018-08-19 15:08:00,0.24000,0.30600,0.70100,0.68117
2018-08-19 15:09:00,0.23400,0.30600,0.68700,0.68221
2018-08-19 15:10:00,0.24800,0.30600,0.72500,0.67926
2018-08-19 15:11:00,0.25000,0.30500,0.72900,0.67752
2018-08-19 15:12:00,0.30300,0.30500,0.88400,0.67376
2018-08-19 15:13:00,0.20100,0.30500,0.58500,0.67207
2018-08-19 15:14:00,0.23700,0.30500,0.69000,0.67143
2018-08-19 15:15:00,0.23300,0.30500,0.67900,0.67024
2018-08-19 15:16:00,0.19200,0.30500,0.55900,0.66598
2018-08-19 15:17:00,0.22900,0.30500,0.66600,0.66131
2018-08-19 15:18:00,0.19700,0.30400,0.57300,0.65554
2018-08-19 15:19:00,0.19900,0.30400,0.58000,0.65514
2018-08-19 15:20:00,0.21800,0.30500,0.63500,0.65598
2018-08-19 15:21:00,0.19800,0.30400,0.57400,0.65502
2018-08-19 15:22:00,0.20000,0.30400,0.58200,0.64854
2018-08-19 15:23:00,0.23200,0.30400,0.67400,0.64501
2018-08-19 15:24:00,0.22000,0.30400,0.63900,0.64240
2018-08-19 15:25:00,0.21400,0.30400,0.62100,0.64252
2018-08-19 15:26:00,0.20500,0.30400,0.59600,0.63798
2018-08-19 15:27:00,0.22900,0.30400,0.66700,0.63387
2018-08-19 15:28:00,0.24000,0.30400,0.69800,0.63110
2018-08-19 15:29:00,0.19600,0.30300,0.56900,0.62891
2018-08-19 15:30:00,0.22400,0.30400,0.64900,0.62304
2018-08-19 15:31:00,0.19700,0.30400,0.57200,0.62304
2018-08-19 15:32:00,0.21700,0.30300,0.62900,0.62092
2018-08-19 15:33:00,0.22400,0.30300,0.65000,0.61648
2018-08-19 15:34:00,0.18700,0.30400,0.54400,0.61082
2018-08-19 15:35:00,0.23200,0.30400,0.67400,0.60797
2018-08-19 15:36:00,0.20700,0.30400,0.60200,0.60514
2018-08-19 15:37:00,0.20700,0.30400,0.60000,0.60234
2018-08-19 15:38:00,0.31300,0.30400,0.90900,0.59958
2018-08-19 15:39:00,0.23900,0.30300,0.69200,0.59684
2018-08-19 15:40:00,0.23300,0.30300,0.67500,0.59414
2018-08-19 15:41:00,0.18900,0.30300,0.54800,0.59147
2018-08-19 15:42:00,0.22300,0.30300,0.64600,0.58884
2018-08-19 15:43:00,0.19900,0.30300,0.57500,0.58624
2018-08-19 15:44:00,0.16500,0.30300,0.47900,0.58369
2018-08-19 15:45:00,0.19000,0.30300,0.55100,0.58117
2018-08-19 15:46:00,0.18000,0.30300,0.52100,0.57870
2018-08-19 15:47:00,0.23100,0.30300,0.66900,0.57627
2018-08-19 15:48:00,0.18000,0.30300,0.52200,0.57389
2018-08-19 15:49:00,0.12600,0.30300,0.36400,0.57155
2018-08-19 15:50:00,0.20700,0.30300,0.59900,0.56926
2018-08-19 15:51:00,0.20200,0.30400,0.58600,0.56703
2018-08-19 15:52:00,0.20600,0.30300,0.59700,0.56484
2018-08-19 15:55:00,0.19600,0.30200,0.56500,0.56271
2018-08-19 15:56:00,0.18800,0.30300,0.54400,0.56064
2018-08-19 15:57:00,0.15900,0.30200,0.45900,0.55862
2018-08-19 15:58:00,0.16500,0.30200,0.47600,0.55666
2018-08-19 15:59:00,0.21300,0.30200,0.61400,0.55476
2018-08-19 16:00:00,0.17900,0.30200,0.51700,0.55293
2018-08-19 16:02:00,0.21400,0.30200,0.61800,0.55115
2018-08-19 16:03:00,0.18400,0.30200,0.52900,0.54944
2018-08-19 16:04:00,0.19900,0.30100,0.57100,0.54780
2018-08-19 16:06:00,0.19800,0.29900,0.56400,0.54622
2018-08-19 16:07:00,0.19200,0.30100,0.54900,0.54472
2018-08-19 16:08:00,0.18600,0.30100,0.53600,0.54329
2018-08-19 16:09:00,0.20500,0.30100,0.58700,0.54193
2018-08-19 16:10:00,0.18800,0.30000,0.53700,0.54064
2018-08-19 16:11:00,0.17800,0.30000,0.50900,0.53943
2018-08-19 16:12:00,0.17500,0.30000,0.50100,0.53830
2018-08-19 16:13:00,0.21000,0.30000,0.60100,0.53725
