UTC_DOY,UTC_SOY,foxx_z_meters,foxx_dz_mper6h,m3_m3s_6h,m4_m3s_6h,mF_m3s_6h
1,86400,NaN,NaN,NaN,NaN,NaN
1.25,108000,2.352,NaN,NaN,NaN,NaN
1.5,129600,2.352,0,0,0,0
1.75,151200,2.351,-0.00099999999999989,-0.257099629629601,-0.950453518518414,-0.551303796296236
2,172800,2.349,-0.00199999999999978,-0.514199259259203,-1.90090703703683,-1.10260759259247
2.25,194400,2.351,0.00199999999999978,0.514199259259203,1.90090703703683,1.10260759259247
2.5,216000,2.351,0,0,0,0
2.75,237600,2.35,-0.00099999999999989,-0.257099629629601,-0.950453518518414,-0.551303796296236
3,259200,2.349,-0.00099999999999989,-0.257099629629601,-0.950453518518414,-0.551303796296236
3.25,280800,2.35,0.00099999999999989,0.257099629629601,0.950453518518414,0.551303796296236
3.5,302400,2.349,-0.00099999999999989,-0.257099629629601,-0.950453518518414,-0.551303796296236
3.75,324000,2.348,-0.00100000000000033,-0.257099629629715,-0.950453518518836,-0.55130379629648
4,345600,2.35,0.00200000000000022,0.514199259259317,1.90090703703725,1.10260759259272
4.25,367200,2.35,0,0,0,0
4.5,388800,2.348,-0.00200000000000022,-0.514199259259317,-1.90090703703725,-1.10260759259272
4.75,410400,2.35,0.00200000000000022,0.514199259259317,1.90090703703725,1.10260759259272
5,432000,2.35,0,0,0,0
5.25,453600,2.348,-0.00200000000000022,-0.514199259259317,-1.90090703703725,-1.10260759259272
5.5,475200,2.35,0.00200000000000022,0.514199259259317,1.90090703703725,1.10260759259272
5.75,496800,2.352,0.00199999999999978,0.514199259259203,1.90090703703683,1.10260759259247
6,518400,2.354,0.00200000000000022,0.514199259259317,1.90090703703725,1.10260759259272
6.25,540000,2.353,-0.00099999999999989,-0.257099629629601,-0.950453518518414,-0.551303796296236
6.5,561600,2.352,-0.00100000000000033,-0.257099629629715,-0.950453518518836,-0.55130379629648
6.75,583200,2.352,0,0,0,0
7,604800,2.352,0,0,0,0
7.25,626400,2.351,-0.00099999999999989,-0.257099629629601,-0.950453518518414,-0.551303796296236
7.5,648000,2.35,-0.00099999999999989,-0.257099629629601,-0.950453518518414,-0.551303796296236
7.75,669600,2.358,0.00800000000000001,2.05679703703704,7.60362814814815,4.41043037037037
8,691200,2.357,-0.00099999999999989,-0.257099629629601,-0.950453518518414,-0.551303796296236
8.25,712800,2.355,-0.00200000000000022,-0.514199259259317,-1.90090703703725,-1.10260759259272
8.5,734400,2.354,-0.00099999999999989,-0.257099629629601,-0.950453518518414,-0.551303796296236
8.75,756000,2.353,-0.00099999999999989,-0.257099629629601,-0.950453518518414,-0.551303796296236
9,777600,2.353,0,0,0,0
9.25,799200,2.352,-0.00100000000000033,-0.257099629629715,-0.950453518518836,-0.55130379629648
9.5,820800,2.352,0,0,0,0
9.75,842400,2.351,-0.00099999999999989,-0.257099629629601,-0.950453518518414,-0.551303796296236
10,864000,2.35,-0.00099999999999989,-0.257099629629601,-0.950453518518414,-0.551303796296236
10.25,885600,2.349,-0.00099999999999989,-0.257099629629601,-0.950453518518414,-0.551303796296236
10.5,907200,2.35,0.00099999999999989,0.257099629629601,0.950453518518414,0.551303796296236
10.75,928800,2.35,0,0,0,0
11,950400,2.353,0.00300000000000011,0.771298888888918,2.85136055555566,1.65391138888895
11.25,972000,2.354,0.00099999999999989,0.257099629629601,0.950453518518414,0.551303796296236
11.5,993600,2.352,-0.00200000000000022,-0.514199259259317,-1.90090703703725,-1.10260759259272
11.75,1015200,2.355,0.00300000000000011,0.771298888888918,2.85136055555566,1.65391138888895
12,1036800,2.354,-0.00099999999999989,-0.257099629629601,-0.950453518518414,-0.551303796296236
12.25,1058400,2.354,0,0,0,0
12.5,1080000,2.356,0.00199999999999978,0.514199259259203,1.90090703703683,1.10260759259247
12.75,1101600,2.358,0.00200000000000022,0.514199259259317,1.90090703703725,1.10260759259272
13,1123200,2.359,0.00099999999999989,0.257099629629601,0.950453518518414,0.551303796296236
13.25,1144800,2.358,-0.00099999999999989,-0.257099629629601,-0.950453518518414,-0.551303796296236
13.5,1166400,2.357,-0.00099999999999989,-0.257099629629601,-0.950453518518414,-0.551303796296236
13.75,1188000,2.355,-0.00200000000000022,-0.514199259259317,-1.90090703703725,-1.10260759259272
14,1209600,2.354,-0.00099999999999989,-0.257099629629601,-0.950453518518414,-0.551303796296236
14.25,1231200,2.354,0,0,0,0
14.5,1252800,2.354,0,0,0,0
14.75,1274400,2.356,0.00199999999999978,0.514199259259203,1.90090703703683,1.10260759259247
15,1296000,2.355,-0.00099999999999989,-0.257099629629601,-0.950453518518414,-0.551303796296236
15.25,1317600,2.358,0.00300000000000011,0.771298888888918,2.85136055555566,1.65391138888895
15.5,1339200,2.358,0,0,0,0
15.75,1360800,2.359,0.00099999999999989,0.257099629629601,0.950453518518414,0.551303796296236
16,1382400,2.358,-0.00099999999999989,-0.257099629629601,-0.950453518518414,-0.551303796296236
16.25,1404000,2.357,-0.00099999999999989,-0.257099629629601,-0.950453518518414,-0.551303796296236
16.5,1425600,2.359,0.00199999999999978,0.514199259259203,1.90090703703683,1.10260759259247
16.75,1447200,2.358,-0.00099999999999989,-0.257099629629601,-0.950453518518414,-0.551303796296236
17,1468800,2.359,0.00099999999999989,0.257099629629601,0.950453518518414,0.551303796296236
17.25,1490400,2.358,-0.00099999999999989,-0.257099629629601,-0.950453518518414,-0.551303796296236
17.5,1512000,2.361,0.00300000000000011,0.771298888888918,2.85136055555566,1.65391138888895
17.75,1533600,2.359,-0.00200000000000022,-0.514199259259317,-1.90090703703725,-1.10260759259272
18,1555200,2.357,-0.00199999999999978,-0.514199259259203,-1.90090703703683,-1.10260759259247
18.25,1576800,2.357,0,0,0,0
18.5,1598400,2.355,-0.00200000000000022,-0.514199259259317,-1.90090703703725,-1.10260759259272
18.75,1620000,2.353,-0.00199999999999978,-0.514199259259203,-1.90090703703683,-1.10260759259247
19,1641600,2.353,0,0,0,0
19.25,1663200,2.354,0.00099999999999989,0.257099629629601,0.950453518518414,0.551303796296236
19.5,1684800,2.354,0,0,0,0
19.75,1706400,2.353,-0.00099999999999989,-0.257099629629601,-0.950453518518414,-0.551303796296236
20,1728000,2.357,0.004,1.02839851851852,3.80181407407408,2.20521518518519
20.25,1749600,2.353,-0.004,-1.02839851851852,-3.80181407407408,-2.20521518518519
20.5,1771200,2.353,0,0,0,0
20.75,1792800,2.352,-0.00100000000000033,-0.257099629629715,-0.950453518518836,-0.55130379629648
21,1814400,2.352,0,0,0,0
21.25,1836000,2.352,0,0,0,0
21.5,1857600,2.351,-0.00099999999999989,-0.257099629629601,-0.950453518518414,-0.551303796296236
21.75,1879200,2.35,-0.00099999999999989,-0.257099629629601,-0.950453518518414,-0.551303796296236
22,1900800,2.35,0,0,0,0
22.25,1922400,2.352,0.00199999999999978,0.514199259259203,1.90090703703683,1.10260759259247
22.5,1944000,2.352,0,0,0,0
22.75,1965600,2.352,0,0,0,0
23,1987200,2.353,0.00100000000000033,0.257099629629715,0.950453518518836,0.55130379629648
23.25,2008800,2.355,0.00199999999999978,0.514199259259203,1.90090703703683,1.10260759259247
23.5,2030400,2.356,0.00099999999999989,0.257099629629601,0.950453518518414,0.551303796296236
23.75,2052000,2.357,0.00100000000000033,0.257099629629715,0.950453518518836,0.55130379629648
24,2073600,2.356,-0.00100000000000033,-0.257099629629715,-0.950453518518836,-0.55130379629648
24.25,2095200,2.355,-0.00099999999999989,-0.257099629629601,-0.950453518518414,-0.551303796296236
24.5,2116800,2.354,-0.00099999999999989,-0.257099629629601,-0.950453518518414,-0.551303796296236
24.75,2138400,2.353,-0.00099999999999989,-0.257099629629601,-0.950453518518414,-0.551303796296236
25,2160000,2.353,0,0,0,0
25.25,2181600,2.352,-0.00100000000000033,-0.257099629629715,-0.950453518518836,-0.55130379629648
25.5,2203200,2.351,-0.00099999999999989,-0.257099629629601,-0.950453518518414,-0.551303796296236
25.75,2224800,2.352,0.00099999999999989,0.257099629629601,0.950453518518414,0.551303796296236
26,2246400,2.353,0.00100000000000033,0.257099629629715,0.950453518518836,0.55130379629648
26.25,2268000,2.351,-0.00200000000000022,-0.514199259259317,-1.90090703703725,-1.10260759259272
26.5,2289600,2.353,0.00200000000000022,0.514199259259317,1.90090703703725,1.10260759259272
26.75,2311200,2.352,-0.00100000000000033,-0.257099629629715,-0.950453518518836,-0.55130379629648
27,2332800,2.354,0.00200000000000022,0.514199259259317,1.90090703703725,1.10260759259272
27.25,2354400,2.352,-0.00200000000000022,-0.514199259259317,-1.90090703703725,-1.10260759259272
27.5,2376000,2.351,-0.00099999999999989,-0.257099629629601,-0.950453518518414,-0.551303796296236
27.75,2397600,2.352,0.00099999999999989,0.257099629629601,0.950453518518414,0.551303796296236
28,2419200,2.351,-0.00099999999999989,-0.257099629629601,-0.950453518518414,-0.551303796296236
28.25,2440800,2.351,0,0,0,0
28.5,2462400,2.351,0,0,0,0
28.75,2484000,2.351,0,0,0,0
29,2505600,2.351,0,0,0,0
29.25,2527200,2.351,0,0,0,0
29.5,2548800,2.351,0,0,0,0
29.75,2570400,2.35,-0.00099999999999989,-0.257099629629601,-0.950453518518414,-0.551303796296236
30,2592000,2.35,0,0,0,0
30.25,2613600,2.349,-0.00099999999999989,-0.257099629629601,-0.950453518518414,-0.551303796296236
30.5,2635200,2.349,0,0,0,0
30.75,2656800,2.35,0.00099999999999989,0.257099629629601,0.950453518518414,0.551303796296236
31,2678400,2.35,0,0,0,0
31.25,2700000,2.351,0.00099999999999989,0.257099629629601,0.950453518518414,0.551303796296236
31.5,2721600,2.352,0.00099999999999989,0.257099629629601,0.950453518518414,0.551303796296236
31.75,2743200,2.355,0.00300000000000011,0.771298888888918,2.85136055555566,1.65391138888895
32,2764800,2.354,-0.00099999999999989,-0.257099629629601,-0.950453518518414,-0.551303796296236
32.25,2786400,2.354,0,0,0,0
32.5,2808000,2.355,0.00099999999999989,0.257099629629601,0.950453518518414,0.551303796296236
32.75,2829600,2.354,-0.00099999999999989,-0.257099629629601,-0.950453518518414,-0.551303796296236
33,2851200,2.352,-0.00200000000000022,-0.514199259259317,-1.90090703703725,-1.10260759259272
33.25,2872800,2.354,0.00200000000000022,0.514199259259317,1.90090703703725,1.10260759259272
33.5,2894400,2.352,-0.00200000000000022,-0.514199259259317,-1.90090703703725,-1.10260759259272
33.75,2916000,2.355,0.00300000000000011,0.771298888888918,2.85136055555566,1.65391138888895
34,2937600,2.354,-0.00099999999999989,-0.257099629629601,-0.950453518518414,-0.551303796296236
34.25,2959200,2.355,0.00099999999999989,0.257099629629601,0.950453518518414,0.551303796296236
34.5,2980800,2.356,0.00099999999999989,0.257099629629601,0.950453518518414,0.551303796296236
34.75,3002400,2.356,0,0,0,0
35,3024000,2.353,-0.00299999999999967,-0.771298888888804,-2.85136055555524,-1.65391138888871
35.25,3045600,2.354,0.00099999999999989,0.257099629629601,0.950453518518414,0.551303796296236
35.5,3067200,2.353,-0.00099999999999989,-0.257099629629601,-0.950453518518414,-0.551303796296236
35.75,3088800,2.351,-0.00200000000000022,-0.514199259259317,-1.90090703703725,-1.10260759259272
36,3110400,2.352,0.00099999999999989,0.257099629629601,0.950453518518414,0.551303796296236
36.25,3132000,2.352,0,0,0,0
36.5,3153600,2.352,0,0,0,0
36.75,3175200,2.355,0.00300000000000011,0.771298888888918,2.85136055555566,1.65391138888895
37,3196800,2.358,0.00300000000000011,0.771298888888918,2.85136055555566,1.65391138888895
37.25,3218400,2.357,-0.00099999999999989,-0.257099629629601,-0.950453518518414,-0.551303796296236
37.5,3240000,2.358,0.00099999999999989,0.257099629629601,0.950453518518414,0.551303796296236
37.75,3261600,2.357,-0.00099999999999989,-0.257099629629601,-0.950453518518414,-0.551303796296236
38,3283200,2.355,-0.00200000000000022,-0.514199259259317,-1.90090703703725,-1.10260759259272
38.25,3304800,2.355,0,0,0,0
38.5,3326400,2.356,0.00099999999999989,0.257099629629601,0.950453518518414,0.551303796296236
38.75,3348000,2.357,0.00100000000000033,0.257099629629715,0.950453518518836,0.55130379629648
39,3369600,2.356,-0.00100000000000033,-0.257099629629715,-0.950453518518836,-0.55130379629648
39.25,3391200,2.356,0,0,0,0
39.5,3412800,2.353,-0.00299999999999967,-0.771298888888804,-2.85136055555524,-1.65391138888871
39.75,3434400,2.353,0,0,0,0
40,3456000,2.354,0.00099999999999989,0.257099629629601,0.950453518518414,0.551303796296236
40.25,3477600,2.354,0,0,0,0
40.5,3499200,2.352,-0.00200000000000022,-0.514199259259317,-1.90090703703725,-1.10260759259272
40.75,3520800,2.354,0.00200000000000022,0.514199259259317,1.90090703703725,1.10260759259272
41,3542400,2.354,0,0,0,0
41.25,3564000,2.353,-0.00099999999999989,-0.257099629629601,-0.950453518518414,-0.551303796296236
41.5,3585600,2.353,0,0,0,0
41.75,3607200,2.352,-0.00100000000000033,-0.257099629629715,-0.950453518518836,-0.55130379629648
42,3628800,2.349,-0.00299999999999967,-0.771298888888804,-2.85136055555524,-1.65391138888871
42.25,3650400,2.35,0.00099999999999989,0.257099629629601,0.950453518518414,0.551303796296236
42.5,3672000,2.349,-0.00099999999999989,-0.257099629629601,-0.950453518518414,-0.551303796296236
42.75,3693600,2.351,0.00199999999999978,0.514199259259203,1.90090703703683,1.10260759259247
43,3715200,2.352,0.00099999999999989,0.257099629629601,0.950453518518414,0.551303796296236
43.25,3736800,2.353,0.00100000000000033,0.257099629629715,0.950453518518836,0.55130379629648
43.5,3758400,2.354,0.00099999999999989,0.257099629629601,0.950453518518414,0.551303796296236
43.75,3780000,2.353,-0.00099999999999989,-0.257099629629601,-0.950453518518414,-0.551303796296236
44,3801600,2.351,-0.00200000000000022,-0.514199259259317,-1.90090703703725,-1.10260759259272
44.25,3823200,2.352,0.00099999999999989,0.257099629629601,0.950453518518414,0.551303796296236
44.5,3844800,2.351,-0.00099999999999989,-0.257099629629601,-0.950453518518414,-0.551303796296236
44.75,3866400,2.353,0.00200000000000022,0.514199259259317,1.90090703703725,1.10260759259272
45,3888000,2.357,0.004,1.02839851851852,3.80181407407408,2.20521518518519
45.25,3909600,2.359,0.00199999999999978,0.514199259259203,1.90090703703683,1.10260759259247
45.5,3931200,2.359,0,0,0,0
45.75,3952800,2.359,0,0,0,0
46,3974400,2.357,-0.00199999999999978,-0.514199259259203,-1.90090703703683,-1.10260759259247
46.25,3996000,2.356,-0.00100000000000033,-0.257099629629715,-0.950453518518836,-0.55130379629648
46.5,4017600,2.354,-0.00199999999999978,-0.514199259259203,-1.90090703703683,-1.10260759259247
46.75,4039200,2.354,0,0,0,0
47,4060800,2.352,-0.00200000000000022,-0.514199259259317,-1.90090703703725,-1.10260759259272
47.25,4082400,2.352,0,0,0,0
47.5,4104000,2.352,0,0,0,0
47.75,4125600,2.352,0,0,0,0
48,4147200,2.351,-0.00099999999999989,-0.257099629629601,-0.950453518518414,-0.551303796296236
48.25,4168800,2.351,0,0,0,0
48.5,4190400,2.35,-0.00099999999999989,-0.257099629629601,-0.950453518518414,-0.551303796296236
48.75,4212000,2.351,0.00099999999999989,0.257099629629601,0.950453518518414,0.551303796296236
49,4233600,2.352,0.00099999999999989,0.257099629629601,0.950453518518414,0.551303796296236
49.25,4255200,2.353,0.00100000000000033,0.257099629629715,0.950453518518836,0.55130379629648
49.5,4276800,2.353,0,0,0,0
49.75,4298400,2.354,0.00099999999999989,0.257099629629601,0.950453518518414,0.551303796296236
50,4320000,2.353,-0.00099999999999989,-0.257099629629601,-0.950453518518414,-0.551303796296236
50.25,4341600,2.352,-0.00100000000000033,-0.257099629629715,-0.950453518518836,-0.55130379629648
50.5,4363200,2.35,-0.00199999999999978,-0.514199259259203,-1.90090703703683,-1.10260759259247
50.75,4384800,2.347,-0.00300000000000011,-0.771298888888918,-2.85136055555566,-1.65391138888895
51,4406400,2.349,0.00200000000000022,0.514199259259317,1.90090703703725,1.10260759259272
51.25,4428000,2.349,0,0,0,0
51.5,4449600,2.348,-0.00100000000000033,-0.257099629629715,-0.950453518518836,-0.55130379629648
51.75,4471200,2.348,0,0,0,0
52,4492800,2.347,-0.00099999999999989,-0.257099629629601,-0.950453518518414,-0.551303796296236
52.25,4514400,2.349,0.00200000000000022,0.514199259259317,1.90090703703725,1.10260759259272
52.5,4536000,2.347,-0.00200000000000022,-0.514199259259317,-1.90090703703725,-1.10260759259272
52.75,4557600,2.349,0.00200000000000022,0.514199259259317,1.90090703703725,1.10260759259272
53,4579200,2.348,-0.00100000000000033,-0.257099629629715,-0.950453518518836,-0.55130379629648
53.25,4600800,2.348,0,0,0,0
53.5,4622400,2.349,0.00100000000000033,0.257099629629715,0.950453518518836,0.55130379629648
53.75,4644000,2.351,0.00199999999999978,0.514199259259203,1.90090703703683,1.10260759259247
54,4665600,2.351,0,0,0,0
54.25,4687200,2.35,-0.00099999999999989,-0.257099629629601,-0.950453518518414,-0.551303796296236
54.5,4708800,2.35,0,0,0,0
54.75,4730400,2.349,-0.00099999999999989,-0.257099629629601,-0.950453518518414,-0.551303796296236
55,4752000,2.349,0,0,0,0
55.25,4773600,2.349,0,0,0,0
55.5,4795200,2.349,0,0,0,0
55.75,4816800,2.349,0,0,0,0
56,4838400,2.348,-0.00100000000000033,-0.257099629629715,-0.950453518518836,-0.55130379629648
56.25,4860000,2.347,-0.00099999999999989,-0.257099629629601,-0.950453518518414,-0.551303796296236
56.5,4881600,2.347,0,0,0,0
56.75,4903200,2.346,-0.00099999999999989,-0.257099629629601,-0.950453518518414,-0.551303796296236
57,4924800,2.345,-0.00099999999999989,-0.257099629629601,-0.950453518518414,-0.551303796296236
57.25,4946400,2.345,0,0,0,0
57.5,4968000,2.344,-0.00100000000000033,-0.257099629629715,-0.950453518518836,-0.55130379629648
57.75,4989600,2.345,0.00100000000000033,0.257099629629715,0.950453518518836,0.55130379629648
58,5011200,2.344,-0.00100000000000033,-0.257099629629715,-0.950453518518836,-0.55130379629648
58.25,5032800,2.343,-0.00099999999999989,-0.257099629629601,-0.950453518518414,-0.551303796296236
58.5,5054400,2.344,0.00099999999999989,0.257099629629601,0.950453518518414,0.551303796296236
58.75,5076000,2.343,-0.00099999999999989,-0.257099629629601,-0.950453518518414,-0.551303796296236
59,5097600,2.343,0,0,0,0
59.25,5119200,2.343,0,0,0,0
59.5,5140800,2.341,-0.00199999999999978,-0.514199259259203,-1.90090703703683,-1.10260759259247
59.75,5162400,2.342,0.00099999999999989,0.257099629629601,0.950453518518414,0.551303796296236
60,5184000,2.341,-0.00099999999999989,-0.257099629629601,-0.950453518518414,-0.551303796296236
60.25,5205600,NaN,NaN,NaN,NaN,NaN
60.5,5227200,NaN,NaN,NaN,NaN,NaN
60.75,5248800,2.336,NaN,NaN,NaN,NaN
61,5270400,2.337,0.00100000000000033,0.257099629629715,0.950453518518836,0.55130379629648
61.25,5292000,2.332,-0.00500000000000034,-1.28549814814824,-4.75226759259291,-2.75651898148167
61.5,5313600,2.331,-0.00099999999999989,-0.257099629629601,-0.950453518518414,-0.551303796296236
61.75,5335200,2.334,0.00300000000000011,0.771298888888918,2.85136055555566,1.65391138888895
62,5356800,2.337,0.00300000000000011,0.771298888888918,2.85136055555566,1.65391138888895
62.25,5378400,2.336,-0.00100000000000033,-0.257099629629715,-0.950453518518836,-0.55130379629648
62.5,5400000,2.338,0.00200000000000022,0.514199259259317,1.90090703703725,1.10260759259272
62.75,5421600,2.337,-0.00099999999999989,-0.257099629629601,-0.950453518518414,-0.551303796296236
63,5443200,2.335,-0.00200000000000022,-0.514199259259317,-1.90090703703725,-1.10260759259272
63.25,5464800,2.337,0.00200000000000022,0.514199259259317,1.90090703703725,1.10260759259272
63.5,5486400,2.338,0.00099999999999989,0.257099629629601,0.950453518518414,0.551303796296236
63.75,5508000,2.34,0.00199999999999978,0.514199259259203,1.90090703703683,1.10260759259247
64,5529600,2.341,0.00100000000000033,0.257099629629715,0.950453518518836,0.55130379629648
64.25,5551200,2.34,-0.00100000000000033,-0.257099629629715,-0.950453518518836,-0.55130379629648
64.5,5572800,2.339,-0.00099999999999989,-0.257099629629601,-0.950453518518414,-0.551303796296236
64.75,5594400,2.338,-0.00099999999999989,-0.257099629629601,-0.950453518518414,-0.551303796296236
65,5616000,2.341,0.00300000000000011,0.771298888888918,2.85136055555566,1.65391138888895
65.25,5637600,2.336,-0.00500000000000034,-1.28549814814824,-4.75226759259291,-2.75651898148167
65.5,5659200,2.338,0.00200000000000022,0.514199259259317,1.90090703703725,1.10260759259272
65.75,5680800,2.338,0,0,0,0
66,5702400,2.337,-0.00099999999999989,-0.257099629629601,-0.950453518518414,-0.551303796296236
66.25,5724000,2.337,0,0,0,0
66.5,5745600,2.337,0,0,0,0
66.75,5767200,2.337,0,0,0,0
67,5788800,2.336,-0.00100000000000033,-0.257099629629715,-0.950453518518836,-0.55130379629648
67.25,5810400,2.334,-0.00199999999999978,-0.514199259259203,-1.90090703703683,-1.10260759259247
67.5,5832000,2.334,0,0,0,0
67.75,5853600,2.335,0.00099999999999989,0.257099629629601,0.950453518518414,0.551303796296236
68,5875200,2.336,0.00099999999999989,0.257099629629601,0.950453518518414,0.551303796296236
68.25,5896800,2.335,-0.00099999999999989,-0.257099629629601,-0.950453518518414,-0.551303796296236
68.5,5918400,2.335,0,0,0,0
68.75,5940000,2.335,0,0,0,0
69,5961600,2.335,0,0,0,0
69.25,5983200,2.333,-0.00199999999999978,-0.514199259259203,-1.90090703703683,-1.10260759259247
69.5,6004800,2.334,0.00099999999999989,0.257099629629601,0.950453518518414,0.551303796296236
69.75,6026400,2.336,0.00199999999999978,0.514199259259203,1.90090703703683,1.10260759259247
70,6048000,2.336,0,0,0,0
70.25,6069600,2.334,-0.00199999999999978,-0.514199259259203,-1.90090703703683,-1.10260759259247
70.5,6091200,2.335,0.00099999999999989,0.257099629629601,0.950453518518414,0.551303796296236
70.75,6112800,2.336,0.00099999999999989,0.257099629629601,0.950453518518414,0.551303796296236
71,6134400,2.336,0,0,0,0
71.25,6156000,2.335,-0.00099999999999989,-0.257099629629601,-0.950453518518414,-0.551303796296236
71.5,6177600,2.335,0,0,0,0
71.75,6199200,2.337,0.00200000000000022,0.514199259259317,1.90090703703725,1.10260759259272
72,6220800,2.335,-0.00200000000000022,-0.514199259259317,-1.90090703703725,-1.10260759259272
72.25,6242400,2.334,-0.00099999999999989,-0.257099629629601,-0.950453518518414,-0.551303796296236
72.5,6264000,2.335,0.00099999999999989,0.257099629629601,0.950453518518414,0.551303796296236
72.75,6285600,2.338,0.00300000000000011,0.771298888888918,2.85136055555566,1.65391138888895
73,6307200,2.339,0.00099999999999989,0.257099629629601,0.950453518518414,0.551303796296236
73.25,6328800,2.341,0.00200000000000022,0.514199259259317,1.90090703703725,1.10260759259272
73.5,6350400,2.339,-0.00200000000000022,-0.514199259259317,-1.90090703703725,-1.10260759259272
73.75,6372000,2.339,0,0,0,0
74,6393600,2.338,-0.00099999999999989,-0.257099629629601,-0.950453518518414,-0.551303796296236
74.25,6415200,2.337,-0.00099999999999989,-0.257099629629601,-0.950453518518414,-0.551303796296236
74.5,6436800,2.336,-0.00100000000000033,-0.257099629629715,-0.950453518518836,-0.55130379629648
74.75,6458400,2.338,0.00200000000000022,0.514199259259317,1.90090703703725,1.10260759259272
75,6480000,2.336,-0.00200000000000022,-0.514199259259317,-1.90090703703725,-1.10260759259272
75.25,6501600,2.335,-0.00099999999999989,-0.257099629629601,-0.950453518518414,-0.551303796296236
75.5,6523200,2.336,0.00099999999999989,0.257099629629601,0.950453518518414,0.551303796296236
75.75,6544800,2.338,0.00200000000000022,0.514199259259317,1.90090703703725,1.10260759259272
76,6566400,2.336,-0.00200000000000022,-0.514199259259317,-1.90090703703725,-1.10260759259272
76.25,6588000,2.338,0.00200000000000022,0.514199259259317,1.90090703703725,1.10260759259272
76.5,6609600,2.339,0.00099999999999989,0.257099629629601,0.950453518518414,0.551303796296236
76.75,6631200,2.342,0.00300000000000011,0.771298888888918,2.85136055555566,1.65391138888895
77,6652800,2.343,0.00099999999999989,0.257099629629601,0.950453518518414,0.551303796296236
77.25,6674400,2.342,-0.00099999999999989,-0.257099629629601,-0.950453518518414,-0.551303796296236
77.5,6696000,2.345,0.00300000000000011,0.771298888888918,2.85136055555566,1.65391138888895
77.75,6717600,2.344,-0.00100000000000033,-0.257099629629715,-0.950453518518836,-0.55130379629648
78,6739200,2.344,0,0,0,0
78.25,6760800,2.343,-0.00099999999999989,-0.257099629629601,-0.950453518518414,-0.551303796296236
78.5,6782400,2.343,0,0,0,0
78.75,6804000,2.344,0.00099999999999989,0.257099629629601,0.950453518518414,0.551303796296236
79,6825600,2.341,-0.00299999999999967,-0.771298888888804,-2.85136055555524,-1.65391138888871
79.25,6847200,2.34,-0.00100000000000033,-0.257099629629715,-0.950453518518836,-0.55130379629648
79.5,6868800,2.34,0,0,0,0
79.75,6890400,2.341,0.00100000000000033,0.257099629629715,0.950453518518836,0.55130379629648
80,6912000,2.338,-0.00300000000000011,-0.771298888888918,-2.85136055555566,-1.65391138888895
80.25,6933600,2.339,0.00099999999999989,0.257099629629601,0.950453518518414,0.551303796296236
80.5,6955200,2.34,0.00099999999999989,0.257099629629601,0.950453518518414,0.551303796296236
80.75,6976800,2.341,0.00100000000000033,0.257099629629715,0.950453518518836,0.55130379629648
81,6998400,2.344,0.00299999999999967,0.771298888888804,2.85136055555524,1.65391138888871
81.25,7020000,2.343,-0.00099999999999989,-0.257099629629601,-0.950453518518414,-0.551303796296236
81.5,7041600,2.343,0,0,0,0
81.75,7063200,2.345,0.00200000000000022,0.514199259259317,1.90090703703725,1.10260759259272
82,7084800,2.344,-0.00100000000000033,-0.257099629629715,-0.950453518518836,-0.55130379629648
82.25,7106400,2.344,0,0,0,0
82.5,7128000,2.343,-0.00099999999999989,-0.257099629629601,-0.950453518518414,-0.551303796296236
82.75,7149600,2.345,0.00200000000000022,0.514199259259317,1.90090703703725,1.10260759259272
83,7171200,2.343,-0.00200000000000022,-0.514199259259317,-1.90090703703725,-1.10260759259272
83.25,7192800,2.343,0,0,0,0
83.5,7214400,2.344,0.00099999999999989,0.257099629629601,0.950453518518414,0.551303796296236
83.75,7236000,2.348,0.004,1.02839851851852,3.80181407407408,2.20521518518519
84,7257600,2.348,0,0,0,0
84.25,7279200,2.349,0.00100000000000033,0.257099629629715,0.950453518518836,0.55130379629648
84.5,7300800,2.352,0.00299999999999967,0.771298888888804,2.85136055555524,1.65391138888871
84.75,7322400,2.351,-0.00099999999999989,-0.257099629629601,-0.950453518518414,-0.551303796296236
85,7344000,2.352,0.00099999999999989,0.257099629629601,0.950453518518414,0.551303796296236
85.25,7365600,2.351,-0.00099999999999989,-0.257099629629601,-0.950453518518414,-0.551303796296236
85.5,7387200,2.352,0.00099999999999989,0.257099629629601,0.950453518518414,0.551303796296236
85.75,7408800,2.352,0,0,0,0
86,7430400,2.35,-0.00199999999999978,-0.514199259259203,-1.90090703703683,-1.10260759259247
86.25,7452000,2.35,0,0,0,0
86.5,7473600,2.35,0,0,0,0
86.75,7495200,2.348,-0.00200000000000022,-0.514199259259317,-1.90090703703725,-1.10260759259272
87,7516800,2.346,-0.00199999999999978,-0.514199259259203,-1.90090703703683,-1.10260759259247
87.25,7538400,2.346,0,0,0,0
87.5,7560000,2.347,0.00099999999999989,0.257099629629601,0.950453518518414,0.551303796296236
87.75,7581600,2.346,-0.00099999999999989,-0.257099629629601,-0.950453518518414,-0.551303796296236
88,7603200,2.343,-0.00300000000000011,-0.771298888888918,-2.85136055555566,-1.65391138888895
88.25,7624800,2.341,-0.00199999999999978,-0.514199259259203,-1.90090703703683,-1.10260759259247
88.5,7646400,2.338,-0.00300000000000011,-0.771298888888918,-2.85136055555566,-1.65391138888895
88.75,7668000,2.344,0.00599999999999978,1.54259777777772,5.70272111111091,3.30782277777766
89,7689600,2.344,0,0,0,0
89.25,7711200,2.343,-0.00099999999999989,-0.257099629629601,-0.950453518518414,-0.551303796296236
89.5,7732800,2.343,0,0,0,0
89.75,7754400,2.344,0.00099999999999989,0.257099629629601,0.950453518518414,0.551303796296236
90,7776000,2.343,-0.00099999999999989,-0.257099629629601,-0.950453518518414,-0.551303796296236
90.25,7797600,2.343,0,0,0,0
90.5,7819200,2.346,0.00300000000000011,0.771298888888918,2.85136055555566,1.65391138888895
90.75,7840800,2.348,0.00199999999999978,0.514199259259203,1.90090703703683,1.10260759259247
91,7862400,2.346,-0.00199999999999978,-0.514199259259203,-1.90090703703683,-1.10260759259247
91.25,7884000,2.348,0.00199999999999978,0.514199259259203,1.90090703703683,1.10260759259247
91.5,7905600,2.349,0.00100000000000033,0.257099629629715,0.950453518518836,0.55130379629648
91.75,7927200,2.35,0.00099999999999989,0.257099629629601,0.950453518518414,0.551303796296236
92,7948800,2.35,0,0,0,0
92.25,7970400,2.35,0,0,0,0
92.5,7992000,2.352,0.00199999999999978,0.514199259259203,1.90090703703683,1.10260759259247
92.75,8013600,2.353,0.00100000000000033,0.257099629629715,0.950453518518836,0.55130379629648
93,8035200,2.352,-0.00100000000000033,-0.257099629629715,-0.950453518518836,-0.55130379629648
93.25,8056800,2.353,0.00100000000000033,0.257099629629715,0.950453518518836,0.55130379629648
93.5,8078400,2.353,0,0,0,0
93.75,8100000,2.355,0.00199999999999978,0.514199259259203,1.90090703703683,1.10260759259247
94,8121600,2.353,-0.00199999999999978,-0.514199259259203,-1.90090703703683,-1.10260759259247
94.25,8143200,2.353,0,0,0,0
94.5,8164800,2.354,0.00099999999999989,0.257099629629601,0.950453518518414,0.551303796296236
94.75,8186400,2.354,0,0,0,0
95,8208000,2.353,-0.00099999999999989,-0.257099629629601,-0.950453518518414,-0.551303796296236
95.25,8229600,2.353,0,0,0,0
95.5,8251200,2.353,0,0,0,0
95.75,8272800,2.354,0.00099999999999989,0.257099629629601,0.950453518518414,0.551303796296236
96,8294400,2.354,0,0,0,0
96.25,8316000,2.354,0,0,0,0
96.5,8337600,2.355,0.00099999999999989,0.257099629629601,0.950453518518414,0.551303796296236
96.75,8359200,2.355,0,0,0,0
97,8380800,2.355,0,0,0,0
97.25,8402400,2.354,-0.00099999999999989,-0.257099629629601,-0.950453518518414,-0.551303796296236
97.5,8424000,2.355,0.00099999999999989,0.257099629629601,0.950453518518414,0.551303796296236
97.75,8445600,2.356,0.00099999999999989,0.257099629629601,0.950453518518414,0.551303796296236
98,8467200,2.358,0.00200000000000022,0.514199259259317,1.90090703703725,1.10260759259272
98.25,8488800,2.355,-0.00300000000000011,-0.771298888888918,-2.85136055555566,-1.65391138888895
98.5,8510400,2.354,-0.00099999999999989,-0.257099629629601,-0.950453518518414,-0.551303796296236
98.75,8532000,2.354,0,0,0,0
99,8553600,2.354,0,0,0,0
99.25,8575200,2.353,-0.00099999999999989,-0.257099629629601,-0.950453518518414,-0.551303796296236
99.5,8596800,2.352,-0.00100000000000033,-0.257099629629715,-0.950453518518836,-0.55130379629648
99.75,8618400,2.354,0.00200000000000022,0.514199259259317,1.90090703703725,1.10260759259272
100,8640000,2.352,-0.00200000000000022,-0.514199259259317,-1.90090703703725,-1.10260759259272
100.25,8661600,2.351,-0.00099999999999989,-0.257099629629601,-0.950453518518414,-0.551303796296236
100.5,8683200,2.35,-0.00099999999999989,-0.257099629629601,-0.950453518518414,-0.551303796296236
100.75,8704800,2.351,0.00099999999999989,0.257099629629601,0.950453518518414,0.551303796296236
101,8726400,2.348,-0.00300000000000011,-0.771298888888918,-2.85136055555566,-1.65391138888895
101.25,8748000,2.348,0,0,0,0
101.5,8769600,2.349,0.00100000000000033,0.257099629629715,0.950453518518836,0.55130379629648
101.75,8791200,2.348,-0.00100000000000033,-0.257099629629715,-0.950453518518836,-0.55130379629648
102,8812800,2.348,0,0,0,0
102.25,8834400,2.348,0,0,0,0
102.5,8856000,2.348,0,0,0,0
102.75,8877600,2.349,0.00100000000000033,0.257099629629715,0.950453518518836,0.55130379629648
103,8899200,2.347,-0.00200000000000022,-0.514199259259317,-1.90090703703725,-1.10260759259272
103.25,8920800,2.348,0.00099999999999989,0.257099629629601,0.950453518518414,0.551303796296236
103.5,8942400,2.352,0.004,1.02839851851852,3.80181407407408,2.20521518518519
103.75,8964000,2.351,-0.00099999999999989,-0.257099629629601,-0.950453518518414,-0.551303796296236
104,8985600,2.349,-0.00199999999999978,-0.514199259259203,-1.90090703703683,-1.10260759259247
104.25,9007200,2.349,0,0,0,0
104.5,9028800,2.351,0.00199999999999978,0.514199259259203,1.90090703703683,1.10260759259247
104.75,9050400,2.353,0.00200000000000022,0.514199259259317,1.90090703703725,1.10260759259272
105,9072000,2.351,-0.00200000000000022,-0.514199259259317,-1.90090703703725,-1.10260759259272
105.25,9093600,2.35,-0.00099999999999989,-0.257099629629601,-0.950453518518414,-0.551303796296236
105.5,9115200,2.352,0.00199999999999978,0.514199259259203,1.90090703703683,1.10260759259247
105.75,9136800,2.354,0.00200000000000022,0.514199259259317,1.90090703703725,1.10260759259272
106,9158400,2.353,-0.00099999999999989,-0.257099629629601,-0.950453518518414,-0.551303796296236
106.25,9180000,2.352,-0.00100000000000033,-0.257099629629715,-0.950453518518836,-0.55130379629648
106.5,9201600,2.354,0.00200000000000022,0.514199259259317,1.90090703703725,1.10260759259272
106.75,9223200,2.356,0.00199999999999978,0.514199259259203,1.90090703703683,1.10260759259247
107,9244800,2.355,-0.00099999999999989,-0.257099629629601,-0.950453518518414,-0.551303796296236
107.25,9266400,2.355,0,0,0,0
107.5,9288000,2.354,-0.00099999999999989,-0.257099629629601,-0.950453518518414,-0.551303796296236
107.75,9309600,2.356,0.00199999999999978,0.514199259259203,1.90090703703683,1.10260759259247
108,9331200,2.356,0,0,0,0
108.25,9352800,2.356,0,0,0,0
108.5,9374400,2.356,0,0,0,0
108.75,9396000,2.357,0.00100000000000033,0.257099629629715,0.950453518518836,0.55130379629648
109,9417600,2.356,-0.00100000000000033,-0.257099629629715,-0.950453518518836,-0.55130379629648
109.25,9439200,2.354,-0.00199999999999978,-0.514199259259203,-1.90090703703683,-1.10260759259247
109.5,9460800,2.355,0.00099999999999989,0.257099629629601,0.950453518518414,0.551303796296236
109.75,9482400,2.357,0.00200000000000022,0.514199259259317,1.90090703703725,1.10260759259272
110,9504000,2.353,-0.004,-1.02839851851852,-3.80181407407408,-2.20521518518519
110.25,9525600,2.351,-0.00200000000000022,-0.514199259259317,-1.90090703703725,-1.10260759259272
110.5,9547200,2.352,0.00099999999999989,0.257099629629601,0.950453518518414,0.551303796296236
110.75,9568800,2.354,0.00200000000000022,0.514199259259317,1.90090703703725,1.10260759259272
111,9590400,2.352,-0.00200000000000022,-0.514199259259317,-1.90090703703725,-1.10260759259272
111.25,9612000,2.351,-0.00099999999999989,-0.257099629629601,-0.950453518518414,-0.551303796296236
111.5,9633600,2.352,0.00099999999999989,0.257099629629601,0.950453518518414,0.551303796296236
111.75,9655200,2.352,0,0,0,0
112,9676800,2.35,-0.00199999999999978,-0.514199259259203,-1.90090703703683,-1.10260759259247
112.25,9698400,2.35,0,0,0,0
112.5,9720000,2.351,0.00099999999999989,0.257099629629601,0.950453518518414,0.551303796296236
112.75,9741600,2.353,0.00200000000000022,0.514199259259317,1.90090703703725,1.10260759259272
113,9763200,2.351,-0.00200000000000022,-0.514199259259317,-1.90090703703725,-1.10260759259272
113.25,9784800,2.351,0,0,0,0
113.5,9806400,2.353,0.00200000000000022,0.514199259259317,1.90090703703725,1.10260759259272
113.75,9828000,2.353,0,0,0,0
114,9849600,2.353,0,0,0,0
114.25,9871200,2.351,-0.00200000000000022,-0.514199259259317,-1.90090703703725,-1.10260759259272
114.5,9892800,2.351,0,0,0,0
114.75,9914400,2.354,0.00300000000000011,0.771298888888918,2.85136055555566,1.65391138888895
115,9936000,2.352,-0.00200000000000022,-0.514199259259317,-1.90090703703725,-1.10260759259272
115.25,9957600,2.351,-0.00099999999999989,-0.257099629629601,-0.950453518518414,-0.551303796296236
115.5,9979200,2.351,0,0,0,0
115.75,10000800,2.355,0.004,1.02839851851852,3.80181407407408,2.20521518518519
116,10022400,2.351,-0.004,-1.02839851851852,-3.80181407407408,-2.20521518518519
116.25,10044000,2.35,-0.00099999999999989,-0.257099629629601,-0.950453518518414,-0.551303796296236
116.5,10065600,2.351,0.00099999999999989,0.257099629629601,0.950453518518414,0.551303796296236
116.75,10087200,2.353,0.00200000000000022,0.514199259259317,1.90090703703725,1.10260759259272
117,10108800,2.352,-0.00100000000000033,-0.257099629629715,-0.950453518518836,-0.55130379629648
117.25,10130400,2.353,0.00100000000000033,0.257099629629715,0.950453518518836,0.55130379629648
117.5,10152000,2.355,0.00199999999999978,0.514199259259203,1.90090703703683,1.10260759259247
117.75,10173600,2.356,0.00099999999999989,0.257099629629601,0.950453518518414,0.551303796296236
118,10195200,2.356,0,0,0,0
118.25,10216800,2.356,0,0,0,0
118.5,10238400,2.358,0.00200000000000022,0.514199259259317,1.90090703703725,1.10260759259272
118.75,10260000,2.359,0.00099999999999989,0.257099629629601,0.950453518518414,0.551303796296236
119,10281600,2.357,-0.00199999999999978,-0.514199259259203,-1.90090703703683,-1.10260759259247
119.25,10303200,2.356,-0.00100000000000033,-0.257099629629715,-0.950453518518836,-0.55130379629648
119.5,10324800,2.358,0.00200000000000022,0.514199259259317,1.90090703703725,1.10260759259272
119.75,10346400,2.357,-0.00099999999999989,-0.257099629629601,-0.950453518518414,-0.551303796296236
120,10368000,2.355,-0.00200000000000022,-0.514199259259317,-1.90090703703725,-1.10260759259272
120.25,10389600,2.354,-0.00099999999999989,-0.257099629629601,-0.950453518518414,-0.551303796296236
120.5,10411200,2.356,0.00199999999999978,0.514199259259203,1.90090703703683,1.10260759259247
120.75,10432800,2.358,0.00200000000000022,0.514199259259317,1.90090703703725,1.10260759259272
121,10454400,2.357,-0.00099999999999989,-0.257099629629601,-0.950453518518414,-0.551303796296236
121.25,10476000,2.356,-0.00100000000000033,-0.257099629629715,-0.950453518518836,-0.55130379629648
121.5,10497600,2.357,0.00100000000000033,0.257099629629715,0.950453518518836,0.55130379629648
121.75,10519200,2.359,0.00199999999999978,0.514199259259203,1.90090703703683,1.10260759259247
122,10540800,2.357,-0.00199999999999978,-0.514199259259203,-1.90090703703683,-1.10260759259247
122.25,10562400,2.357,0,0,0,0
122.5,10584000,2.358,0.00099999999999989,0.257099629629601,0.950453518518414,0.551303796296236
122.75,10605600,2.359,0.00099999999999989,0.257099629629601,0.950453518518414,0.551303796296236
123,10627200,2.357,-0.00199999999999978,-0.514199259259203,-1.90090703703683,-1.10260759259247
123.25,10648800,2.356,-0.00100000000000033,-0.257099629629715,-0.950453518518836,-0.55130379629648
123.5,10670400,2.358,0.00200000000000022,0.514199259259317,1.90090703703725,1.10260759259272
123.75,10692000,2.36,0.00199999999999978,0.514199259259203,1.90090703703683,1.10260759259247
124,10713600,2.358,-0.00199999999999978,-0.514199259259203,-1.90090703703683,-1.10260759259247
124.25,10735200,2.357,-0.00099999999999989,-0.257099629629601,-0.950453518518414,-0.551303796296236
124.5,10756800,2.359,0.00199999999999978,0.514199259259203,1.90090703703683,1.10260759259247
124.75,10778400,2.361,0.00200000000000022,0.514199259259317,1.90090703703725,1.10260759259272
125,10800000,2.358,-0.00300000000000011,-0.771298888888918,-2.85136055555566,-1.65391138888895
125.25,10821600,2.357,-0.00099999999999989,-0.257099629629601,-0.950453518518414,-0.551303796296236
125.5,10843200,2.358,0.00099999999999989,0.257099629629601,0.950453518518414,0.551303796296236
125.75,10864800,2.362,0.004,1.02839851851852,3.80181407407408,2.20521518518519
126,10886400,2.362,0,0,0,0
126.25,10908000,2.361,-0.00099999999999989,-0.257099629629601,-0.950453518518414,-0.551303796296236
126.5,10929600,2.363,0.00199999999999978,0.514199259259203,1.90090703703683,1.10260759259247
126.75,10951200,2.364,0.00099999999999989,0.257099629629601,0.950453518518414,0.551303796296236
127,10972800,2.364,0,0,0,0
127.25,10994400,2.363,-0.00099999999999989,-0.257099629629601,-0.950453518518414,-0.551303796296236
127.5,11016000,2.363,0,0,0,0
127.75,11037600,2.365,0.00200000000000022,0.514199259259317,1.90090703703725,1.10260759259272
128,11059200,2.366,0.00099999999999989,0.257099629629601,0.950453518518414,0.551303796296236
128.25,11080800,2.366,0,0,0,0
128.5,11102400,2.37,0.004,1.02839851851852,3.80181407407408,2.20521518518519
128.75,11124000,2.374,0.004,1.02839851851852,3.80181407407408,2.20521518518519
129,11145600,2.374,0,0,0,0
129.25,11167200,2.373,-0.00099999999999989,-0.257099629629601,-0.950453518518414,-0.551303796296236
129.5,11188800,2.374,0.00099999999999989,0.257099629629601,0.950453518518414,0.551303796296236
129.75,11210400,2.382,0.00800000000000001,2.05679703703704,7.60362814814815,4.41043037037037
130,11232000,2.385,0.00299999999999967,0.771298888888804,2.85136055555524,1.65391138888871
130.25,11253600,2.384,-0.00099999999999989,-0.257099629629601,-0.950453518518414,-0.551303796296236
130.5,11275200,2.385,0.00099999999999989,0.257099629629601,0.950453518518414,0.551303796296236
130.75,11296800,2.393,0.00800000000000001,2.05679703703704,7.60362814814815,4.41043037037037
131,11318400,2.398,0.00500000000000034,1.28549814814824,4.75226759259291,2.75651898148167
131.25,11340000,2.397,-0.00100000000000033,-0.257099629629715,-0.950453518518836,-0.55130379629648
131.5,11361600,2.4,0.00300000000000011,0.771298888888918,2.85136055555566,1.65391138888895
131.75,11383200,2.41,0.0100000000000002,2.57099629629636,9.50453518518541,5.51303796296309
132,11404800,2.412,0.00199999999999978,0.514199259259203,1.90090703703683,1.10260759259247
132.25,11426400,2.41,-0.00199999999999978,-0.514199259259203,-1.90090703703683,-1.10260759259247
132.5,11448000,2.414,0.004,1.02839851851852,3.80181407407408,2.20521518518519
132.75,11469600,2.417,0.00299999999999967,0.771298888888804,2.85136055555524,1.65391138888871
133,11491200,2.418,0.00100000000000033,0.257099629629715,0.950453518518836,0.55130379629648
133.25,11512800,2.418,0,0,0,0
133.5,11534400,2.42,0.00199999999999978,0.514199259259203,1.90090703703683,1.10260759259247
133.75,11556000,2.421,0.00099999999999989,0.257099629629601,0.950453518518414,0.551303796296236
134,11577600,2.418,-0.00299999999999967,-0.771298888888804,-2.85136055555524,-1.65391138888871
134.25,11599200,2.417,-0.00100000000000033,-0.257099629629715,-0.950453518518836,-0.55130379629648
134.5,11620800,2.419,0.00200000000000022,0.514199259259317,1.90090703703725,1.10260759259272
134.75,11642400,2.42,0.00099999999999989,0.257099629629601,0.950453518518414,0.551303796296236
135,11664000,2.418,-0.00199999999999978,-0.514199259259203,-1.90090703703683,-1.10260759259247
135.25,11685600,2.418,0,0,0,0
135.5,11707200,2.416,-0.00200000000000022,-0.514199259259317,-1.90090703703725,-1.10260759259272
135.75,11728800,2.424,0.00800000000000001,2.05679703703704,7.60362814814815,4.41043037037037
136,11750400,2.421,-0.00300000000000011,-0.771298888888918,-2.85136055555566,-1.65391138888895
136.25,11772000,2.42,-0.00099999999999989,-0.257099629629601,-0.950453518518414,-0.551303796296236
136.5,11793600,2.42,0,0,0,0
136.75,11815200,2.423,0.00300000000000011,0.771298888888918,2.85136055555566,1.65391138888895
137,11836800,2.424,0.00099999999999989,0.257099629629601,0.950453518518414,0.551303796296236
137.25,11858400,2.422,-0.00199999999999978,-0.514199259259203,-1.90090703703683,-1.10260759259247
137.5,11880000,2.424,0.00199999999999978,0.514199259259203,1.90090703703683,1.10260759259247
137.75,11901600,2.43,0.00600000000000023,1.54259777777784,5.70272111111133,3.3078227777779
138,11923200,2.43,0,0,0,0
138.25,11944800,2.43,0,0,0,0
138.5,11966400,2.431,0.00099999999999989,0.257099629629601,0.950453518518414,0.551303796296236
138.75,11988000,2.437,0.00599999999999978,1.54259777777772,5.70272111111091,3.30782277777766
139,12009600,2.441,0.004,1.02839851851852,3.80181407407408,2.20521518518519
139.25,12031200,2.439,-0.00199999999999978,-0.514199259259203,-1.90090703703683,-1.10260759259247
139.5,12052800,2.442,0.00300000000000011,0.771298888888918,2.85136055555566,1.65391138888895
139.75,12074400,2.448,0.00599999999999978,1.54259777777772,5.70272111111091,3.30782277777766
140,12096000,2.45,0.00200000000000022,0.514199259259317,1.90090703703725,1.10260759259272
140.25,12117600,2.45,0,0,0,0
140.5,12139200,2.454,0.004,1.02839851851852,3.80181407407408,2.20521518518519
140.75,12160800,2.463,0.0089999999999999,2.31389666666664,8.55408166666657,4.96173416666661
141,12182400,2.465,0.00199999999999978,0.514199259259203,1.90090703703683,1.10260759259247
141.25,12204000,2.464,-0.00099999999999989,-0.257099629629601,-0.950453518518414,-0.551303796296236
141.5,12225600,2.465,0.00099999999999989,0.257099629629601,0.950453518518414,0.551303796296236
141.75,12247200,2.469,0.004,1.02839851851852,3.80181407407408,2.20521518518519
142,12268800,2.47,0.00100000000000033,0.257099629629715,0.950453518518836,0.55130379629648
142.25,12290400,2.47,0,0,0,0
142.5,12312000,2.473,0.00299999999999967,0.771298888888804,2.85136055555524,1.65391138888871
142.75,12333600,2.482,0.00900000000000034,2.31389666666675,8.55408166666699,4.96173416666685
143,12355200,2.478,-0.004,-1.02839851851852,-3.80181407407408,-2.20521518518519
143.25,12376800,2.478,0,0,0,0
143.5,12398400,2.48,0.00199999999999978,0.514199259259203,1.90090703703683,1.10260759259247
143.75,12420000,2.487,0.00700000000000012,1.79969740740744,6.65317462962974,3.85912657407414
144,12441600,2.491,0.004,1.02839851851852,3.80181407407408,2.20521518518519
144.25,12463200,2.49,-0.00099999999999989,-0.257099629629601,-0.950453518518414,-0.551303796296236
144.5,12484800,2.494,0.004,1.02839851851852,3.80181407407408,2.20521518518519
144.75,12506400,2.5,0.00599999999999978,1.54259777777772,5.70272111111091,3.30782277777766
145,12528000,2.503,0.00300000000000011,0.771298888888918,2.85136055555566,1.65391138888895
145.25,12549600,2.502,-0.00100000000000033,-0.257099629629715,-0.950453518518836,-0.55130379629648
145.5,12571200,2.505,0.00300000000000011,0.771298888888918,2.85136055555566,1.65391138888895
145.75,12592800,2.513,0.00800000000000001,2.05679703703704,7.60362814814815,4.41043037037037
146,12614400,2.511,-0.00199999999999978,-0.514199259259203,-1.90090703703683,-1.10260759259247
146.25,12636000,2.511,0,0,0,0
146.5,12657600,2.514,0.00299999999999967,0.771298888888804,2.85136055555524,1.65391138888871
146.75,12679200,2.519,0.00500000000000034,1.28549814814824,4.75226759259291,2.75651898148167
147,12700800,2.515,-0.004,-1.02839851851852,-3.80181407407408,-2.20521518518519
147.25,12722400,2.515,0,0,0,0
147.5,12744000,2.516,0.00099999999999989,0.257099629629601,0.950453518518414,0.551303796296236
147.75,12765600,2.522,0.00599999999999978,1.54259777777772,5.70272111111091,3.30782277777766
148,12787200,2.525,0.00300000000000011,0.771298888888918,2.85136055555566,1.65391138888895
148.25,12808800,2.526,0.00099999999999989,0.257099629629601,0.950453518518414,0.551303796296236
148.5,12830400,2.528,0.00200000000000022,0.514199259259317,1.90090703703725,1.10260759259272
148.75,12852000,2.535,0.00700000000000012,1.79969740740744,6.65317462962974,3.85912657407414
149,12873600,2.541,0.00599999999999978,1.54259777777772,5.70272111111091,3.30782277777766
149.25,12895200,2.538,-0.00300000000000011,-0.771298888888918,-2.85136055555566,-1.65391138888895
149.5,12916800,2.546,0.00800000000000001,2.05679703703704,7.60362814814815,4.41043037037037
149.75,12938400,2.554,0.00800000000000001,2.05679703703704,7.60362814814815,4.41043037037037
150,12960000,2.561,0.00700000000000012,1.79969740740744,6.65317462962974,3.85912657407414
150.25,12981600,2.572,0.0110000000000001,2.82809592592596,10.4549887037038,6.06434175925933
150.5,13003200,2.582,0.00999999999999979,2.57099629629624,9.50453518518498,5.51303796296285
150.75,13024800,2.594,0.012,3.08519555555556,11.4054422222222,6.61564555555556
151,13046400,2.62,0.0260000000000002,6.68459037037043,24.7117914814817,14.3338987037038
151.25,13068000,2.615,-0.00499999999999989,-1.28549814814812,-4.75226759259249,-2.75651898148142
151.5,13089600,2.622,0.00699999999999967,1.79969740740732,6.65317462962932,3.85912657407389
151.75,13111200,2.643,0.0209999999999999,5.3990922222222,19.9595238888888,11.5773797222222
152,13132800,2.661,0.0180000000000002,4.62779333333339,17.1081633333336,9.92346833333347
152.25,13154400,2.66,-0.00099999999999989,-0.257099629629601,-0.950453518518414,-0.551303796296236
152.5,13176000,2.675,0.0149999999999997,3.85649444444436,14.2568027777775,8.26955694444427
152.75,13197600,2.694,0.0190000000000001,4.884892962963,18.058616851852,10.4747721296297
153,13219200,2.708,0.0140000000000002,3.59939481481488,13.3063492592595,7.71825314814828
153.25,13240800,2.714,0.00599999999999978,1.54259777777772,5.70272111111091,3.30782277777766
153.5,13262400,2.724,0.0100000000000002,2.57099629629636,9.50453518518541,5.51303796296309
153.75,13284000,2.747,0.0229999999999997,5.9132914814814,21.8604309259256,12.6799873148146
154,13305600,2.771,0.024,6.17039111111112,22.8108844444445,13.2312911111111
154.25,13327200,2.771,0,0,0,0
154.5,13348800,2.782,0.0110000000000001,2.82809592592596,10.4549887037038,6.06434175925933
154.75,13370400,2.8,0.0179999999999998,4.62779333333328,17.1081633333331,9.92346833333322
155,13392000,2.825,0.0250000000000004,6.42749074074083,23.7613379629633,13.7825949074076
155.25,13413600,2.827,0.00199999999999978,0.514199259259203,1.90090703703683,1.10260759259247
155.5,13435200,2.838,0.0110000000000001,2.82809592592596,10.4549887037038,6.06434175925933
155.75,13456800,2.859,0.0209999999999999,5.3990922222222,19.9595238888888,11.5773797222222
156,13478400,2.881,0.0219999999999998,5.6561918518518,20.9099774074072,12.1286835185184
156.25,13500000,2.881,0,0,0,0
156.5,13521600,2.891,0.0100000000000002,2.57099629629636,9.50453518518541,5.51303796296309
156.75,13543200,2.912,0.0209999999999999,5.3990922222222,19.9595238888888,11.5773797222222
157,13564800,2.929,0.0169999999999999,4.37069370370368,16.1577098148147,9.37216453703699
157.25,13586400,2.932,0.00300000000000011,0.771298888888918,2.85136055555566,1.65391138888895
157.5,13608000,2.939,0.00700000000000012,1.79969740740744,6.65317462962974,3.85912657407414
157.75,13629600,2.956,0.0169999999999999,4.37069370370368,16.1577098148147,9.37216453703699
158,13651200,2.974,0.0180000000000002,4.62779333333339,17.1081633333336,9.92346833333347
158.25,13672800,2.975,0.00099999999999989,0.257099629629601,0.950453518518414,0.551303796296236
158.5,13694400,2.981,0.00599999999999978,1.54259777777772,5.70272111111091,3.30782277777766
158.75,13716000,3.004,0.0230000000000001,5.91329148148152,21.860430925926,12.6799873148149
159,13737600,3.015,0.0110000000000001,2.82809592592596,10.4549887037038,6.06434175925933
159.25,13759200,3.016,0.00099999999999989,0.257099629629601,0.950453518518414,0.551303796296236
159.5,13780800,3.026,0.00999999999999979,2.57099629629624,9.50453518518498,5.51303796296285
159.75,13802400,3.042,0.016,4.11359407407408,15.2072562962963,8.82086074074075
160,13824000,3.048,0.00600000000000023,1.54259777777784,5.70272111111133,3.3078227777779
160.25,13845600,3.048,0,0,0,0
160.5,13867200,3.057,0.0089999999999999,2.31389666666664,8.55408166666657,4.96173416666661
160.75,13888800,3.079,0.0220000000000002,5.65619185185191,20.9099774074076,12.1286835185187
161,13910400,3.086,0.00699999999999967,1.79969740740732,6.65317462962932,3.85912657407389
161.25,13932000,3.087,0.00100000000000033,0.257099629629715,0.950453518518836,0.55130379629648
161.5,13953600,3.094,0.00699999999999967,1.79969740740732,6.65317462962932,3.85912657407389
161.75,13975200,3.112,0.0180000000000002,4.62779333333339,17.1081633333336,9.92346833333347
162,13996800,3.125,0.0129999999999999,3.34229518518516,12.3558957407406,7.1669493518518
162.25,14018400,3.127,0.00199999999999978,0.514199259259203,1.90090703703683,1.10260759259247
162.5,14040000,3.131,0.004,1.02839851851852,3.80181407407408,2.20521518518519
162.75,14061600,3.15,0.0190000000000001,4.884892962963,18.058616851852,10.4747721296297
163,14083200,3.16,0.0100000000000002,2.57099629629636,9.50453518518541,5.51303796296309
163.25,14104800,3.161,0.00099999999999989,0.257099629629601,0.950453518518414,0.551303796296236
163.5,14126400,3.168,0.00700000000000012,1.79969740740744,6.65317462962974,3.85912657407414
163.75,14148000,3.185,0.0169999999999999,4.37069370370368,16.1577098148147,9.37216453703699
164,14169600,3.197,0.012,3.08519555555556,11.4054422222222,6.61564555555556
164.25,14191200,3.199,0.00199999999999978,0.514199259259203,1.90090703703683,1.10260759259247
164.5,14212800,3.204,0.00500000000000034,1.28549814814824,4.75226759259291,2.75651898148167
164.75,14234400,3.221,0.0169999999999999,4.37069370370368,16.1577098148147,9.37216453703699
165,14256000,3.232,0.0110000000000001,2.82809592592596,10.4549887037038,6.06434175925933
165.25,14277600,3.233,0.00099999999999989,0.257099629629601,0.950453518518414,0.551303796296236
165.5,14299200,3.24,0.00700000000000012,1.79969740740744,6.65317462962974,3.85912657407414
165.75,14320800,3.257,0.0169999999999999,4.37069370370368,16.1577098148147,9.37216453703699
166,14342400,3.269,0.012,3.08519555555556,11.4054422222222,6.61564555555556
166.25,14364000,3.271,0.00199999999999978,0.514199259259203,1.90090703703683,1.10260759259247
166.5,14385600,3.275,0.004,1.02839851851852,3.80181407407408,2.20521518518519
166.75,14407200,3.285,0.0100000000000002,2.57099629629636,9.50453518518541,5.51303796296309
167,14428800,3.289,0.004,1.02839851851852,3.80181407407408,2.20521518518519
167.25,14450400,3.291,0.00199999999999978,0.514199259259203,1.90090703703683,1.10260759259247
167.5,14472000,3.295,0.004,1.02839851851852,3.80181407407408,2.20521518518519
167.75,14493600,3.305,0.0100000000000002,2.57099629629636,9.50453518518541,5.51303796296309
168,14515200,3.311,0.00599999999999978,1.54259777777772,5.70272111111091,3.30782277777766
168.25,14536800,3.314,0.00300000000000011,0.771298888888918,2.85136055555566,1.65391138888895
168.5,14558400,3.323,0.0089999999999999,2.31389666666664,8.55408166666657,4.96173416666661
168.75,14580000,3.344,0.0209999999999999,5.3990922222222,19.9595238888888,11.5773797222222
169,14601600,3.36,0.016,4.11359407407408,15.2072562962963,8.82086074074075
169.25,14623200,3.36,0,0,0,0
169.5,14644800,3.366,0.00600000000000023,1.54259777777784,5.70272111111133,3.3078227777779
169.75,14666400,3.383,0.0169999999999999,4.37069370370368,16.1577098148147,9.37216453703699
170,14688000,3.4,0.0169999999999999,4.37069370370368,16.1577098148147,9.37216453703699
170.25,14709600,3.406,0.00600000000000023,1.54259777777784,5.70272111111133,3.3078227777779
170.5,14731200,3.419,0.0129999999999999,3.34229518518516,12.3558957407406,7.1669493518518
170.75,14752800,3.438,0.0190000000000001,4.884892962963,18.058616851852,10.4747721296297
171,14774400,3.457,0.0189999999999997,4.88489296296288,18.0586168518515,10.4747721296295
171.25,14796000,3.464,0.00700000000000012,1.79969740740744,6.65317462962974,3.85912657407414
171.5,14817600,3.479,0.0150000000000001,3.85649444444448,14.2568027777779,8.26955694444451
171.75,14839200,3.504,0.0249999999999999,6.42749074074072,23.7613379629629,13.7825949074074
172,14860800,3.527,0.0230000000000001,5.91329148148152,21.860430925926,12.6799873148149
172.25,14882400,3.54,0.0129999999999999,3.34229518518516,12.3558957407406,7.1669493518518
172.5,14904000,3.557,0.0169999999999999,4.37069370370368,16.1577098148147,9.37216453703699
172.75,14925600,3.579,0.0220000000000002,5.65619185185191,20.9099774074076,12.1286835185187
173,14947200,3.591,0.012,3.08519555555556,11.4054422222222,6.61564555555556
173.25,14968800,3.602,0.0109999999999997,2.82809592592584,10.4549887037034,6.06434175925908
173.5,14990400,3.615,0.0130000000000003,3.34229518518527,12.3558957407411,7.16694935185204
173.75,15012000,3.632,0.0169999999999999,4.37069370370368,16.1577098148147,9.37216453703699
174,15033600,3.642,0.00999999999999979,2.57099629629624,9.50453518518498,5.51303796296285
174.25,15055200,3.651,0.0089999999999999,2.31389666666664,8.55408166666657,4.96173416666661
174.5,15076800,3.663,0.012,3.08519555555556,11.4054422222222,6.61564555555556
174.75,15098400,3.688,0.0250000000000004,6.42749074074083,23.7613379629633,13.7825949074076
175,15120000,3.704,0.016,4.11359407407408,15.2072562962963,8.82086074074075
175.25,15141600,3.709,0.00499999999999989,1.28549814814812,4.75226759259249,2.75651898148142
175.5,15163200,3.719,0.00999999999999979,2.57099629629624,9.50453518518498,5.51303796296285
175.75,15184800,3.739,0.02,5.1419925925926,19.0090703703704,11.0260759259259
176,15206400,3.759,0.02,5.1419925925926,19.0090703703704,11.0260759259259
176.25,15228000,3.768,0.0089999999999999,2.31389666666664,8.55408166666657,4.96173416666661
176.5,15249600,3.782,0.0140000000000002,3.59939481481488,13.3063492592595,7.71825314814828
176.75,15271200,3.808,0.0259999999999998,6.68459037037032,24.7117914814813,14.3338987037036
177,15292800,3.828,0.02,5.1419925925926,19.0090703703704,11.0260759259259
177.25,15314400,3.837,0.00900000000000034,2.31389666666675,8.55408166666699,4.96173416666685
177.5,15336000,3.849,0.012,3.08519555555556,11.4054422222222,6.61564555555556
177.75,15357600,3.875,0.0259999999999998,6.68459037037032,24.7117914814813,14.3338987037036
178,15379200,3.896,0.0209999999999999,5.3990922222222,19.9595238888888,11.5773797222222
178.25,15400800,3.904,0.00800000000000001,2.05679703703704,7.60362814814815,4.41043037037037
178.5,15422400,3.918,0.0140000000000002,3.59939481481488,13.3063492592595,7.71825314814828
178.75,15444000,3.943,0.0249999999999999,6.42749074074072,23.7613379629629,13.7825949074074
179,15465600,3.972,0.0289999999999999,7.45588925925924,27.563152037037,15.9878100925925
179.25,15487200,3.984,0.012,3.08519555555556,11.4054422222222,6.61564555555556
179.5,15508800,4.001,0.0170000000000003,4.37069370370379,16.1577098148151,9.37216453703723
179.75,15530400,4.028,0.0269999999999992,6.94168999999981,25.6622449999993,14.8852024999996
180,15552000,4.045,0.0170000000000003,4.37069370370379,16.1577098148151,9.37216453703723
180.25,15573600,4.051,0.00600000000000023,1.54259777777784,5.70272111111133,3.3078227777779
180.5,15595200,4.066,0.0149999999999997,3.85649444444436,14.2568027777775,8.26955694444427
180.75,15616800,4.091,0.0250000000000004,6.42749074074083,23.7613379629633,13.7825949074076
181,15638400,4.115,0.024,6.17039111111112,22.8108844444445,13.2312911111111
181.25,15660000,4.123,0.00800000000000001,2.05679703703704,7.60362814814815,4.41043037037037
181.5,15681600,4.139,0.016,4.11359407407408,15.2072562962963,8.82086074074075
181.75,15703200,4.167,0.0279999999999996,7.19878962962952,26.6126985185181,15.4365062962961
182,15724800,4.192,0.0250000000000004,6.42749074074083,23.7613379629633,13.7825949074076
182.25,15746400,4.199,0.00699999999999967,1.79969740740732,6.65317462962932,3.85912657407389
182.5,15768000,4.211,0.0120000000000005,3.08519555555567,11.4054422222227,6.61564555555581
182.75,15789600,4.235,0.024,6.17039111111112,22.8108844444445,13.2312911111111
183,15811200,4.255,0.0199999999999996,5.14199259259248,19.00907037037,11.0260759259257
183.25,15832800,4.262,0.00699999999999967,1.79969740740732,6.65317462962932,3.85912657407389
183.5,15854400,4.271,0.00900000000000034,2.31389666666675,8.55408166666699,4.96173416666685
183.75,15876000,4.283,0.0120000000000005,3.08519555555567,11.4054422222227,6.61564555555581
184,15897600,4.29,0.00699999999999967,1.79969740740732,6.65317462962932,3.85912657407389
184.25,15919200,4.296,0.00600000000000023,1.54259777777784,5.70272111111133,3.3078227777779
184.5,15940800,4.302,0.00599999999999934,1.54259777777761,5.70272111111048,3.30782277777741
184.75,15962400,4.316,0.0140000000000002,3.59939481481488,13.3063492592595,7.71825314814828
185,15984000,4.325,0.00900000000000034,2.31389666666675,8.55408166666699,4.96173416666685
185.25,16005600,4.33,0.00499999999999989,1.28549814814812,4.75226759259249,2.75651898148142
185.5,16027200,4.345,0.0149999999999997,3.85649444444436,14.2568027777775,8.26955694444427
185.75,16048800,4.365,0.0200000000000005,5.14199259259271,19.0090703703708,11.0260759259262
186,16070400,4.377,0.0119999999999996,3.08519555555544,11.4054422222218,6.61564555555532
186.25,16092000,4.383,0.00600000000000023,1.54259777777784,5.70272111111133,3.3078227777779
186.5,16113600,4.398,0.0149999999999997,3.85649444444436,14.2568027777775,8.26955694444427
186.75,16135200,4.423,0.0250000000000004,6.42749074074083,23.7613379629633,13.7825949074076
187,16156800,4.444,0.0209999999999999,5.3990922222222,19.9595238888888,11.5773797222222
187.25,16178400,4.45,0.00600000000000023,1.54259777777784,5.70272111111133,3.3078227777779
187.5,16200000,4.463,0.0129999999999999,3.34229518518516,12.3558957407406,7.1669493518518
187.75,16221600,4.483,0.0199999999999996,5.14199259259248,19.00907037037,11.0260759259257
188,16243200,4.506,0.0230000000000006,5.91329148148163,21.8604309259265,12.6799873148151
188.25,16264800,4.515,0.00899999999999945,2.31389666666653,8.55408166666615,4.96173416666637
188.5,16286400,4.529,0.0140000000000002,3.59939481481488,13.3063492592595,7.71825314814828
188.75,16308000,4.549,0.0200000000000005,5.14199259259271,19.0090703703708,11.0260759259262
189,16329600,4.563,0.0139999999999993,3.59939481481465,13.3063492592586,7.71825314814779
189.25,16351200,4.566,0.00300000000000011,0.771298888888918,2.85136055555566,1.65391138888895
189.5,16372800,4.577,0.0110000000000001,2.82809592592596,10.4549887037038,6.06434175925933
189.75,16394400,4.598,0.0209999999999999,5.3990922222222,19.9595238888888,11.5773797222222
190,16416000,4.613,0.0150000000000006,3.85649444444459,14.2568027777783,8.26955694444476
190.25,16437600,4.619,0.00599999999999934,1.54259777777761,5.70272111111048,3.30782277777741
190.5,16459200,4.634,0.0150000000000006,3.85649444444459,14.2568027777783,8.26955694444476
190.75,16480800,4.659,0.0249999999999995,6.4274907407406,23.7613379629625,13.7825949074071
191,16502400,4.682,0.0230000000000006,5.91329148148163,21.8604309259265,12.6799873148151
191.25,16524000,4.693,0.0109999999999992,2.82809592592573,10.454988703703,6.06434175925884
191.5,16545600,4.711,0.0180000000000007,4.62779333333351,17.108163333334,9.92346833333371
191.75,16567200,4.734,0.0229999999999997,5.9132914814814,21.8604309259256,12.6799873148146
192,16588800,4.756,0.0220000000000002,5.65619185185191,20.9099774074076,12.1286835185187
192.25,16610400,4.769,0.0129999999999999,3.34229518518516,12.3558957407406,7.1669493518518
192.5,16632000,4.793,0.024,6.17039111111112,22.8108844444445,13.2312911111111
192.75,16653600,4.828,0.0350000000000001,8.99848703703707,33.2658731481483,19.2956328703705
193,16675200,4.856,0.0279999999999996,7.19878962962952,26.6126985185181,15.4365062962961
193.25,16696800,4.875,0.0190000000000001,4.884892962963,18.058616851852,10.4747721296297
193.5,16718400,4.899,0.024,6.17039111111112,22.8108844444445,13.2312911111111
193.75,16740000,4.94,0.0410000000000004,10.5410848148149,38.9685942592596,22.6034556481484
194,16761600,4.974,0.0339999999999998,8.74138740740736,32.3154196296295,18.744329074074
194.25,16783200,4.986,0.0119999999999996,3.08519555555544,11.4054422222218,6.61564555555532
194.5,16804800,5.01,0.024,6.17039111111112,22.8108844444445,13.2312911111111
194.75,16826400,5.047,0.0369999999999999,9.51268629629628,35.1667801851851,20.3982404629629
195,16848000,5.072,0.0250000000000004,6.42749074074083,23.7613379629633,13.7825949074076
195.25,16869600,5.08,0.00800000000000001,2.05679703703704,7.60362814814815,4.41043037037037
195.5,16891200,5.099,0.0190000000000001,4.884892962963,18.058616851852,10.4747721296297
195.75,16912800,5.131,0.032,8.22718814814816,30.4145125925926,17.6417214814815
196,16934400,5.154,0.0229999999999997,5.9132914814814,21.8604309259256,12.6799873148146
196.25,16956000,5.16,0.00600000000000023,1.54259777777784,5.70272111111133,3.3078227777779
196.5,16977600,5.172,0.0119999999999996,3.08519555555544,11.4054422222218,6.61564555555532
196.75,16999200,5.199,0.0270000000000001,6.94169000000003,25.6622450000001,14.8852025000001
197,17020800,5.22,0.0209999999999999,5.3990922222222,19.9595238888888,11.5773797222222
197.25,17042400,5.226,0.00600000000000023,1.54259777777784,5.70272111111133,3.3078227777779
197.5,17064000,5.235,0.00900000000000034,2.31389666666675,8.55408166666699,4.96173416666685
197.75,17085600,5.26,0.0249999999999995,6.4274907407406,23.7613379629625,13.7825949074071
198,17107200,5.279,0.0190000000000001,4.884892962963,18.058616851852,10.4747721296297
198.25,17128800,5.285,0.00600000000000023,1.54259777777784,5.70272111111133,3.3078227777779
198.5,17150400,5.294,0.00899999999999945,2.31389666666653,8.55408166666615,4.96173416666637
198.75,17172000,5.321,0.0270000000000001,6.94169000000003,25.6622450000001,14.8852025000001
199,17193600,5.344,0.0230000000000006,5.91329148148163,21.8604309259265,12.6799873148151
199.25,17215200,5.352,0.00800000000000001,2.05679703703704,7.60362814814815,4.41043037037037
199.5,17236800,5.365,0.0129999999999999,3.34229518518516,12.3558957407406,7.1669493518518
199.75,17258400,5.393,0.0279999999999996,7.19878962962952,26.6126985185181,15.4365062962961
200,17280000,5.415,0.0220000000000002,5.65619185185191,20.9099774074076,12.1286835185187
200.25,17301600,5.422,0.00699999999999967,1.79969740740732,6.65317462962932,3.85912657407389
200.5,17323200,5.436,0.0140000000000002,3.59939481481488,13.3063492592595,7.71825314814828
200.75,17344800,5.464,0.0280000000000005,7.19878962962975,26.612698518519,15.4365062962966
201,17366400,5.485,0.0209999999999999,5.3990922222222,19.9595238888888,11.5773797222222
201.25,17388000,5.492,0.00699999999999967,1.79969740740732,6.65317462962932,3.85912657407389
201.5,17409600,5.504,0.0119999999999996,3.08519555555544,11.4054422222218,6.61564555555532
201.75,17431200,5.53,0.0260000000000007,6.68459037037055,24.7117914814821,14.3338987037041
202,17452800,5.55,0.0199999999999996,5.14199259259248,19.00907037037,11.0260759259257
202.25,17474400,5.556,0.00600000000000023,1.54259777777784,5.70272111111133,3.3078227777779
202.5,17496000,5.565,0.00900000000000034,2.31389666666675,8.55408166666699,4.96173416666685
202.75,17517600,5.594,0.0289999999999999,7.45588925925924,27.563152037037,15.9878100925925
203,17539200,5.617,0.0229999999999997,5.9132914814814,21.8604309259256,12.6799873148146
203.25,17560800,5.623,0.00600000000000023,1.54259777777784,5.70272111111133,3.3078227777779
203.5,17582400,5.63,0.00699999999999967,1.79969740740732,6.65317462962932,3.85912657407389
203.75,17604000,5.647,0.0170000000000003,4.37069370370379,16.1577098148151,9.37216453703723
204,17625600,5.655,0.00800000000000001,2.05679703703704,7.60362814814815,4.41043037037037
204.25,17647200,5.655,0,0,0,0
204.5,17668800,5.663,0.00800000000000001,2.05679703703704,7.60362814814815,4.41043037037037
204.75,17690400,5.672,0.00899999999999945,2.31389666666653,8.55408166666615,4.96173416666637
205,17712000,5.676,0.00400000000000045,1.02839851851863,3.8018140740745,2.20521518518543
205.25,17733600,5.677,0.000999999999999446,0.257099629629487,0.950453518517992,0.551303796295991
205.5,17755200,5.683,0.00600000000000023,1.54259777777784,5.70272111111133,3.3078227777779
205.75,17776800,5.704,0.0209999999999999,5.3990922222222,19.9595238888888,11.5773797222222
206,17798400,5.713,0.00900000000000034,2.31389666666675,8.55408166666699,4.96173416666685
206.25,17820000,5.713,0,0,0,0
206.5,17841600,5.721,0.00800000000000001,2.05679703703704,7.60362814814815,4.41043037037037
206.75,17863200,5.738,0.0170000000000003,4.37069370370379,16.1577098148151,9.37216453703723
207,17884800,5.754,0.0159999999999991,4.11359407407385,15.2072562962955,8.82086074074026
207.25,17906400,5.756,0.00200000000000067,0.514199259259431,1.90090703703767,1.10260759259296
207.5,17928000,5.765,0.00899999999999945,2.31389666666653,8.55408166666615,4.96173416666637
207.75,17949600,5.782,0.0170000000000003,4.37069370370379,16.1577098148151,9.37216453703723
208,17971200,5.805,0.0229999999999997,5.9132914814814,21.8604309259256,12.6799873148146
208.25,17992800,5.814,0.00900000000000034,2.31389666666675,8.55408166666699,4.96173416666685
208.5,18014400,5.829,0.0149999999999997,3.85649444444436,14.2568027777775,8.26955694444427
208.75,18036000,5.859,0.0300000000000002,7.71298888888895,28.5136055555558,16.539113888889
209,18057600,5.884,0.0250000000000004,6.42749074074083,23.7613379629633,13.7825949074076
209.25,18079200,5.905,0.0209999999999999,5.3990922222222,19.9595238888888,11.5773797222222
209.5,18100800,5.932,0.0270000000000001,6.94169000000003,25.6622450000001,14.8852025000001
209.75,18122400,5.97,0.0379999999999994,9.76978592592576,36.1172337037031,20.9495442592589
210,18144000,6,0.0300000000000002,7.71298888888895,28.5136055555558,16.539113888889
210.25,18165600,6.021,0.0209999999999999,5.3990922222222,19.9595238888888,11.5773797222222
210.5,18187200,6.035,0.0140000000000002,3.59939481481488,13.3063492592595,7.71825314814828
210.75,18208800,6.071,0.0359999999999996,9.25558666666656,34.2163266666663,19.8469366666664
211,18230400,6.1,0.0289999999999999,7.45588925925924,27.563152037037,15.9878100925925
211.25,18252000,6.106,0.00600000000000023,1.54259777777784,5.70272111111133,3.3078227777779
211.5,18273600,6.12,0.0140000000000002,3.59939481481488,13.3063492592595,7.71825314814828
211.75,18295200,6.146,0.0259999999999998,6.68459037037032,24.7117914814813,14.3338987037036
212,18316800,6.162,0.016,4.11359407407408,15.2072562962963,8.82086074074075
212.25,18338400,6.168,0.00600000000000023,1.54259777777784,5.70272111111133,3.3078227777779
212.5,18360000,6.184,0.016,4.11359407407408,15.2072562962963,8.82086074074075
212.75,18381600,6.227,0.0430000000000001,11.0552840740741,40.8695012962964,23.7060632407408
213,18403200,6.259,0.032,8.22718814814816,30.4145125925926,17.6417214814815
213.25,18424800,6.267,0.00800000000000001,2.05679703703704,7.60362814814815,4.41043037037037
213.5,18446400,6.281,0.0139999999999993,3.59939481481465,13.3063492592586,7.71825314814779
213.75,18468000,6.307,0.0260000000000007,6.68459037037055,24.7117914814821,14.3338987037041
214,18489600,6.336,0.0289999999999999,7.45588925925924,27.563152037037,15.9878100925925
214.25,18511200,6.344,0.00800000000000001,2.05679703703704,7.60362814814815,4.41043037037037
214.5,18532800,6.36,0.016,4.11359407407408,15.2072562962963,8.82086074074075
214.75,18554400,6.398,0.0379999999999994,9.76978592592576,36.1172337037031,20.9495442592589
215,18576000,6.419,0.0209999999999999,5.3990922222222,19.9595238888888,11.5773797222222
215.25,18597600,6.43,0.0110000000000001,2.82809592592596,10.4549887037038,6.06434175925933
215.5,18619200,6.453,0.0230000000000006,5.91329148148163,21.8604309259265,12.6799873148151
215.75,18640800,6.485,0.032,8.22718814814816,30.4145125925926,17.6417214814815
216,18662400,6.498,0.0129999999999999,3.34229518518516,12.3558957407406,7.1669493518518
216.25,18684000,6.507,0.00899999999999945,2.31389666666653,8.55408166666615,4.96173416666637
216.5,18705600,6.523,0.016,4.11359407407408,15.2072562962963,8.82086074074075
216.75,18727200,6.551,0.0280000000000005,7.19878962962975,26.612698518519,15.4365062962966
217,18748800,6.576,0.0249999999999995,6.4274907407406,23.7613379629625,13.7825949074071
217.25,18770400,6.594,0.0180000000000007,4.62779333333351,17.108163333334,9.92346833333371
217.5,18792000,6.629,0.0349999999999993,8.99848703703685,33.2658731481474,19.29563287037
217.75,18813600,6.685,0.056,14.3975792592593,53.2253970370371,30.8730125925926
218,18835200,6.73,0.0450000000000008,11.5694833333335,42.7704083333341,24.8086708333338
218.25,18856800,6.753,0.0229999999999997,5.9132914814814,21.8604309259256,12.6799873148146
218.5,18878400,6.789,0.0359999999999996,9.25558666666656,34.2163266666663,19.8469366666664
218.75,18900000,6.837,0.048,12.3407822222222,45.6217688888889,26.4625822222222
219,18921600,6.851,0.0140000000000002,3.59939481481488,13.3063492592595,7.71825314814828
219.25,18943200,6.854,0.00300000000000011,0.771298888888918,2.85136055555566,1.65391138888895
219.5,18964800,6.869,0.0149999999999997,3.85649444444436,14.2568027777775,8.26955694444427
219.75,18986400,6.904,0.0350000000000001,8.99848703703707,33.2658731481483,19.2956328703705
220,19008000,6.93,0.0259999999999998,6.68459037037032,24.7117914814813,14.3338987037036
220.25,19029600,6.939,0.00900000000000034,2.31389666666675,8.55408166666699,4.96173416666685
220.5,19051200,6.95,0.0110000000000001,2.82809592592596,10.4549887037038,6.06434175925933
220.75,19072800,6.979,0.0289999999999999,7.45588925925924,27.563152037037,15.9878100925925
221,19094400,7.008,0.0289999999999999,7.45588925925924,27.563152037037,15.9878100925925
221.25,19116000,7.011,0.00300000000000011,0.771298888888918,2.85136055555566,1.65391138888895
221.5,19137600,7.025,0.0140000000000002,3.59939481481488,13.3063492592595,7.71825314814828
221.75,19159200,7.058,0.0329999999999995,8.48428777777764,31.3649661111106,18.1930252777775
222,19180800,7.07,0.0120000000000005,3.08519555555567,11.4054422222227,6.61564555555581
222.25,19202400,7.072,0.00199999999999978,0.514199259259203,1.90090703703683,1.10260759259247
222.5,19224000,7.084,0.0119999999999996,3.08519555555544,11.4054422222218,6.61564555555532
222.75,19245600,7.125,0.0410000000000004,10.5410848148149,38.9685942592596,22.6034556481484
223,19267200,7.143,0.0179999999999998,4.62779333333328,17.1081633333331,9.92346833333322
223.25,19288800,7.144,0.00100000000000033,0.257099629629715,0.950453518518836,0.55130379629648
223.5,19310400,7.15,0.00600000000000023,1.54259777777784,5.70272111111133,3.3078227777779
223.75,19332000,7.18,0.0299999999999994,7.71298888888873,28.5136055555549,16.5391138888885
224,19353600,7.193,0.0129999999999999,3.34229518518516,12.3558957407406,7.1669493518518
224.25,19375200,7.195,0.00200000000000067,0.514199259259431,1.90090703703767,1.10260759259296
224.5,19396800,7.202,0.00699999999999967,1.79969740740732,6.65317462962932,3.85912657407389
224.75,19418400,7.23,0.0280000000000005,7.19878962962975,26.612698518519,15.4365062962966
225,19440000,7.248,0.0179999999999998,4.62779333333328,17.1081633333331,9.92346833333322
225.25,19461600,7.248,0,0,0,0
225.5,19483200,7.25,0.00199999999999978,0.514199259259203,1.90090703703683,1.10260759259247
225.75,19504800,7.281,0.0309999999999997,7.97008851851844,29.4640590740738,17.090417685185
226,19526400,7.299,0.0180000000000007,4.62779333333351,17.108163333334,9.92346833333371
226.25,19548000,7.3,0.000999999999999446,0.257099629629487,0.950453518517992,0.551303796295991
226.5,19569600,7.3,0,0,0,0
226.75,19591200,7.321,0.0209999999999999,5.3990922222222,19.9595238888888,11.5773797222222
227,19612800,7.333,0.0120000000000005,3.08519555555567,11.4054422222227,6.61564555555581
227.25,19634400,7.338,0.00499999999999989,1.28549814814812,4.75226759259249,2.75651898148142
227.5,19656000,7.346,0.00800000000000001,2.05679703703704,7.60362814814815,4.41043037037037
227.75,19677600,7.367,0.0209999999999999,5.3990922222222,19.9595238888888,11.5773797222222
228,19699200,7.377,0.00999999999999979,2.57099629629624,9.50453518518498,5.51303796296285
228.25,19720800,7.383,0.00600000000000023,1.54259777777784,5.70272111111133,3.3078227777779
228.5,19742400,7.396,0.0129999999999999,3.34229518518516,12.3558957407406,7.1669493518518
228.75,19764000,7.45,0.0540000000000003,13.8833800000001,51.3244900000003,29.7704050000001
229,19785600,7.489,0.0389999999999997,10.0268855555555,37.0676872222219,21.5008480555554
229.25,19807200,7.527,0.0380000000000003,9.76978592592599,36.1172337037039,20.9495442592594
229.5,19828800,7.619,0.0919999999999996,23.6531659259258,87.4417237037034,50.7199492592591
229.75,19850400,7.726,0.107,27.5096603703704,101.698526481482,58.9895062037038
230,19872000,7.805,0.0789999999999997,20.3108707407407,75.0858279629627,43.5529999074073
230.25,19893600,7.834,0.0289999999999999,7.45588925925924,27.563152037037,15.9878100925925
230.5,19915200,7.874,0.04,10.2839851851852,38.0181407407408,22.0521518518519
230.75,19936800,7.916,0.0420000000000007,10.7981844444446,39.9190477777784,23.1547594444448
231,19958400,7.951,0.0349999999999993,8.99848703703685,33.2658731481474,19.29563287037
231.25,19980000,7.982,0.0310000000000006,7.97008851851867,29.4640590740746,17.0904176851855
231.5,20001600,7.985,0.00300000000000011,0.771298888888918,2.85136055555566,1.65391138888895
231.75,20023200,8.02,0.0349999999999993,8.99848703703685,33.2658731481474,19.29563287037
232,20044800,8.05,0.0300000000000011,7.71298888888918,28.5136055555566,16.5391138888895
232.25,20066400,8.07,0.0199999999999996,5.14199259259248,19.00907037037,11.0260759259257
232.5,20088000,8.07,0,0,0,0
232.75,20109600,8.08,0.00999999999999979,2.57099629629624,9.50453518518498,5.51303796296285
233,20131200,8.09,0.00999999999999979,2.57099629629624,9.50453518518498,5.51303796296285
233.25,20152800,8.1,0.00999999999999979,2.57099629629624,9.50453518518498,5.51303796296285
233.5,20174400,8.1,0,0,0,0
233.75,20196000,8.11,0.00999999999999979,2.57099629629624,9.50453518518498,5.51303796296285
234,20217600,8.12,0.00999999999999979,2.57099629629624,9.50453518518498,5.51303796296285
234.25,20239200,8.13,0.0100000000000016,2.5709962962967,9.50453518518667,5.51303796296383
234.5,20260800,8.14,0.00999999999999979,2.57099629629624,9.50453518518498,5.51303796296285
234.75,20282400,8.15,0.00999999999999979,2.57099629629624,9.50453518518498,5.51303796296285
235,20304000,8.15,0,0,0,0
235.25,20325600,8.15,0,0,0,0
235.5,20347200,8.16,0.00999999999999979,2.57099629629624,9.50453518518498,5.51303796296285
235.75,20368800,8.17,0.00999999999999979,2.57099629629624,9.50453518518498,5.51303796296285
236,20390400,8.18,0.00999999999999979,2.57099629629624,9.50453518518498,5.51303796296285
236.25,20412000,8.18,0,0,0,0
236.5,20433600,8.19,0.00999999999999979,2.57099629629624,9.50453518518498,5.51303796296285
236.75,20455200,8.2,0.00999999999999979,2.57099629629624,9.50453518518498,5.51303796296285
237,20476800,8.21,0.0100000000000016,2.5709962962967,9.50453518518667,5.51303796296383
237.25,20498400,8.21,0,0,0,0
237.5,20520000,8.22,0.00999999999999979,2.57099629629624,9.50453518518498,5.51303796296285
237.75,20541600,8.22,0,0,0,0
238,20563200,8.23,0.00999999999999979,2.57099629629624,9.50453518518498,5.51303796296285
238.25,20584800,8.24,0.00999999999999979,2.57099629629624,9.50453518518498,5.51303796296285
238.5,20606400,8.24,0,0,0,0
238.75,20628000,8.25,0.00999999999999979,2.57099629629624,9.50453518518498,5.51303796296285
239,20649600,8.26,0.00999999999999979,2.57099629629624,9.50453518518498,5.51303796296285
239.25,20671200,8.25,-0.00999999999999979,-2.57099629629624,-9.50453518518498,-5.51303796296285
239.5,20692800,8.26,0.00999999999999979,2.57099629629624,9.50453518518498,5.51303796296285
239.75,20714400,8.26,0,0,0,0
240,20736000,8.27,0.00999999999999979,2.57099629629624,9.50453518518498,5.51303796296285
240.25,20757600,8.26,-0.00999999999999979,-2.57099629629624,-9.50453518518498,-5.51303796296285
240.5,20779200,8.26,0,0,0,0
240.75,20800800,8.26,0,0,0,0
241,20822400,8.26,0,0,0,0
241.25,20844000,8.25,-0.00999999999999979,-2.57099629629624,-9.50453518518498,-5.51303796296285
241.5,20865600,8.25,0,0,0,0
241.75,20887200,8.26,0.00999999999999979,2.57099629629624,9.50453518518498,5.51303796296285
242,20908800,8.27,0.00999999999999979,2.57099629629624,9.50453518518498,5.51303796296285
242.25,20930400,8.26,-0.00999999999999979,-2.57099629629624,-9.50453518518498,-5.51303796296285
242.5,20952000,8.26,0,0,0,0
242.75,20973600,8.26,0,0,0,0
243,20995200,8.27,0.00999999999999979,2.57099629629624,9.50453518518498,5.51303796296285
243.25,21016800,8.26,-0.00999999999999979,-2.57099629629624,-9.50453518518498,-5.51303796296285
243.5,21038400,8.27,0.00999999999999979,2.57099629629624,9.50453518518498,5.51303796296285
243.75,21060000,8.31,0.0400000000000009,10.2839851851854,38.0181407407416,22.0521518518524
244,21081600,8.3,-0.00999999999999979,-2.57099629629624,-9.50453518518498,-5.51303796296285
244.25,21103200,8.29,-0.0100000000000016,-2.5709962962967,-9.50453518518667,-5.51303796296383
244.5,21124800,8.29,0,0,0,0
244.75,21146400,8.31,0.0200000000000014,5.14199259259294,19.0090703703717,11.0260759259267
245,21168000,8.33,0.0199999999999996,5.14199259259248,19.00907037037,11.0260759259257
245.25,21189600,8.33,0,0,0,0
245.5,21211200,8.34,0.00999999999999979,2.57099629629624,9.50453518518498,5.51303796296285
245.75,21232800,8.36,0.0199999999999996,5.14199259259248,19.00907037037,11.0260759259257
246,21254400,8.36,0,0,0,0
246.25,21276000,8.37,0.00999999999999979,2.57099629629624,9.50453518518498,5.51303796296285
246.5,21297600,8.37,0,0,0,0
246.75,21319200,8.38,0.0100000000000016,2.5709962962967,9.50453518518667,5.51303796296383
247,21340800,8.39,0.00999999999999979,2.57099629629624,9.50453518518498,5.51303796296285
247.25,21362400,8.39,0,0,0,0
247.5,21384000,8.4,0.00999999999999979,2.57099629629624,9.50453518518498,5.51303796296285
247.75,21405600,8.38,-0.0199999999999996,-5.14199259259248,-19.00907037037,-11.0260759259257
248,21427200,8.42,0.0399999999999991,10.283985185185,38.0181407407399,22.0521518518514
248.25,21448800,8.42,0,0,0,0
248.5,21470400,8.42,0,0,0,0
248.75,21492000,8.41,-0.00999999999999979,-2.57099629629624,-9.50453518518498,-5.51303796296285
249,21513600,8.44,0.0299999999999994,7.71298888888873,28.5136055555549,16.5391138888885
249.25,21535200,8.44,0,0,0,0
249.5,21556800,8.44,0,0,0,0
249.75,21578400,8.44,0,0,0,0
250,21600000,8.44,0,0,0,0
250.25,21621600,8.45,0.00999999999999979,2.57099629629624,9.50453518518498,5.51303796296285
250.5,21643200,8.44,-0.00999999999999979,-2.57099629629624,-9.50453518518498,-5.51303796296285
250.75,21664800,8.44,0,0,0,0
251,21686400,8.44,0,0,0,0
251.25,21708000,8.44,0,0,0,0
251.5,21729600,8.45,0.00999999999999979,2.57099629629624,9.50453518518498,5.51303796296285
251.75,21751200,8.46,0.0100000000000016,2.5709962962967,9.50453518518667,5.51303796296383
252,21772800,8.46,0,0,0,0
252.25,21794400,8.43,-0.0300000000000011,-7.71298888888918,-28.5136055555566,-16.5391138888895
252.5,21816000,8.46,0.0300000000000011,7.71298888888918,28.5136055555566,16.5391138888895
252.75,21837600,8.46,0,0,0,0
253,21859200,8.47,0.00999999999999979,2.57099629629624,9.50453518518498,5.51303796296285
253.25,21880800,8.45,-0.0200000000000014,-5.14199259259294,-19.0090703703717,-11.0260759259267
253.5,21902400,8.47,0.0200000000000014,5.14199259259294,19.0090703703717,11.0260759259267
253.75,21924000,8.46,-0.00999999999999979,-2.57099629629624,-9.50453518518498,-5.51303796296285
254,21945600,8.46,0,0,0,0
254.25,21967200,8.51,0.0499999999999989,12.8549814814812,47.5226759259249,27.5651898148142
254.5,21988800,8.47,-0.0399999999999991,-10.283985185185,-38.0181407407399,-22.0521518518514
254.75,22010400,8.39,-0.0800000000000001,-20.5679703703704,-76.0362814814816,-44.1043037037037
255,22032000,8.43,0.0399999999999991,10.283985185185,38.0181407407399,22.0521518518514
255.25,22053600,8.43,0,0,0,0
255.5,22075200,8.44,0.00999999999999979,2.57099629629624,9.50453518518498,5.51303796296285
255.75,22096800,8.43,-0.00999999999999979,-2.57099629629624,-9.50453518518498,-5.51303796296285
256,22118400,8.44,0.00999999999999979,2.57099629629624,9.50453518518498,5.51303796296285
256.25,22140000,8.45,0.00999999999999979,2.57099629629624,9.50453518518498,5.51303796296285
256.5,22161600,8.45,0,0,0,0
256.75,22183200,8.46,0.0100000000000016,2.5709962962967,9.50453518518667,5.51303796296383
257,22204800,8.46,0,0,0,0
257.25,22226400,8.46,0,0,0,0
257.5,22248000,8.47,0.00999999999999979,2.57099629629624,9.50453518518498,5.51303796296285
257.75,22269600,8.48,0.00999999999999979,2.57099629629624,9.50453518518498,5.51303796296285
258,22291200,8.47,-0.00999999999999979,-2.57099629629624,-9.50453518518498,-5.51303796296285
258.25,22312800,8.47,0,0,0,0
258.5,22334400,8.46,-0.00999999999999979,-2.57099629629624,-9.50453518518498,-5.51303796296285
258.75,22356000,8.46,0,0,0,0
259,22377600,8.47,0.00999999999999979,2.57099629629624,9.50453518518498,5.51303796296285
259.25,22399200,8.48,0.00999999999999979,2.57099629629624,9.50453518518498,5.51303796296285
259.5,22420800,8.48,0,0,0,0
259.75,22442400,8.46,-0.0199999999999996,-5.14199259259248,-19.00907037037,-11.0260759259257
260,22464000,8.46,0,0,0,0
260.25,22485600,8.46,0,0,0,0
260.5,22507200,8.46,0,0,0,0
260.75,22528800,8.46,0,0,0,0
261,22550400,8.46,0,0,0,0
261.25,22572000,8.47,0.00999999999999979,2.57099629629624,9.50453518518498,5.51303796296285
261.5,22593600,8.49,0.0199999999999996,5.14199259259248,19.00907037037,11.0260759259257
261.75,22615200,8.47,-0.0199999999999996,-5.14199259259248,-19.00907037037,-11.0260759259257
262,22636800,8.49,0.0199999999999996,5.14199259259248,19.00907037037,11.0260759259257
262.25,22658400,8.49,0,0,0,0
262.5,22680000,8.47,-0.0199999999999996,-5.14199259259248,-19.00907037037,-11.0260759259257
262.75,22701600,8.47,0,0,0,0
263,22723200,8.47,0,0,0,0
263.25,22744800,8.46,-0.00999999999999979,-2.57099629629624,-9.50453518518498,-5.51303796296285
263.5,22766400,8.44,-0.0200000000000014,-5.14199259259294,-19.0090703703717,-11.0260759259267
263.75,22788000,8.44,0,0,0,0
264,22809600,8.44,0,0,0,0
264.25,22831200,8.44,0,0,0,0
264.5,22852800,8.44,0,0,0,0
264.75,22874400,8.45,0.00999999999999979,2.57099629629624,9.50453518518498,5.51303796296285
265,22896000,8.46,0.0100000000000016,2.5709962962967,9.50453518518667,5.51303796296383
265.25,22917600,8.46,0,0,0,0
265.5,22939200,8.47,0.00999999999999979,2.57099629629624,9.50453518518498,5.51303796296285
265.75,22960800,8.47,0,0,0,0
266,22982400,8.48,0.00999999999999979,2.57099629629624,9.50453518518498,5.51303796296285
266.25,23004000,8.47,-0.00999999999999979,-2.57099629629624,-9.50453518518498,-5.51303796296285
266.5,23025600,8.47,0,0,0,0
266.75,23047200,8.47,0,0,0,0
267,23068800,8.48,0.00999999999999979,2.57099629629624,9.50453518518498,5.51303796296285
267.25,23090400,8.48,0,0,0,0
267.5,23112000,8.48,0,0,0,0
267.75,23133600,NaN,NaN,NaN,NaN,NaN
268,23155200,NaN,NaN,NaN,NaN,NaN
268.25,23176800,NaN,NaN,NaN,NaN,NaN
268.5,23198400,NaN,NaN,NaN,NaN,NaN
268.75,23220000,NaN,NaN,NaN,NaN,NaN
269,23241600,NaN,NaN,NaN,NaN,NaN
269.25,23263200,NaN,NaN,NaN,NaN,NaN
269.5,23284800,NaN,NaN,NaN,NaN,NaN
269.75,23306400,NaN,NaN,NaN,NaN,NaN
270,23328000,NaN,NaN,NaN,NaN,NaN
270.25,23349600,NaN,NaN,NaN,NaN,NaN
270.5,23371200,NaN,NaN,NaN,NaN,NaN
270.75,23392800,NaN,NaN,NaN,NaN,NaN
271,23414400,NaN,NaN,NaN,NaN,NaN
271.25,23436000,NaN,NaN,NaN,NaN,NaN
271.5,23457600,NaN,NaN,NaN,NaN,NaN
271.75,23479200,NaN,NaN,NaN,NaN,NaN
272,23500800,NaN,NaN,NaN,NaN,NaN
272.25,23522400,NaN,NaN,NaN,NaN,NaN
272.5,23544000,NaN,NaN,NaN,NaN,NaN
272.75,23565600,NaN,NaN,NaN,NaN,NaN
273,23587200,NaN,NaN,NaN,NaN,NaN
273.25,23608800,NaN,NaN,NaN,NaN,NaN
273.5,23630400,NaN,NaN,NaN,NaN,NaN
273.75,23652000,NaN,NaN,NaN,NaN,NaN
274,23673600,NaN,NaN,NaN,NaN,NaN
274.25,23695200,NaN,NaN,NaN,NaN,NaN
274.5,23716800,NaN,NaN,NaN,NaN,NaN
274.75,23738400,NaN,NaN,NaN,NaN,NaN
275,23760000,NaN,NaN,NaN,NaN,NaN
275.25,23781600,NaN,NaN,NaN,NaN,NaN
275.5,23803200,NaN,NaN,NaN,NaN,NaN
275.75,23824800,NaN,NaN,NaN,NaN,NaN
276,23846400,NaN,NaN,NaN,NaN,NaN
276.25,23868000,NaN,NaN,NaN,NaN,NaN
276.5,23889600,NaN,NaN,NaN,NaN,NaN
276.75,23911200,NaN,NaN,NaN,NaN,NaN
277,23932800,NaN,NaN,NaN,NaN,NaN
277.25,23954400,NaN,NaN,NaN,NaN,NaN
277.5,23976000,NaN,NaN,NaN,NaN,NaN
277.75,23997600,NaN,NaN,NaN,NaN,NaN
278,24019200,NaN,NaN,NaN,NaN,NaN
278.25,24040800,NaN,NaN,NaN,NaN,NaN
278.5,24062400,NaN,NaN,NaN,NaN,NaN
278.75,24084000,NaN,NaN,NaN,NaN,NaN
279,24105600,NaN,NaN,NaN,NaN,NaN
279.25,24127200,NaN,NaN,NaN,NaN,NaN
279.5,24148800,NaN,NaN,NaN,NaN,NaN
279.75,24170400,NaN,NaN,NaN,NaN,NaN
280,24192000,NaN,NaN,NaN,NaN,NaN
280.25,24213600,NaN,NaN,NaN,NaN,NaN
280.5,24235200,NaN,NaN,NaN,NaN,NaN
280.75,24256800,NaN,NaN,NaN,NaN,NaN
281,24278400,NaN,NaN,NaN,NaN,NaN
281.25,24300000,NaN,NaN,NaN,NaN,NaN
281.5,24321600,NaN,NaN,NaN,NaN,NaN
281.75,24343200,NaN,NaN,NaN,NaN,NaN
282,24364800,NaN,NaN,NaN,NaN,NaN
282.25,24386400,NaN,NaN,NaN,NaN,NaN
282.5,24408000,NaN,NaN,NaN,NaN,NaN
282.75,24429600,NaN,NaN,NaN,NaN,NaN
283,24451200,NaN,NaN,NaN,NaN,NaN
283.25,24472800,NaN,NaN,NaN,NaN,NaN
283.5,24494400,NaN,NaN,NaN,NaN,NaN
283.75,24516000,NaN,NaN,NaN,NaN,NaN
284,24537600,NaN,NaN,NaN,NaN,NaN
284.25,24559200,NaN,NaN,NaN,NaN,NaN
284.5,24580800,NaN,NaN,NaN,NaN,NaN
284.75,24602400,NaN,NaN,NaN,NaN,NaN
285,24624000,NaN,NaN,NaN,NaN,NaN
285.25,24645600,NaN,NaN,NaN,NaN,NaN
285.5,24667200,NaN,NaN,NaN,NaN,NaN
285.75,24688800,NaN,NaN,NaN,NaN,NaN
286,24710400,NaN,NaN,NaN,NaN,NaN
286.25,24732000,NaN,NaN,NaN,NaN,NaN
286.5,24753600,NaN,NaN,NaN,NaN,NaN
286.75,24775200,NaN,NaN,NaN,NaN,NaN
287,24796800,NaN,NaN,NaN,NaN,NaN
287.25,24818400,NaN,NaN,NaN,NaN,NaN
287.5,24840000,NaN,NaN,NaN,NaN,NaN
287.75,24861600,NaN,NaN,NaN,NaN,NaN
288,24883200,NaN,NaN,NaN,NaN,NaN
288.25,24904800,NaN,NaN,NaN,NaN,NaN
288.5,24926400,NaN,NaN,NaN,NaN,NaN
288.75,24948000,NaN,NaN,NaN,NaN,NaN
289,24969600,NaN,NaN,NaN,NaN,NaN
289.25,24991200,NaN,NaN,NaN,NaN,NaN
289.5,25012800,NaN,NaN,NaN,NaN,NaN
289.75,25034400,NaN,NaN,NaN,NaN,NaN
290,25056000,NaN,NaN,NaN,NaN,NaN
290.25,25077600,NaN,NaN,NaN,NaN,NaN
290.5,25099200,NaN,NaN,NaN,NaN,NaN
290.75,25120800,NaN,NaN,NaN,NaN,NaN
291,25142400,NaN,NaN,NaN,NaN,NaN
291.25,25164000,NaN,NaN,NaN,NaN,NaN
291.5,25185600,NaN,NaN,NaN,NaN,NaN
291.75,25207200,NaN,NaN,NaN,NaN,NaN
292,25228800,NaN,NaN,NaN,NaN,NaN
292.25,25250400,NaN,NaN,NaN,NaN,NaN
292.5,25272000,NaN,NaN,NaN,NaN,NaN
292.75,25293600,NaN,NaN,NaN,NaN,NaN
293,25315200,NaN,NaN,NaN,NaN,NaN
293.25,25336800,NaN,NaN,NaN,NaN,NaN
293.5,25358400,NaN,NaN,NaN,NaN,NaN
293.75,25380000,NaN,NaN,NaN,NaN,NaN
294,25401600,NaN,NaN,NaN,NaN,NaN
294.25,25423200,NaN,NaN,NaN,NaN,NaN
294.5,25444800,NaN,NaN,NaN,NaN,NaN
294.75,25466400,NaN,NaN,NaN,NaN,NaN
295,25488000,NaN,NaN,NaN,NaN,NaN
295.25,25509600,NaN,NaN,NaN,NaN,NaN
295.5,25531200,NaN,NaN,NaN,NaN,NaN
295.75,25552800,NaN,NaN,NaN,NaN,NaN
296,25574400,NaN,NaN,NaN,NaN,NaN
296.25,25596000,NaN,NaN,NaN,NaN,NaN
296.5,25617600,NaN,NaN,NaN,NaN,NaN
296.75,25639200,NaN,NaN,NaN,NaN,NaN
297,25660800,NaN,NaN,NaN,NaN,NaN
297.25,25682400,NaN,NaN,NaN,NaN,NaN
297.5,25704000,NaN,NaN,NaN,NaN,NaN
297.75,25725600,NaN,NaN,NaN,NaN,NaN
298,25747200,NaN,NaN,NaN,NaN,NaN
298.25,25768800,NaN,NaN,NaN,NaN,NaN
298.5,25790400,NaN,NaN,NaN,NaN,NaN
298.75,25812000,NaN,NaN,NaN,NaN,NaN
299,25833600,NaN,NaN,NaN,NaN,NaN
299.25,25855200,NaN,NaN,NaN,NaN,NaN
299.5,25876800,NaN,NaN,NaN,NaN,NaN
299.75,25898400,NaN,NaN,NaN,NaN,NaN
300,25920000,NaN,NaN,NaN,NaN,NaN
